image,source_model,target_model,transform,prediction_changed,target_original_confidence,target_cloaked_original_class_confidence,target_confidence_drop
img_0000.jpeg,resnet50,mobilenetv3,none,False,0.27185437083244324,0.20963530242443085,0.06221906840801239
img_0000.jpeg,resnet50,mobilenetv3,jpeg_q90,False,0.27185437083244324,0.23968040943145752,0.03217396140098572
img_0000.jpeg,resnet50,mobilenetv3,jpeg_q70,False,0.27185437083244324,0.2904697060585022,-0.01861533522605896
img_0000.jpeg,resnet50,mobilenetv3,resize_75pct,True,0.27185437083244324,0.0923994705080986,0.17945490032434464
img_0000.jpeg,resnet50,vit,none,False,0.7213671207427979,0.6613239049911499,0.06004321575164795
img_0000.jpeg,resnet50,vit,jpeg_q90,False,0.7213671207427979,0.7199376821517944,0.001429438591003418
img_0000.jpeg,resnet50,vit,jpeg_q70,False,0.7213671207427979,0.7053946256637573,0.015972495079040527
img_0000.jpeg,resnet50,vit,resize_75pct,False,0.7213671207427979,0.7121270298957825,0.00924009084701538
img_0000.jpeg,mobilenetv3,resnet50,none,False,0.14567895233631134,0.11791101098060608,0.02776794135570526
img_0000.jpeg,mobilenetv3,resnet50,jpeg_q90,False,0.14567895233631134,0.14158622920513153,0.00409272313117981
img_0000.jpeg,mobilenetv3,resnet50,jpeg_q70,False,0.14567895233631134,0.1481269896030426,-0.002448037266731262
img_0000.jpeg,mobilenetv3,resnet50,resize_75pct,False,0.14567895233631134,0.11411682516336441,0.03156212717294693
img_0000.jpeg,mobilenetv3,vit,none,False,0.7213671207427979,0.692162811756134,0.02920430898666382
img_0000.jpeg,mobilenetv3,vit,jpeg_q90,False,0.7213671207427979,0.7546093463897705,-0.033242225646972656
img_0000.jpeg,mobilenetv3,vit,jpeg_q70,False,0.7213671207427979,0.6945250630378723,0.026842057704925537
img_0000.jpeg,mobilenetv3,vit,resize_75pct,False,0.7213671207427979,0.739176332950592,-0.01780921220779419
img_0000.jpeg,vit,resnet50,none,False,0.14567895233631134,0.14281412959098816,0.002864822745323181
img_0000.jpeg,vit,resnet50,jpeg_q90,False,0.14567895233631134,0.1616385281085968,-0.01595957577228546
img_0000.jpeg,vit,resnet50,jpeg_q70,False,0.14567895233631134,0.1727445423603058,-0.027065590023994446
img_0000.jpeg,vit,resnet50,resize_75pct,True,0.14567895233631134,0.10151718556880951,0.04416176676750183
img_0000.jpeg,vit,mobilenetv3,none,True,0.27185437083244324,0.17131121456623077,0.10054315626621246
img_0000.jpeg,vit,mobilenetv3,jpeg_q90,False,0.27185437083244324,0.21280069649219513,0.05905367434024811
img_0000.jpeg,vit,mobilenetv3,jpeg_q70,False,0.27185437083244324,0.24483118951320648,0.027023181319236755
img_0000.jpeg,vit,mobilenetv3,resize_75pct,True,0.27185437083244324,0.0888184979557991,0.18303587287664413
img_0001.jpeg,resnet50,mobilenetv3,none,False,0.22546091675758362,0.1607239842414856,0.06473693251609802
img_0001.jpeg,resnet50,mobilenetv3,jpeg_q90,False,0.22546091675758362,0.21584342420101166,0.00961749255657196
img_0001.jpeg,resnet50,mobilenetv3,jpeg_q70,False,0.22546091675758362,0.2196892499923706,0.005771666765213013
img_0001.jpeg,resnet50,mobilenetv3,resize_75pct,False,0.22546091675758362,0.12395244836807251,0.10150846838951111
img_0001.jpeg,resnet50,vit,none,False,0.4235841929912567,0.2813854217529297,0.14219877123832703
img_0001.jpeg,resnet50,vit,jpeg_q90,False,0.4235841929912567,0.30303889513015747,0.12054529786109924
img_0001.jpeg,resnet50,vit,jpeg_q70,False,0.4235841929912567,0.34976035356521606,0.07382383942604065
img_0001.jpeg,resnet50,vit,resize_75pct,False,0.4235841929912567,0.2315356284379959,0.1920485645532608
img_0001.jpeg,mobilenetv3,resnet50,none,True,0.24780040979385376,0.10322904586791992,0.14457136392593384
img_0001.jpeg,mobilenetv3,resnet50,jpeg_q90,True,0.24780040979385376,0.12858805060386658,0.11921235918998718
img_0001.jpeg,mobilenetv3,resnet50,jpeg_q70,False,0.24780040979385376,0.18137431144714355,0.0664260983467102
img_0001.jpeg,mobilenetv3,resnet50,resize_75pct,False,0.24780040979385376,0.1379336416721344,0.10986676812171936
img_0001.jpeg,mobilenetv3,vit,none,False,0.4235841929912567,0.2866717278957367,0.13691246509552002
img_0001.jpeg,mobilenetv3,vit,jpeg_q90,False,0.4235841929912567,0.2974598705768585,0.1261243224143982
img_0001.jpeg,mobilenetv3,vit,jpeg_q70,False,0.4235841929912567,0.30298277735710144,0.12060141563415527
img_0001.jpeg,mobilenetv3,vit,resize_75pct,True,0.4235841929912567,0.1554633378982544,0.2681208550930023
img_0001.jpeg,vit,resnet50,none,False,0.24780040979385376,0.16111761331558228,0.08668279647827148
img_0001.jpeg,vit,resnet50,jpeg_q90,False,0.24780040979385376,0.19179968535900116,0.0560007244348526
img_0001.jpeg,vit,resnet50,jpeg_q70,False,0.24780040979385376,0.2313171923160553,0.016483217477798462
img_0001.jpeg,vit,resnet50,resize_75pct,False,0.24780040979385376,0.23648755252361298,0.011312857270240784
img_0001.jpeg,vit,mobilenetv3,none,False,0.22546091675758362,0.22066007554531097,0.004800841212272644
img_0001.jpeg,vit,mobilenetv3,jpeg_q90,False,0.22546091675758362,0.2355639636516571,-0.010103046894073486
img_0001.jpeg,vit,mobilenetv3,jpeg_q70,False,0.22546091675758362,0.22348465025424957,0.0019762665033340454
img_0001.jpeg,vit,mobilenetv3,resize_75pct,False,0.22546091675758362,0.13650478422641754,0.08895613253116608
img_0002.jpeg,resnet50,mobilenetv3,none,False,0.7345413565635681,0.7523926496505737,-0.017851293087005615
img_0002.jpeg,resnet50,mobilenetv3,jpeg_q90,False,0.7345413565635681,0.7432789206504822,-0.008737564086914062
img_0002.jpeg,resnet50,mobilenetv3,jpeg_q70,False,0.7345413565635681,0.6953819990158081,0.03915935754776001
img_0002.jpeg,resnet50,mobilenetv3,resize_75pct,False,0.7345413565635681,0.7341005206108093,0.00044083595275878906
img_0002.jpeg,resnet50,vit,none,False,0.8932769894599915,0.8652113080024719,0.02806568145751953
img_0002.jpeg,resnet50,vit,jpeg_q90,False,0.8932769894599915,0.8929664492607117,0.00031054019927978516
img_0002.jpeg,resnet50,vit,jpeg_q70,False,0.8932769894599915,0.8922820687294006,0.0009949207305908203
img_0002.jpeg,resnet50,vit,resize_75pct,False,0.8932769894599915,0.8884454965591431,0.004831492900848389
img_0002.jpeg,mobilenetv3,resnet50,none,False,0.4373414218425751,0.43063974380493164,0.006701678037643433
img_0002.jpeg,mobilenetv3,resnet50,jpeg_q90,False,0.4373414218425751,0.4586019814014435,-0.021260559558868408
img_0002.jpeg,mobilenetv3,resnet50,jpeg_q70,False,0.4373414218425751,0.384972482919693,0.05236893892288208
img_0002.jpeg,mobilenetv3,resnet50,resize_75pct,False,0.4373414218425751,0.4912864565849304,-0.05394503474235535
img_0002.jpeg,mobilenetv3,vit,none,False,0.8932769894599915,0.8808784484863281,0.01239854097366333
img_0002.jpeg,mobilenetv3,vit,jpeg_q90,False,0.8932769894599915,0.8960707783699036,-0.0027937889099121094
img_0002.jpeg,mobilenetv3,vit,jpeg_q70,False,0.8932769894599915,0.8958741426467896,-0.0025971531867980957
img_0002.jpeg,mobilenetv3,vit,resize_75pct,False,0.8932769894599915,0.8942614793777466,-0.000984489917755127
img_0002.jpeg,vit,resnet50,none,False,0.4373414218425751,0.4933450222015381,-0.05600360035896301
img_0002.jpeg,vit,resnet50,jpeg_q90,False,0.4373414218425751,0.5166654586791992,-0.07932403683662415
img_0002.jpeg,vit,resnet50,jpeg_q70,False,0.4373414218425751,0.4566150903701782,-0.01927366852760315
img_0002.jpeg,vit,resnet50,resize_75pct,False,0.4373414218425751,0.5798308253288269,-0.14248940348625183
img_0002.jpeg,vit,mobilenetv3,none,False,0.7345413565635681,0.7065135836601257,0.028027772903442383
img_0002.jpeg,vit,mobilenetv3,jpeg_q90,False,0.7345413565635681,0.7104561924934387,0.024085164070129395
img_0002.jpeg,vit,mobilenetv3,jpeg_q70,False,0.7345413565635681,0.691721498966217,0.042819857597351074
img_0002.jpeg,vit,mobilenetv3,resize_75pct,False,0.7345413565635681,0.7101420760154724,0.024399280548095703
img_0003.jpeg,resnet50,mobilenetv3,none,False,0.42584559321403503,0.39975249767303467,0.026093095541000366
img_0003.jpeg,resnet50,mobilenetv3,jpeg_q90,False,0.42584559321403503,0.38941511511802673,0.0364304780960083
img_0003.jpeg,resnet50,mobilenetv3,jpeg_q70,False,0.42584559321403503,0.47226569056510925,-0.04642009735107422
img_0003.jpeg,resnet50,mobilenetv3,resize_75pct,False,0.42584559321403503,0.43852949142456055,-0.012683898210525513
img_0003.jpeg,resnet50,vit,none,False,0.8617902994155884,0.835199773311615,0.02659052610397339
img_0003.jpeg,resnet50,vit,jpeg_q90,False,0.8617902994155884,0.8578182458877563,0.003972053527832031
img_0003.jpeg,resnet50,vit,jpeg_q70,False,0.8617902994155884,0.8360840678215027,0.025706231594085693
img_0003.jpeg,resnet50,vit,resize_75pct,False,0.8617902994155884,0.8477038145065308,0.014086484909057617
img_0003.jpeg,mobilenetv3,resnet50,none,False,0.3127364218235016,0.3394402265548706,-0.02670380473136902
img_0003.jpeg,mobilenetv3,resnet50,jpeg_q90,False,0.3127364218235016,0.37004703283309937,-0.05731061100959778
img_0003.jpeg,mobilenetv3,resnet50,jpeg_q70,False,0.3127364218235016,0.30889615416526794,0.0038402676582336426
img_0003.jpeg,mobilenetv3,resnet50,resize_75pct,False,0.3127364218235016,0.3074552118778229,0.005281209945678711
img_0003.jpeg,mobilenetv3,vit,none,False,0.8617902994155884,0.8450727462768555,0.01671755313873291
img_0003.jpeg,mobilenetv3,vit,jpeg_q90,False,0.8617902994155884,0.8410420417785645,0.020748257637023926
img_0003.jpeg,mobilenetv3,vit,jpeg_q70,False,0.8617902994155884,0.8348352909088135,0.026955008506774902
img_0003.jpeg,mobilenetv3,vit,resize_75pct,False,0.8617902994155884,0.851832926273346,0.009957373142242432
img_0003.jpeg,vit,resnet50,none,False,0.3127364218235016,0.35400691628456116,-0.04127049446105957
img_0003.jpeg,vit,resnet50,jpeg_q90,False,0.3127364218235016,0.333274781703949,-0.020538359880447388
img_0003.jpeg,vit,resnet50,jpeg_q70,False,0.3127364218235016,0.3379223942756653,-0.025185972452163696
img_0003.jpeg,vit,resnet50,resize_75pct,False,0.3127364218235016,0.3078271448612213,0.0049092769622802734
img_0003.jpeg,vit,mobilenetv3,none,False,0.42584559321403503,0.3551042377948761,0.07074135541915894
img_0003.jpeg,vit,mobilenetv3,jpeg_q90,False,0.42584559321403503,0.32425808906555176,0.10158750414848328
img_0003.jpeg,vit,mobilenetv3,jpeg_q70,False,0.42584559321403503,0.4358704686164856,-0.010024875402450562
img_0003.jpeg,vit,mobilenetv3,resize_75pct,False,0.42584559321403503,0.4326336085796356,-0.006788015365600586
img_0004.jpeg,resnet50,mobilenetv3,none,False,0.2784748375415802,0.28720057010650635,-0.008725732564926147
img_0004.jpeg,resnet50,mobilenetv3,jpeg_q90,False,0.2784748375415802,0.25009700655937195,0.028377830982208252
img_0004.jpeg,resnet50,mobilenetv3,jpeg_q70,False,0.2784748375415802,0.2678931653499603,0.010581672191619873
img_0004.jpeg,resnet50,mobilenetv3,resize_75pct,False,0.2784748375415802,0.29020702838897705,-0.01173219084739685
img_0004.jpeg,resnet50,vit,none,False,0.27468007802963257,0.2584242820739746,0.01625579595565796
img_0004.jpeg,resnet50,vit,jpeg_q90,False,0.27468007802963257,0.3088230788707733,-0.03414300084114075
img_0004.jpeg,resnet50,vit,jpeg_q70,False,0.27468007802963257,0.2778226435184479,-0.0031425654888153076
img_0004.jpeg,resnet50,vit,resize_75pct,True,0.27468007802963257,0.16356687247753143,0.11111320555210114
img_0004.jpeg,mobilenetv3,resnet50,none,False,0.467404842376709,0.3932206630706787,0.07418417930603027
img_0004.jpeg,mobilenetv3,resnet50,jpeg_q90,False,0.467404842376709,0.404135525226593,0.06326931715011597
img_0004.jpeg,mobilenetv3,resnet50,jpeg_q70,False,0.467404842376709,0.4269773066043854,0.04042753577232361
img_0004.jpeg,mobilenetv3,resnet50,resize_75pct,False,0.467404842376709,0.2944094240665436,0.1729954183101654
img_0004.jpeg,mobilenetv3,vit,none,False,0.27468007802963257,0.2695430815219879,0.005136996507644653
img_0004.jpeg,mobilenetv3,vit,jpeg_q90,False,0.27468007802963257,0.295615553855896,-0.020935475826263428
img_0004.jpeg,mobilenetv3,vit,jpeg_q70,False,0.27468007802963257,0.25575003027915955,0.018930047750473022
img_0004.jpeg,mobilenetv3,vit,resize_75pct,True,0.27468007802963257,0.16630350053310394,0.10837657749652863
img_0004.jpeg,vit,resnet50,none,False,0.467404842376709,0.40767553448677063,0.059729307889938354
img_0004.jpeg,vit,resnet50,jpeg_q90,False,0.467404842376709,0.43402060866355896,0.033384233713150024
img_0004.jpeg,vit,resnet50,jpeg_q70,False,0.467404842376709,0.4002721309661865,0.06713271141052246
img_0004.jpeg,vit,resnet50,resize_75pct,False,0.467404842376709,0.277630090713501,0.189774751663208
img_0004.jpeg,vit,mobilenetv3,none,False,0.2784748375415802,0.24278277158737183,0.035692065954208374
img_0004.jpeg,vit,mobilenetv3,jpeg_q90,False,0.2784748375415802,0.22438275814056396,0.054092079401016235
img_0004.jpeg,vit,mobilenetv3,jpeg_q70,False,0.2784748375415802,0.2512334883213043,0.02724134922027588
img_0004.jpeg,vit,mobilenetv3,resize_75pct,False,0.2784748375415802,0.2474101036787033,0.031064733862876892
img_0005.jpeg,resnet50,mobilenetv3,none,False,0.23404084146022797,0.286197692155838,-0.052156850695610046
img_0005.jpeg,resnet50,mobilenetv3,jpeg_q90,True,0.23404084146022797,0.17882640659809113,0.05521443486213684
img_0005.jpeg,resnet50,mobilenetv3,jpeg_q70,True,0.23404084146022797,0.22855375707149506,0.00548708438873291
img_0005.jpeg,resnet50,mobilenetv3,resize_75pct,False,0.23404084146022797,0.23814043402671814,-0.004099592566490173
img_0005.jpeg,resnet50,vit,none,False,0.5768123269081116,0.6337385177612305,-0.056926190853118896
img_0005.jpeg,resnet50,vit,jpeg_q90,False,0.5768123269081116,0.5300288796424866,0.046783447265625
img_0005.jpeg,resnet50,vit,jpeg_q70,False,0.5768123269081116,0.4613506495952606,0.11546167731285095
img_0005.jpeg,resnet50,vit,resize_75pct,False,0.5768123269081116,0.3628694415092468,0.21394288539886475
img_0005.jpeg,mobilenetv3,resnet50,none,False,0.2710399031639099,0.37072378396987915,-0.09968388080596924
img_0005.jpeg,mobilenetv3,resnet50,jpeg_q90,False,0.2710399031639099,0.24556156992912292,0.025478333234786987
img_0005.jpeg,mobilenetv3,resnet50,jpeg_q70,False,0.2710399031639099,0.26228782534599304,0.00875207781791687
img_0005.jpeg,mobilenetv3,resnet50,resize_75pct,False,0.2710399031639099,0.33153146505355835,-0.06049156188964844
img_0005.jpeg,mobilenetv3,vit,none,False,0.5768123269081116,0.6731138229370117,-0.09630149602890015
img_0005.jpeg,mobilenetv3,vit,jpeg_q90,False,0.5768123269081116,0.5886697173118591,-0.011857390403747559
img_0005.jpeg,mobilenetv3,vit,jpeg_q70,False,0.5768123269081116,0.4777289032936096,0.09908342361450195
img_0005.jpeg,mobilenetv3,vit,resize_75pct,False,0.5768123269081116,0.45174118876457214,0.12507113814353943
img_0005.jpeg,vit,resnet50,none,False,0.2710399031639099,0.28810229897499084,-0.017062395811080933
img_0005.jpeg,vit,resnet50,jpeg_q90,False,0.2710399031639099,0.24831523001194,0.02272467315196991
img_0005.jpeg,vit,resnet50,jpeg_q70,False,0.2710399031639099,0.25713855028152466,0.013901352882385254
img_0005.jpeg,vit,resnet50,resize_75pct,False,0.2710399031639099,0.3411739468574524,-0.07013404369354248
img_0005.jpeg,vit,mobilenetv3,none,True,0.23404084146022797,0.19053278863430023,0.043508052825927734
img_0005.jpeg,vit,mobilenetv3,jpeg_q90,True,0.23404084146022797,0.1458512544631958,0.08818958699703217
img_0005.jpeg,vit,mobilenetv3,jpeg_q70,True,0.23404084146022797,0.1957944631576538,0.03824637830257416
img_0005.jpeg,vit,mobilenetv3,resize_75pct,True,0.23404084146022797,0.18029138445854187,0.053749457001686096
img_0006.jpeg,resnet50,mobilenetv3,none,True,0.38460424542427063,0.15883447229862213,0.2257697731256485
img_0006.jpeg,resnet50,mobilenetv3,jpeg_q90,False,0.38460424542427063,0.29393821954727173,0.0906660258769989
img_0006.jpeg,resnet50,mobilenetv3,jpeg_q70,False,0.38460424542427063,0.3000483512878418,0.08455589413642883
img_0006.jpeg,resnet50,mobilenetv3,resize_75pct,True,0.38460424542427063,0.10591987520456314,0.2786843702197075
img_0006.jpeg,resnet50,vit,none,False,0.666441023349762,0.6333040595054626,0.033136963844299316
img_0006.jpeg,resnet50,vit,jpeg_q90,False,0.666441023349762,0.7125250697135925,-0.046084046363830566
img_0006.jpeg,resnet50,vit,jpeg_q70,False,0.666441023349762,0.7382907867431641,-0.0718497633934021
img_0006.jpeg,resnet50,vit,resize_75pct,False,0.666441023349762,0.8664389252662659,-0.1999979019165039
img_0006.jpeg,mobilenetv3,resnet50,none,False,0.43073588609695435,0.5643932819366455,-0.13365739583969116
img_0006.jpeg,mobilenetv3,resnet50,jpeg_q90,False,0.43073588609695435,0.4189819097518921,0.011753976345062256
img_0006.jpeg,mobilenetv3,resnet50,jpeg_q70,False,0.43073588609695435,0.5021021962165833,-0.0713663101196289
img_0006.jpeg,mobilenetv3,resnet50,resize_75pct,False,0.43073588609695435,0.49167200922966003,-0.06093612313270569
img_0006.jpeg,mobilenetv3,vit,none,False,0.666441023349762,0.682040274143219,-0.015599250793457031
img_0006.jpeg,mobilenetv3,vit,jpeg_q90,False,0.666441023349762,0.7304214239120483,-0.06398040056228638
img_0006.jpeg,mobilenetv3,vit,jpeg_q70,False,0.666441023349762,0.7136791944503784,-0.047238171100616455
img_0006.jpeg,mobilenetv3,vit,resize_75pct,False,0.666441023349762,0.8837078213691711,-0.21726679801940918
img_0006.jpeg,vit,resnet50,none,False,0.43073588609695435,0.5465089678764343,-0.11577308177947998
img_0006.jpeg,vit,resnet50,jpeg_q90,False,0.43073588609695435,0.3652309477329254,0.06550493836402893
img_0006.jpeg,vit,resnet50,jpeg_q70,False,0.43073588609695435,0.45029231905937195,-0.019556432962417603
img_0006.jpeg,vit,resnet50,resize_75pct,False,0.43073588609695435,0.5511242151260376,-0.12038832902908325
img_0006.jpeg,vit,mobilenetv3,none,True,0.38460424542427063,0.09466032683849335,0.2899439185857773
img_0006.jpeg,vit,mobilenetv3,jpeg_q90,True,0.38460424542427063,0.1377752423286438,0.24682900309562683
img_0006.jpeg,vit,mobilenetv3,jpeg_q70,False,0.38460424542427063,0.21477864682674408,0.16982559859752655
img_0006.jpeg,vit,mobilenetv3,resize_75pct,True,0.38460424542427063,0.0875026136636734,0.29710163176059723
img_0007.jpeg,resnet50,mobilenetv3,none,False,0.1475001573562622,0.2343202531337738,-0.0868200957775116
img_0007.jpeg,resnet50,mobilenetv3,jpeg_q90,False,0.1475001573562622,0.24421043694019318,-0.09671027958393097
img_0007.jpeg,resnet50,mobilenetv3,jpeg_q70,False,0.1475001573562622,0.19150029122829437,-0.044000133872032166
img_0007.jpeg,resnet50,mobilenetv3,resize_75pct,False,0.1475001573562622,0.27503886818885803,-0.12753871083259583
img_0007.jpeg,resnet50,vit,none,False,0.7166397571563721,0.6853116750717163,0.03132808208465576
img_0007.jpeg,resnet50,vit,jpeg_q90,False,0.7166397571563721,0.716682493686676,-4.273653030395508e-05
img_0007.jpeg,resnet50,vit,jpeg_q70,False,0.7166397571563721,0.7253698706626892,-0.008730113506317139
img_0007.jpeg,resnet50,vit,resize_75pct,False,0.7166397571563721,0.7019026875495911,0.014737069606781006
img_0007.jpeg,mobilenetv3,resnet50,none,False,0.45530715584754944,0.4337596893310547,0.02154746651649475
img_0007.jpeg,mobilenetv3,resnet50,jpeg_q90,False,0.45530715584754944,0.5076602101325989,-0.05235305428504944
img_0007.jpeg,mobilenetv3,resnet50,jpeg_q70,False,0.45530715584754944,0.540500819683075,-0.08519366383552551
img_0007.jpeg,mobilenetv3,resnet50,resize_75pct,False,0.45530715584754944,0.43216055631637573,0.023146599531173706
img_0007.jpeg,mobilenetv3,vit,none,False,0.7166397571563721,0.6689306497573853,0.047709107398986816
img_0007.jpeg,mobilenetv3,vit,jpeg_q90,False,0.7166397571563721,0.6904324889183044,0.026207268238067627
img_0007.jpeg,mobilenetv3,vit,jpeg_q70,False,0.7166397571563721,0.7156183123588562,0.0010214447975158691
img_0007.jpeg,mobilenetv3,vit,resize_75pct,False,0.7166397571563721,0.700202465057373,0.016437292098999023
img_0007.jpeg,vit,resnet50,none,False,0.45530715584754944,0.4554213881492615,-0.00011423230171203613
img_0007.jpeg,vit,resnet50,jpeg_q90,False,0.45530715584754944,0.44835272431373596,0.0069544315338134766
img_0007.jpeg,vit,resnet50,jpeg_q70,False,0.45530715584754944,0.4629344344139099,-0.007627278566360474
img_0007.jpeg,vit,resnet50,resize_75pct,False,0.45530715584754944,0.44123411178588867,0.014073044061660767
img_0007.jpeg,vit,mobilenetv3,none,False,0.1475001573562622,0.20851966738700867,-0.06101951003074646
img_0007.jpeg,vit,mobilenetv3,jpeg_q90,False,0.1475001573562622,0.24591703712940216,-0.09841687977313995
img_0007.jpeg,vit,mobilenetv3,jpeg_q70,False,0.1475001573562622,0.1760360449552536,-0.028535887598991394
img_0007.jpeg,vit,mobilenetv3,resize_75pct,False,0.1475001573562622,0.31024369597435,-0.16274353861808777
img_0008.jpeg,resnet50,mobilenetv3,none,False,0.36780688166618347,0.31647706031799316,0.05132982134819031
img_0008.jpeg,resnet50,mobilenetv3,jpeg_q90,False,0.36780688166618347,0.28961268067359924,0.07819420099258423
img_0008.jpeg,resnet50,mobilenetv3,jpeg_q70,False,0.36780688166618347,0.3363051414489746,0.03150174021720886
img_0008.jpeg,resnet50,mobilenetv3,resize_75pct,True,0.36780688166618347,0.17661195993423462,0.19119492173194885
img_0008.jpeg,resnet50,vit,none,False,0.8918245434761047,0.8795821070671082,0.012242436408996582
img_0008.jpeg,resnet50,vit,jpeg_q90,False,0.8918245434761047,0.8876162171363831,0.00420832633972168
img_0008.jpeg,resnet50,vit,jpeg_q70,False,0.8918245434761047,0.8856624960899353,0.006162047386169434
img_0008.jpeg,resnet50,vit,resize_75pct,False,0.8918245434761047,0.8592526912689209,0.03257185220718384
img_0008.jpeg,mobilenetv3,resnet50,none,False,0.6156153678894043,0.6279284358024597,-0.01231306791305542
img_0008.jpeg,mobilenetv3,resnet50,jpeg_q90,False,0.6156153678894043,0.6489627957344055,-0.03334742784500122
img_0008.jpeg,mobilenetv3,resnet50,jpeg_q70,False,0.6156153678894043,0.6180028915405273,-0.002387523651123047
img_0008.jpeg,mobilenetv3,resnet50,resize_75pct,False,0.6156153678894043,0.6718506813049316,-0.056235313415527344
img_0008.jpeg,mobilenetv3,vit,none,False,0.8918245434761047,0.8770360946655273,0.014788448810577393
img_0008.jpeg,mobilenetv3,vit,jpeg_q90,False,0.8918245434761047,0.8905369639396667,0.0012875795364379883
img_0008.jpeg,mobilenetv3,vit,jpeg_q70,False,0.8918245434761047,0.8888953924179077,0.0029291510581970215
img_0008.jpeg,mobilenetv3,vit,resize_75pct,False,0.8918245434761047,0.8654792308807373,0.02634531259536743
img_0008.jpeg,vit,resnet50,none,False,0.6156153678894043,0.6381918787956238,-0.022576510906219482
img_0008.jpeg,vit,resnet50,jpeg_q90,False,0.6156153678894043,0.630715012550354,-0.015099644660949707
img_0008.jpeg,vit,resnet50,jpeg_q70,False,0.6156153678894043,0.606412410736084,0.009202957153320312
img_0008.jpeg,vit,resnet50,resize_75pct,False,0.6156153678894043,0.6183741092681885,-0.0027587413787841797
img_0008.jpeg,vit,mobilenetv3,none,False,0.36780688166618347,0.3546338975429535,0.01317298412322998
img_0008.jpeg,vit,mobilenetv3,jpeg_q90,False,0.36780688166618347,0.302918940782547,0.06488794088363647
img_0008.jpeg,vit,mobilenetv3,jpeg_q70,False,0.36780688166618347,0.36289554834365845,0.004911333322525024
img_0008.jpeg,vit,mobilenetv3,resize_75pct,True,0.36780688166618347,0.1985318660736084,0.16927501559257507
img_0009.jpeg,resnet50,mobilenetv3,none,True,0.22045673429965973,0.19345512986183167,0.027001604437828064
img_0009.jpeg,resnet50,mobilenetv3,jpeg_q90,False,0.22045673429965973,0.23141983151435852,-0.010963097214698792
img_0009.jpeg,resnet50,mobilenetv3,jpeg_q70,False,0.22045673429965973,0.27891233563423157,-0.05845560133457184
img_0009.jpeg,resnet50,mobilenetv3,resize_75pct,True,0.22045673429965973,0.10671653598546982,0.11374019831418991
img_0009.jpeg,resnet50,vit,none,False,0.5610753893852234,0.5555709600448608,0.005504429340362549
img_0009.jpeg,resnet50,vit,jpeg_q90,False,0.5610753893852234,0.4986191987991333,0.06245619058609009
img_0009.jpeg,resnet50,vit,jpeg_q70,False,0.5610753893852234,0.5261601209640503,0.034915268421173096
img_0009.jpeg,resnet50,vit,resize_75pct,False,0.5610753893852234,0.4452574849128723,0.11581790447235107
img_0009.jpeg,mobilenetv3,resnet50,none,False,0.19858364760875702,0.19546286761760712,0.0031207799911499023
img_0009.jpeg,mobilenetv3,resnet50,jpeg_q90,False,0.19858364760875702,0.18439899384975433,0.014184653759002686
img_0009.jpeg,mobilenetv3,resnet50,jpeg_q70,False,0.19858364760875702,0.2202204167842865,-0.02163676917552948
img_0009.jpeg,mobilenetv3,resnet50,resize_75pct,False,0.19858364760875702,0.2165631502866745,-0.01797950267791748
img_0009.jpeg,mobilenetv3,vit,none,False,0.5610753893852234,0.5491946339607239,0.011880755424499512
img_0009.jpeg,mobilenetv3,vit,jpeg_q90,False,0.5610753893852234,0.45397520065307617,0.10710018873214722
img_0009.jpeg,mobilenetv3,vit,jpeg_q70,False,0.5610753893852234,0.49966496229171753,0.06141042709350586
img_0009.jpeg,mobilenetv3,vit,resize_75pct,False,0.5610753893852234,0.4433387219905853,0.11773666739463806
img_0009.jpeg,vit,resnet50,none,False,0.19858364760875702,0.21467041969299316,-0.016086772084236145
img_0009.jpeg,vit,resnet50,jpeg_q90,False,0.19858364760875702,0.1787760853767395,0.019807562232017517
img_0009.jpeg,vit,resnet50,jpeg_q70,False,0.19858364760875702,0.21227514743804932,-0.013691499829292297
img_0009.jpeg,vit,resnet50,resize_75pct,False,0.19858364760875702,0.21335718035697937,-0.014773532748222351
img_0009.jpeg,vit,mobilenetv3,none,True,0.22045673429965973,0.1464458853006363,0.07401084899902344
img_0009.jpeg,vit,mobilenetv3,jpeg_q90,False,0.22045673429965973,0.22454993426799774,-0.004093199968338013
img_0009.jpeg,vit,mobilenetv3,jpeg_q70,False,0.22045673429965973,0.2105547934770584,0.009901940822601318
img_0009.jpeg,vit,mobilenetv3,resize_75pct,True,0.22045673429965973,0.10622379183769226,0.11423294246196747
img_0010.jpeg,resnet50,mobilenetv3,none,False,0.19457533955574036,0.2612876892089844,-0.06671234965324402
img_0010.jpeg,resnet50,mobilenetv3,jpeg_q90,False,0.19457533955574036,0.2277732491493225,-0.03319790959358215
img_0010.jpeg,resnet50,mobilenetv3,jpeg_q70,False,0.19457533955574036,0.2143939584493637,-0.019818618893623352
img_0010.jpeg,resnet50,mobilenetv3,resize_75pct,True,0.19457533955574036,0.15029370784759521,0.04428163170814514
img_0010.jpeg,resnet50,vit,none,False,0.4084884226322174,0.34579017758369446,0.06269824504852295
img_0010.jpeg,resnet50,vit,jpeg_q90,False,0.4084884226322174,0.4651389420032501,-0.056650519371032715
img_0010.jpeg,resnet50,vit,jpeg_q70,False,0.4084884226322174,0.34633272886276245,0.062155693769454956
img_0010.jpeg,resnet50,vit,resize_75pct,False,0.4084884226322174,0.3589931130409241,0.049495309591293335
img_0010.jpeg,mobilenetv3,resnet50,none,False,0.29947182536125183,0.3222208619117737,-0.02274903655052185
img_0010.jpeg,mobilenetv3,resnet50,jpeg_q90,False,0.29947182536125183,0.3659709393978119,-0.06649911403656006
img_0010.jpeg,mobilenetv3,resnet50,jpeg_q70,False,0.29947182536125183,0.3747606575489044,-0.07528883218765259
img_0010.jpeg,mobilenetv3,resnet50,resize_75pct,False,0.29947182536125183,0.29946190118789673,9.924173355102539e-06
img_0010.jpeg,mobilenetv3,vit,none,False,0.4084884226322174,0.3184792697429657,0.09000915288925171
img_0010.jpeg,mobilenetv3,vit,jpeg_q90,False,0.4084884226322174,0.4990774691104889,-0.09058904647827148
img_0010.jpeg,mobilenetv3,vit,jpeg_q70,False,0.4084884226322174,0.3969297707080841,0.0115586519241333
img_0010.jpeg,mobilenetv3,vit,resize_75pct,False,0.4084884226322174,0.3381146490573883,0.0703737735748291
img_0010.jpeg,vit,resnet50,none,False,0.29947182536125183,0.32087019085884094,-0.02139836549758911
img_0010.jpeg,vit,resnet50,jpeg_q90,False,0.29947182536125183,0.354763388633728,-0.055291563272476196
img_0010.jpeg,vit,resnet50,jpeg_q70,False,0.29947182536125183,0.37662169337272644,-0.07714986801147461
img_0010.jpeg,vit,resnet50,resize_75pct,False,0.29947182536125183,0.25332945585250854,0.046142369508743286
img_0010.jpeg,vit,mobilenetv3,none,False,0.19457533955574036,0.2666530907154083,-0.07207775115966797
img_0010.jpeg,vit,mobilenetv3,jpeg_q90,False,0.19457533955574036,0.24752770364284515,-0.0529523640871048
img_0010.jpeg,vit,mobilenetv3,jpeg_q70,False,0.19457533955574036,0.2218305617570877,-0.02725522220134735
img_0010.jpeg,vit,mobilenetv3,resize_75pct,True,0.19457533955574036,0.16480329632759094,0.029772043228149414
img_0011.jpeg,resnet50,mobilenetv3,none,False,0.352973073720932,0.5671157836914062,-0.21414270997047424
img_0011.jpeg,resnet50,mobilenetv3,jpeg_q90,False,0.352973073720932,0.41411933302879333,-0.06114625930786133
img_0011.jpeg,resnet50,mobilenetv3,jpeg_q70,False,0.352973073720932,0.4346703290939331,-0.0816972553730011
img_0011.jpeg,resnet50,mobilenetv3,resize_75pct,False,0.352973073720932,0.5124676823616028,-0.15949460864067078
img_0011.jpeg,resnet50,vit,none,False,0.7350980639457703,0.6783777475357056,0.0567203164100647
img_0011.jpeg,resnet50,vit,jpeg_q90,False,0.7350980639457703,0.727942943572998,0.007155120372772217
img_0011.jpeg,resnet50,vit,jpeg_q70,False,0.7350980639457703,0.7589158415794373,-0.023817777633666992
img_0011.jpeg,resnet50,vit,resize_75pct,False,0.7350980639457703,0.6767743229866028,0.05832374095916748
img_0011.jpeg,mobilenetv3,resnet50,none,False,0.2015279233455658,0.21539579331874847,-0.013867869973182678
img_0011.jpeg,mobilenetv3,resnet50,jpeg_q90,False,0.2015279233455658,0.19591297209262848,0.005614951252937317
img_0011.jpeg,mobilenetv3,resnet50,jpeg_q70,False,0.2015279233455658,0.18562079966068268,0.015907123684883118
img_0011.jpeg,mobilenetv3,resnet50,resize_75pct,False,0.2015279233455658,0.2477150559425354,-0.046187132596969604
img_0011.jpeg,mobilenetv3,vit,none,False,0.7350980639457703,0.534788966178894,0.20030909776687622
img_0011.jpeg,mobilenetv3,vit,jpeg_q90,False,0.7350980639457703,0.7819123864173889,-0.04681432247161865
img_0011.jpeg,mobilenetv3,vit,jpeg_q70,False,0.7350980639457703,0.7399706244468689,-0.004872560501098633
img_0011.jpeg,mobilenetv3,vit,resize_75pct,True,0.7350980639457703,0.35159778594970703,0.38350027799606323
img_0011.jpeg,vit,resnet50,none,False,0.2015279233455658,0.2329101860523224,-0.03138226270675659
img_0011.jpeg,vit,resnet50,jpeg_q90,False,0.2015279233455658,0.18765835464000702,0.013869568705558777
img_0011.jpeg,vit,resnet50,jpeg_q70,False,0.2015279233455658,0.18320566415786743,0.018322259187698364
img_0011.jpeg,vit,resnet50,resize_75pct,False,0.2015279233455658,0.24323605000972748,-0.04170812666416168
img_0011.jpeg,vit,mobilenetv3,none,False,0.352973073720932,0.46285682916641235,-0.10988375544548035
img_0011.jpeg,vit,mobilenetv3,jpeg_q90,False,0.352973073720932,0.48012638092041016,-0.12715330719947815
img_0011.jpeg,vit,mobilenetv3,jpeg_q70,False,0.352973073720932,0.5516501069068909,-0.19867703318595886
img_0011.jpeg,vit,mobilenetv3,resize_75pct,False,0.352973073720932,0.44731438159942627,-0.09434130787849426
img_0012.jpeg,resnet50,mobilenetv3,none,False,0.9062068462371826,0.9193229675292969,-0.013116121292114258
img_0012.jpeg,resnet50,mobilenetv3,jpeg_q90,False,0.9062068462371826,0.9273477792739868,-0.0211409330368042
img_0012.jpeg,resnet50,mobilenetv3,jpeg_q70,False,0.9062068462371826,0.9126659035682678,-0.006459057331085205
img_0012.jpeg,resnet50,mobilenetv3,resize_75pct,False,0.9062068462371826,0.8851813673973083,0.021025478839874268
img_0012.jpeg,resnet50,vit,none,False,0.9007989168167114,0.8664798736572266,0.03431904315948486
img_0012.jpeg,resnet50,vit,jpeg_q90,False,0.9007989168167114,0.8667311668395996,0.034067749977111816
img_0012.jpeg,resnet50,vit,jpeg_q70,False,0.9007989168167114,0.8937383890151978,0.007060527801513672
img_0012.jpeg,resnet50,vit,resize_75pct,False,0.9007989168167114,0.8760735988616943,0.02472531795501709
img_0012.jpeg,mobilenetv3,resnet50,none,False,0.454108864068985,0.3132483959197998,0.14086046814918518
img_0012.jpeg,mobilenetv3,resnet50,jpeg_q90,False,0.454108864068985,0.30217379331588745,0.15193507075309753
img_0012.jpeg,mobilenetv3,resnet50,jpeg_q70,False,0.454108864068985,0.3537803292274475,0.10032853484153748
img_0012.jpeg,mobilenetv3,resnet50,resize_75pct,False,0.454108864068985,0.29748812317848206,0.15662074089050293
img_0012.jpeg,mobilenetv3,vit,none,False,0.9007989168167114,0.8715446591377258,0.029254257678985596
img_0012.jpeg,mobilenetv3,vit,jpeg_q90,False,0.9007989168167114,0.881036639213562,0.019762277603149414
img_0012.jpeg,mobilenetv3,vit,jpeg_q70,False,0.9007989168167114,0.8952635526657104,0.0055353641510009766
img_0012.jpeg,mobilenetv3,vit,resize_75pct,False,0.9007989168167114,0.8846039175987244,0.01619499921798706
img_0012.jpeg,vit,resnet50,none,False,0.454108864068985,0.3499123752117157,0.10419648885726929
img_0012.jpeg,vit,resnet50,jpeg_q90,False,0.454108864068985,0.37560778856277466,0.07850107550621033
img_0012.jpeg,vit,resnet50,jpeg_q70,False,0.454108864068985,0.3734358847141266,0.0806729793548584
img_0012.jpeg,vit,resnet50,resize_75pct,False,0.454108864068985,0.3888010084629059,0.0653078556060791
img_0012.jpeg,vit,mobilenetv3,none,False,0.9062068462371826,0.909292995929718,-0.0030861496925354004
img_0012.jpeg,vit,mobilenetv3,jpeg_q90,False,0.9062068462371826,0.9187101125717163,-0.012503266334533691
img_0012.jpeg,vit,mobilenetv3,jpeg_q70,False,0.9062068462371826,0.9199034571647644,-0.013696610927581787
img_0012.jpeg,vit,mobilenetv3,resize_75pct,False,0.9062068462371826,0.8525675535202026,0.05363929271697998
img_0013.jpeg,resnet50,mobilenetv3,none,False,0.3951875865459442,0.655936598777771,-0.2607490122318268
img_0013.jpeg,resnet50,mobilenetv3,jpeg_q90,False,0.3951875865459442,0.4323994517326355,-0.037211865186691284
img_0013.jpeg,resnet50,mobilenetv3,jpeg_q70,False,0.3951875865459442,0.3634827136993408,0.031704872846603394
img_0013.jpeg,resnet50,mobilenetv3,resize_75pct,False,0.3951875865459442,0.612708330154419,-0.21752074360847473
img_0013.jpeg,resnet50,vit,none,False,0.6164732575416565,0.6862753033638,-0.06980204582214355
img_0013.jpeg,resnet50,vit,jpeg_q90,False,0.6164732575416565,0.6486131548881531,-0.03213989734649658
img_0013.jpeg,resnet50,vit,jpeg_q70,False,0.6164732575416565,0.6001327037811279,0.016340553760528564
img_0013.jpeg,resnet50,vit,resize_75pct,False,0.6164732575416565,0.6978883147239685,-0.08141505718231201
img_0013.jpeg,mobilenetv3,resnet50,none,False,0.2327602058649063,0.34198805689811707,-0.10922785103321075
img_0013.jpeg,mobilenetv3,resnet50,jpeg_q90,False,0.2327602058649063,0.2887306809425354,-0.05597047507762909
img_0013.jpeg,mobilenetv3,resnet50,jpeg_q70,False,0.2327602058649063,0.2531851828098297,-0.0204249769449234
img_0013.jpeg,mobilenetv3,resnet50,resize_75pct,False,0.2327602058649063,0.35842418670654297,-0.12566398084163666
img_0013.jpeg,mobilenetv3,vit,none,False,0.6164732575416565,0.6763685941696167,-0.059895336627960205
img_0013.jpeg,mobilenetv3,vit,jpeg_q90,False,0.6164732575416565,0.7021173238754272,-0.08564406633377075
img_0013.jpeg,mobilenetv3,vit,jpeg_q70,False,0.6164732575416565,0.60073322057724,0.015740036964416504
img_0013.jpeg,mobilenetv3,vit,resize_75pct,False,0.6164732575416565,0.6663556098937988,-0.049882352352142334
img_0013.jpeg,vit,resnet50,none,False,0.2327602058649063,0.3423338830471039,-0.10957367718219757
img_0013.jpeg,vit,resnet50,jpeg_q90,False,0.2327602058649063,0.3170205056667328,-0.08426029980182648
img_0013.jpeg,vit,resnet50,jpeg_q70,False,0.2327602058649063,0.2569084167480469,-0.024148210883140564
img_0013.jpeg,vit,resnet50,resize_75pct,False,0.2327602058649063,0.37633419036865234,-0.14357398450374603
img_0013.jpeg,vit,mobilenetv3,none,False,0.3951875865459442,0.5480965375900269,-0.15290895104408264
img_0013.jpeg,vit,mobilenetv3,jpeg_q90,False,0.3951875865459442,0.4234611690044403,-0.028273582458496094
img_0013.jpeg,vit,mobilenetv3,jpeg_q70,False,0.3951875865459442,0.37331831455230713,0.021869271993637085
img_0013.jpeg,vit,mobilenetv3,resize_75pct,False,0.3951875865459442,0.5934468507766724,-0.19825926423072815
img_0014.jpeg,resnet50,mobilenetv3,none,False,0.8776636123657227,0.8594075441360474,0.018256068229675293
img_0014.jpeg,resnet50,mobilenetv3,jpeg_q90,False,0.8776636123657227,0.8489441275596619,0.02871948480606079
img_0014.jpeg,resnet50,mobilenetv3,jpeg_q70,False,0.8776636123657227,0.8306446671485901,0.04701894521713257
img_0014.jpeg,resnet50,mobilenetv3,resize_75pct,False,0.8776636123657227,0.8226120471954346,0.055051565170288086
img_0014.jpeg,resnet50,vit,none,False,0.9145781993865967,0.9031776189804077,0.011400580406188965
img_0014.jpeg,resnet50,vit,jpeg_q90,False,0.9145781993865967,0.9092003703117371,0.005377829074859619
img_0014.jpeg,resnet50,vit,jpeg_q70,False,0.9145781993865967,0.9136093258857727,0.0009688735008239746
img_0014.jpeg,resnet50,vit,resize_75pct,False,0.9145781993865967,0.9112337231636047,0.0033444762229919434
img_0014.jpeg,mobilenetv3,resnet50,none,False,0.7798291444778442,0.8482059836387634,-0.06837683916091919
img_0014.jpeg,mobilenetv3,resnet50,jpeg_q90,False,0.7798291444778442,0.761569619178772,0.018259525299072266
img_0014.jpeg,mobilenetv3,resnet50,jpeg_q70,False,0.7798291444778442,0.7597304582595825,0.02009868621826172
img_0014.jpeg,mobilenetv3,resnet50,resize_75pct,False,0.7798291444778442,0.894481360912323,-0.11465221643447876
img_0014.jpeg,mobilenetv3,vit,none,False,0.9145781993865967,0.903460681438446,0.011117517948150635
img_0014.jpeg,mobilenetv3,vit,jpeg_q90,False,0.9145781993865967,0.9106760621070862,0.003902137279510498
img_0014.jpeg,mobilenetv3,vit,jpeg_q70,False,0.9145781993865967,0.9116348624229431,0.0029433369636535645
img_0014.jpeg,mobilenetv3,vit,resize_75pct,False,0.9145781993865967,0.912782609462738,0.0017955899238586426
img_0014.jpeg,vit,resnet50,none,False,0.7798291444778442,0.8427901268005371,-0.06296098232269287
img_0014.jpeg,vit,resnet50,jpeg_q90,False,0.7798291444778442,0.806736171245575,-0.026907026767730713
img_0014.jpeg,vit,resnet50,jpeg_q70,False,0.7798291444778442,0.7744746208190918,0.005354523658752441
img_0014.jpeg,vit,resnet50,resize_75pct,False,0.7798291444778442,0.893865704536438,-0.11403656005859375
img_0014.jpeg,vit,mobilenetv3,none,False,0.8776636123657227,0.8287429809570312,0.048920631408691406
img_0014.jpeg,vit,mobilenetv3,jpeg_q90,False,0.8776636123657227,0.8488268852233887,0.028836727142333984
img_0014.jpeg,vit,mobilenetv3,jpeg_q70,False,0.8776636123657227,0.8533451557159424,0.024318456649780273
img_0014.jpeg,vit,mobilenetv3,resize_75pct,False,0.8776636123657227,0.8361610770225525,0.041502535343170166
img_0015.jpeg,resnet50,mobilenetv3,none,False,0.916464626789093,0.9196680784225464,-0.003203451633453369
img_0015.jpeg,resnet50,mobilenetv3,jpeg_q90,False,0.916464626789093,0.9272945523262024,-0.010829925537109375
img_0015.jpeg,resnet50,mobilenetv3,jpeg_q70,False,0.916464626789093,0.9062474370002747,0.01021718978881836
img_0015.jpeg,resnet50,mobilenetv3,resize_75pct,False,0.916464626789093,0.9153519868850708,0.0011126399040222168
img_0015.jpeg,resnet50,vit,none,False,0.9133005738258362,0.9094999432563782,0.003800630569458008
img_0015.jpeg,resnet50,vit,jpeg_q90,False,0.9133005738258362,0.9121326804161072,0.001167893409729004
img_0015.jpeg,resnet50,vit,jpeg_q70,False,0.9133005738258362,0.9095119833946228,0.003788590431213379
img_0015.jpeg,resnet50,vit,resize_75pct,False,0.9133005738258362,0.9103201031684875,0.002980470657348633
img_0015.jpeg,mobilenetv3,resnet50,none,False,0.5917394161224365,0.5805838704109192,0.011155545711517334
img_0015.jpeg,mobilenetv3,resnet50,jpeg_q90,False,0.5917394161224365,0.6084132790565491,-0.01667386293411255
img_0015.jpeg,mobilenetv3,resnet50,jpeg_q70,False,0.5917394161224365,0.587310254573822,0.004429161548614502
img_0015.jpeg,mobilenetv3,resnet50,resize_75pct,False,0.5917394161224365,0.5690931677818298,0.02264624834060669
img_0015.jpeg,mobilenetv3,vit,none,False,0.9133005738258362,0.8954193592071533,0.01788121461868286
img_0015.jpeg,mobilenetv3,vit,jpeg_q90,False,0.9133005738258362,0.9095103144645691,0.00379025936126709
img_0015.jpeg,mobilenetv3,vit,jpeg_q70,False,0.9133005738258362,0.9074947237968445,0.005805850028991699
img_0015.jpeg,mobilenetv3,vit,resize_75pct,False,0.9133005738258362,0.9000216722488403,0.01327890157699585
img_0015.jpeg,vit,resnet50,none,False,0.5917394161224365,0.5931103229522705,-0.0013709068298339844
img_0015.jpeg,vit,resnet50,jpeg_q90,False,0.5917394161224365,0.5862400531768799,0.005499362945556641
img_0015.jpeg,vit,resnet50,jpeg_q70,False,0.5917394161224365,0.558702826499939,0.03303658962249756
img_0015.jpeg,vit,resnet50,resize_75pct,False,0.5917394161224365,0.594748318195343,-0.003008902072906494
img_0015.jpeg,vit,mobilenetv3,none,False,0.916464626789093,0.9283242225646973,-0.011859595775604248
img_0015.jpeg,vit,mobilenetv3,jpeg_q90,False,0.916464626789093,0.9182010889053345,-0.001736462116241455
img_0015.jpeg,vit,mobilenetv3,jpeg_q70,False,0.916464626789093,0.9137167930603027,0.002747833728790283
img_0015.jpeg,vit,mobilenetv3,resize_75pct,False,0.916464626789093,0.9185386300086975,-0.002074003219604492
img_0016.jpeg,resnet50,mobilenetv3,none,False,0.7447482943534851,0.7539927363395691,-0.009244441986083984
img_0016.jpeg,resnet50,mobilenetv3,jpeg_q90,False,0.7447482943534851,0.7721843719482422,-0.02743607759475708
img_0016.jpeg,resnet50,mobilenetv3,jpeg_q70,False,0.7447482943534851,0.729841947555542,0.014906346797943115
img_0016.jpeg,resnet50,mobilenetv3,resize_75pct,False,0.7447482943534851,0.6576715111732483,0.08707678318023682
img_0016.jpeg,resnet50,vit,none,False,0.8905162811279297,0.8826730847358704,0.007843196392059326
img_0016.jpeg,resnet50,vit,jpeg_q90,False,0.8905162811279297,0.8898117542266846,0.0007045269012451172
img_0016.jpeg,resnet50,vit,jpeg_q70,False,0.8905162811279297,0.8867143988609314,0.003801882266998291
img_0016.jpeg,resnet50,vit,resize_75pct,False,0.8905162811279297,0.8932649493217468,-0.0027486681938171387
img_0016.jpeg,mobilenetv3,resnet50,none,False,0.44532355666160583,0.4167827367782593,0.028540819883346558
img_0016.jpeg,mobilenetv3,resnet50,jpeg_q90,False,0.44532355666160583,0.422566294670105,0.022757261991500854
img_0016.jpeg,mobilenetv3,resnet50,jpeg_q70,False,0.44532355666160583,0.44845929741859436,-0.0031357407569885254
img_0016.jpeg,mobilenetv3,resnet50,resize_75pct,False,0.44532355666160583,0.4158744215965271,0.029449135065078735
img_0016.jpeg,mobilenetv3,vit,none,False,0.8905162811279297,0.8596524596214294,0.030863821506500244
img_0016.jpeg,mobilenetv3,vit,jpeg_q90,False,0.8905162811279297,0.861497700214386,0.0290185809135437
img_0016.jpeg,mobilenetv3,vit,jpeg_q70,False,0.8905162811279297,0.86711585521698,0.023400425910949707
img_0016.jpeg,mobilenetv3,vit,resize_75pct,False,0.8905162811279297,0.8743693828582764,0.01614689826965332
img_0016.jpeg,vit,resnet50,none,False,0.44532355666160583,0.4385264813899994,0.006797075271606445
img_0016.jpeg,vit,resnet50,jpeg_q90,False,0.44532355666160583,0.44386377930641174,0.0014597773551940918
img_0016.jpeg,vit,resnet50,jpeg_q70,False,0.44532355666160583,0.4355688691139221,0.009754687547683716
img_0016.jpeg,vit,resnet50,resize_75pct,False,0.44532355666160583,0.45539671182632446,-0.010073155164718628
img_0016.jpeg,vit,mobilenetv3,none,False,0.7447482943534851,0.7441487908363342,0.0005995035171508789
img_0016.jpeg,vit,mobilenetv3,jpeg_q90,False,0.7447482943534851,0.7478554248809814,-0.003107130527496338
img_0016.jpeg,vit,mobilenetv3,jpeg_q70,False,0.7447482943534851,0.7344119548797607,0.010336339473724365
img_0016.jpeg,vit,mobilenetv3,resize_75pct,False,0.7447482943534851,0.614246666431427,0.1305016279220581
img_0017.jpeg,resnet50,mobilenetv3,none,True,0.07435683161020279,0.044828806072473526,0.029528025537729263
img_0017.jpeg,resnet50,mobilenetv3,jpeg_q90,True,0.07435683161020279,0.03811965882778168,0.03623717278242111
img_0017.jpeg,resnet50,mobilenetv3,jpeg_q70,True,0.07435683161020279,0.05055912211537361,0.023797709494829178
img_0017.jpeg,resnet50,mobilenetv3,resize_75pct,True,0.07435683161020279,0.04429461434483528,0.030062217265367508
img_0017.jpeg,resnet50,vit,none,False,0.8444274067878723,0.8150995969772339,0.029327809810638428
img_0017.jpeg,resnet50,vit,jpeg_q90,False,0.8444274067878723,0.8387784361839294,0.005648970603942871
img_0017.jpeg,resnet50,vit,jpeg_q70,False,0.8444274067878723,0.8682154417037964,-0.023788034915924072
img_0017.jpeg,resnet50,vit,resize_75pct,False,0.8444274067878723,0.8036785125732422,0.04074889421463013
img_0017.jpeg,mobilenetv3,resnet50,none,False,0.09427524358034134,0.08847493678331375,0.005800306797027588
img_0017.jpeg,mobilenetv3,resnet50,jpeg_q90,True,0.09427524358034134,0.08026435226202011,0.014010891318321228
img_0017.jpeg,mobilenetv3,resnet50,jpeg_q70,False,0.09427524358034134,0.09351056069135666,0.0007646828889846802
img_0017.jpeg,mobilenetv3,resnet50,resize_75pct,False,0.09427524358034134,0.1362728774547577,-0.04199763387441635
img_0017.jpeg,mobilenetv3,vit,none,False,0.8444274067878723,0.8104449510574341,0.03398245573043823
img_0017.jpeg,mobilenetv3,vit,jpeg_q90,False,0.8444274067878723,0.8497400283813477,-0.005312621593475342
img_0017.jpeg,mobilenetv3,vit,jpeg_q70,False,0.8444274067878723,0.863024890422821,-0.01859748363494873
img_0017.jpeg,mobilenetv3,vit,resize_75pct,False,0.8444274067878723,0.793806791305542,0.05062061548233032
img_0017.jpeg,vit,resnet50,none,True,0.09427524358034134,0.08386613428592682,0.01040910929441452
img_0017.jpeg,vit,resnet50,jpeg_q90,True,0.09427524358034134,0.07637348771095276,0.01790175586938858
img_0017.jpeg,vit,resnet50,jpeg_q70,False,0.09427524358034134,0.08520439267158508,0.009070850908756256
img_0017.jpeg,vit,resnet50,resize_75pct,False,0.09427524358034134,0.10502710193395615,-0.010751858353614807
img_0017.jpeg,vit,mobilenetv3,none,True,0.07435683161020279,0.037314124405384064,0.037042707204818726
img_0017.jpeg,vit,mobilenetv3,jpeg_q90,True,0.07435683161020279,0.05662571266293526,0.017731118947267532
img_0017.jpeg,vit,mobilenetv3,jpeg_q70,True,0.07435683161020279,0.04590307176113129,0.028453759849071503
img_0017.jpeg,vit,mobilenetv3,resize_75pct,True,0.07435683161020279,0.059151601046323776,0.015205230563879013
img_0018.jpeg,resnet50,mobilenetv3,none,True,0.0719422996044159,0.05680745840072632,0.015134841203689575
img_0018.jpeg,resnet50,mobilenetv3,jpeg_q90,True,0.0719422996044159,0.052257318049669266,0.019684981554746628
img_0018.jpeg,resnet50,mobilenetv3,jpeg_q70,True,0.0719422996044159,0.0300090704113245,0.04193322919309139
img_0018.jpeg,resnet50,mobilenetv3,resize_75pct,False,0.0719422996044159,0.06763314455747604,0.00430915504693985
img_0018.jpeg,resnet50,vit,none,False,0.7764161229133606,0.8306947350502014,-0.05427861213684082
img_0018.jpeg,resnet50,vit,jpeg_q90,False,0.7764161229133606,0.7089600563049316,0.06745606660842896
img_0018.jpeg,resnet50,vit,jpeg_q70,False,0.7764161229133606,0.7323119640350342,0.044104158878326416
img_0018.jpeg,resnet50,vit,resize_75pct,False,0.7764161229133606,0.2965462803840637,0.4798698425292969
img_0018.jpeg,mobilenetv3,resnet50,none,False,0.1944044977426529,0.2662848234176636,-0.07188032567501068
img_0018.jpeg,mobilenetv3,resnet50,jpeg_q90,False,0.1944044977426529,0.3161516785621643,-0.12174718081951141
img_0018.jpeg,mobilenetv3,resnet50,jpeg_q70,False,0.1944044977426529,0.15001757442951202,0.04438692331314087
img_0018.jpeg,mobilenetv3,resnet50,resize_75pct,False,0.1944044977426529,0.12732486426830292,0.06707963347434998
img_0018.jpeg,mobilenetv3,vit,none,False,0.7764161229133606,0.8712854385375977,-0.09486931562423706
img_0018.jpeg,mobilenetv3,vit,jpeg_q90,False,0.7764161229133606,0.8257203698158264,-0.04930424690246582
img_0018.jpeg,mobilenetv3,vit,jpeg_q70,False,0.7764161229133606,0.8297104835510254,-0.053294360637664795
img_0018.jpeg,mobilenetv3,vit,resize_75pct,False,0.7764161229133606,0.4480656087398529,0.3283505141735077
img_0018.jpeg,vit,resnet50,none,False,0.1944044977426529,0.3201653063297272,-0.12576080858707428
img_0018.jpeg,vit,resnet50,jpeg_q90,False,0.1944044977426529,0.17429092526435852,0.020113572478294373
img_0018.jpeg,vit,resnet50,jpeg_q70,False,0.1944044977426529,0.14779125154018402,0.04661324620246887
img_0018.jpeg,vit,resnet50,resize_75pct,False,0.1944044977426529,0.14688046276569366,0.04752403497695923
img_0018.jpeg,vit,mobilenetv3,none,True,0.0719422996044159,0.025159381330013275,0.04678291827440262
img_0018.jpeg,vit,mobilenetv3,jpeg_q90,True,0.0719422996044159,0.02280891314148903,0.049133386462926865
img_0018.jpeg,vit,mobilenetv3,jpeg_q70,True,0.0719422996044159,0.023466061800718307,0.048476237803697586
img_0018.jpeg,vit,mobilenetv3,resize_75pct,True,0.0719422996044159,0.03418556973338127,0.03775672987103462
img_0019.jpeg,resnet50,mobilenetv3,none,False,0.4223373532295227,0.14065535366535187,0.28168199956417084
img_0019.jpeg,resnet50,mobilenetv3,jpeg_q90,False,0.4223373532295227,0.20329129695892334,0.21904605627059937
img_0019.jpeg,resnet50,mobilenetv3,jpeg_q70,False,0.4223373532295227,0.2107987403869629,0.21153861284255981
img_0019.jpeg,resnet50,mobilenetv3,resize_75pct,False,0.4223373532295227,0.11734233051538467,0.30499502271413803
img_0019.jpeg,resnet50,vit,none,False,0.9183352589607239,0.9106641411781311,0.0076711177825927734
img_0019.jpeg,resnet50,vit,jpeg_q90,False,0.9183352589607239,0.9132170081138611,0.005118250846862793
img_0019.jpeg,resnet50,vit,jpeg_q70,False,0.9183352589607239,0.9074119329452515,0.010923326015472412
img_0019.jpeg,resnet50,vit,resize_75pct,False,0.9183352589607239,0.9383056163787842,-0.019970357418060303
img_0019.jpeg,mobilenetv3,resnet50,none,False,0.5885186195373535,0.623446524143219,-0.03492790460586548
img_0019.jpeg,mobilenetv3,resnet50,jpeg_q90,False,0.5885186195373535,0.5596595406532288,0.028859078884124756
img_0019.jpeg,mobilenetv3,resnet50,jpeg_q70,False,0.5885186195373535,0.5868615508079529,0.0016570687294006348
img_0019.jpeg,mobilenetv3,resnet50,resize_75pct,False,0.5885186195373535,0.5707988739013672,0.017719745635986328
img_0019.jpeg,mobilenetv3,vit,none,False,0.9183352589607239,0.9263600707054138,-0.008024811744689941
img_0019.jpeg,mobilenetv3,vit,jpeg_q90,False,0.9183352589607239,0.9214015007019043,-0.00306624174118042
img_0019.jpeg,mobilenetv3,vit,jpeg_q70,False,0.9183352589607239,0.9171795845031738,0.0011556744575500488
img_0019.jpeg,mobilenetv3,vit,resize_75pct,False,0.9183352589607239,0.9451416730880737,-0.026806414127349854
img_0019.jpeg,vit,resnet50,none,False,0.5885186195373535,0.6226019263267517,-0.03408330678939819
img_0019.jpeg,vit,resnet50,jpeg_q90,False,0.5885186195373535,0.649544358253479,-0.06102573871612549
img_0019.jpeg,vit,resnet50,jpeg_q70,False,0.5885186195373535,0.6591659188270569,-0.07064729928970337
img_0019.jpeg,vit,resnet50,resize_75pct,False,0.5885186195373535,0.6299294233322144,-0.04141080379486084
img_0019.jpeg,vit,mobilenetv3,none,False,0.4223373532295227,0.1751757562160492,0.2471615970134735
img_0019.jpeg,vit,mobilenetv3,jpeg_q90,False,0.4223373532295227,0.206797793507576,0.21553955972194672
img_0019.jpeg,vit,mobilenetv3,jpeg_q70,False,0.4223373532295227,0.27001485228538513,0.15232250094413757
img_0019.jpeg,vit,mobilenetv3,resize_75pct,False,0.4223373532295227,0.16394373774528503,0.25839361548423767
img_0020.jpeg,resnet50,mobilenetv3,none,True,0.40874314308166504,0.1218341737985611,0.28690896928310394
img_0020.jpeg,resnet50,mobilenetv3,jpeg_q90,False,0.40874314308166504,0.4053552448749542,0.0033878982067108154
img_0020.jpeg,resnet50,mobilenetv3,jpeg_q70,False,0.40874314308166504,0.35896024107933044,0.049782902002334595
img_0020.jpeg,resnet50,mobilenetv3,resize_75pct,False,0.40874314308166504,0.2521619498729706,0.15658119320869446
img_0020.jpeg,resnet50,vit,none,True,0.39242100715637207,0.08316490799188614,0.30925609916448593
img_0020.jpeg,resnet50,vit,jpeg_q90,True,0.39242100715637207,0.135289266705513,0.25713174045085907
img_0020.jpeg,resnet50,vit,jpeg_q70,True,0.39242100715637207,0.2301943600177765,0.16222664713859558
img_0020.jpeg,resnet50,vit,resize_75pct,True,0.39242100715637207,0.028542660176753998,0.3638783469796181
img_0020.jpeg,mobilenetv3,resnet50,none,True,0.10012073814868927,0.035841990262269974,0.0642787478864193
img_0020.jpeg,mobilenetv3,resnet50,jpeg_q90,True,0.10012073814868927,0.07969121634960175,0.020429521799087524
img_0020.jpeg,mobilenetv3,resnet50,jpeg_q70,False,0.10012073814868927,0.09963121265172958,0.0004895254969596863
img_0020.jpeg,mobilenetv3,resnet50,resize_75pct,True,0.10012073814868927,0.019385863095521927,0.08073487505316734
img_0020.jpeg,mobilenetv3,vit,none,True,0.39242100715637207,0.1513485163450241,0.24107249081134796
img_0020.jpeg,mobilenetv3,vit,jpeg_q90,True,0.39242100715637207,0.1105722188949585,0.2818487882614136
img_0020.jpeg,mobilenetv3,vit,jpeg_q70,True,0.39242100715637207,0.22961659729480743,0.16280440986156464
img_0020.jpeg,mobilenetv3,vit,resize_75pct,True,0.39242100715637207,0.055549606680870056,0.336871400475502
img_0020.jpeg,vit,resnet50,none,True,0.10012073814868927,0.026220718398690224,0.07390001974999905
img_0020.jpeg,vit,resnet50,jpeg_q90,True,0.10012073814868927,0.06671585142612457,0.0334048867225647
img_0020.jpeg,vit,resnet50,jpeg_q70,False,0.10012073814868927,0.1297040730714798,-0.029583334922790527
img_0020.jpeg,vit,resnet50,resize_75pct,True,0.10012073814868927,0.012219218537211418,0.08790151961147785
img_0020.jpeg,vit,mobilenetv3,none,False,0.40874314308166504,0.19455482065677643,0.2141883224248886
img_0020.jpeg,vit,mobilenetv3,jpeg_q90,False,0.40874314308166504,0.20102736353874207,0.20771577954292297
img_0020.jpeg,vit,mobilenetv3,jpeg_q70,False,0.40874314308166504,0.3732214868068695,0.03552165627479553
img_0020.jpeg,vit,mobilenetv3,resize_75pct,False,0.40874314308166504,0.34502652287483215,0.06371662020683289
img_0021.jpeg,resnet50,mobilenetv3,none,False,0.7744113206863403,0.7831293940544128,-0.00871807336807251
img_0021.jpeg,resnet50,mobilenetv3,jpeg_q90,False,0.7744113206863403,0.7868183255195618,-0.012407004833221436
img_0021.jpeg,resnet50,mobilenetv3,jpeg_q70,False,0.7744113206863403,0.7857537269592285,-0.011342406272888184
img_0021.jpeg,resnet50,mobilenetv3,resize_75pct,False,0.7744113206863403,0.8386529088020325,-0.06424158811569214
img_0021.jpeg,resnet50,vit,none,False,0.8766041994094849,0.861269474029541,0.015334725379943848
img_0021.jpeg,resnet50,vit,jpeg_q90,False,0.8766041994094849,0.8745641112327576,0.002040088176727295
img_0021.jpeg,resnet50,vit,jpeg_q70,False,0.8766041994094849,0.8730432987213135,0.0035609006881713867
img_0021.jpeg,resnet50,vit,resize_75pct,False,0.8766041994094849,0.8727706670761108,0.0038335323333740234
img_0021.jpeg,mobilenetv3,resnet50,none,False,0.3328618109226227,0.3093471825122833,0.023514628410339355
img_0021.jpeg,mobilenetv3,resnet50,jpeg_q90,False,0.3328618109226227,0.2983623147010803,0.03449949622154236
img_0021.jpeg,mobilenetv3,resnet50,jpeg_q70,False,0.3328618109226227,0.2996055781841278,0.03325623273849487
img_0021.jpeg,mobilenetv3,resnet50,resize_75pct,False,0.3328618109226227,0.23293998837471008,0.0999218225479126
img_0021.jpeg,mobilenetv3,vit,none,False,0.8766041994094849,0.873623251914978,0.002980947494506836
img_0021.jpeg,mobilenetv3,vit,jpeg_q90,False,0.8766041994094849,0.8631787896156311,0.01342540979385376
img_0021.jpeg,mobilenetv3,vit,jpeg_q70,False,0.8766041994094849,0.8759229183197021,0.0006812810897827148
img_0021.jpeg,mobilenetv3,vit,resize_75pct,False,0.8766041994094849,0.8776158690452576,-0.001011669635772705
img_0021.jpeg,vit,resnet50,none,False,0.3328618109226227,0.3476346731185913,-0.014772862195968628
img_0021.jpeg,vit,resnet50,jpeg_q90,False,0.3328618109226227,0.31636908650398254,0.016492724418640137
img_0021.jpeg,vit,resnet50,jpeg_q70,False,0.3328618109226227,0.25682172179222107,0.07604008913040161
img_0021.jpeg,vit,resnet50,resize_75pct,False,0.3328618109226227,0.2424653023481369,0.09039650857448578
img_0021.jpeg,vit,mobilenetv3,none,False,0.7744113206863403,0.8175272345542908,-0.04311591386795044
img_0021.jpeg,vit,mobilenetv3,jpeg_q90,False,0.7744113206863403,0.8181493282318115,-0.04373800754547119
img_0021.jpeg,vit,mobilenetv3,jpeg_q70,False,0.7744113206863403,0.802922785282135,-0.028511464595794678
img_0021.jpeg,vit,mobilenetv3,resize_75pct,False,0.7744113206863403,0.8583452105522156,-0.08393388986587524
img_0022.jpeg,resnet50,mobilenetv3,none,False,0.1740800440311432,0.2185703068971634,-0.0444902628660202
img_0022.jpeg,resnet50,mobilenetv3,jpeg_q90,False,0.1740800440311432,0.17276665568351746,0.0013133883476257324
img_0022.jpeg,resnet50,mobilenetv3,jpeg_q70,False,0.1740800440311432,0.1466210037469864,0.0274590402841568
img_0022.jpeg,resnet50,mobilenetv3,resize_75pct,True,0.1740800440311432,0.07989300787448883,0.09418703615665436
img_0022.jpeg,resnet50,vit,none,True,0.3731960356235504,0.3000944256782532,0.07310160994529724
img_0022.jpeg,resnet50,vit,jpeg_q90,False,0.3731960356235504,0.4114421606063843,-0.03824612498283386
img_0022.jpeg,resnet50,vit,jpeg_q70,False,0.3731960356235504,0.2911403477191925,0.08205568790435791
img_0022.jpeg,resnet50,vit,resize_75pct,True,0.3731960356235504,0.05423719808459282,0.3189588375389576
img_0022.jpeg,mobilenetv3,resnet50,none,True,0.058511536568403244,0.043907247483730316,0.014604289084672928
img_0022.jpeg,mobilenetv3,resnet50,jpeg_q90,True,0.058511536568403244,0.04000355303287506,0.018507983535528183
img_0022.jpeg,mobilenetv3,resnet50,jpeg_q70,False,0.058511536568403244,0.07087665796279907,-0.012365121394395828
img_0022.jpeg,mobilenetv3,resnet50,resize_75pct,True,0.058511536568403244,0.018024394288659096,0.04048714227974415
img_0022.jpeg,mobilenetv3,vit,none,False,0.3731960356235504,0.3056641221046448,0.06753191351890564
img_0022.jpeg,mobilenetv3,vit,jpeg_q90,False,0.3731960356235504,0.23302307724952698,0.14017295837402344
img_0022.jpeg,mobilenetv3,vit,jpeg_q70,False,0.3731960356235504,0.27265655994415283,0.10053947567939758
img_0022.jpeg,mobilenetv3,vit,resize_75pct,True,0.3731960356235504,0.061844874173402786,0.31135116145014763
img_0022.jpeg,vit,resnet50,none,True,0.058511536568403244,0.06229323148727417,-0.003781694918870926
img_0022.jpeg,vit,resnet50,jpeg_q90,True,0.058511536568403244,0.035809822380542755,0.02270171418786049
img_0022.jpeg,vit,resnet50,jpeg_q70,True,0.058511536568403244,0.07976210862398148,-0.021250572055578232
img_0022.jpeg,vit,resnet50,resize_75pct,True,0.058511536568403244,0.03464353084564209,0.023868005722761154
img_0022.jpeg,vit,mobilenetv3,none,False,0.1740800440311432,0.19584710896015167,-0.021767064929008484
img_0022.jpeg,vit,mobilenetv3,jpeg_q90,False,0.1740800440311432,0.15049883723258972,0.023581206798553467
img_0022.jpeg,vit,mobilenetv3,jpeg_q70,False,0.1740800440311432,0.1357533037662506,0.03832674026489258
img_0022.jpeg,vit,mobilenetv3,resize_75pct,False,0.1740800440311432,0.08601018786430359,0.0880698561668396
img_0023.jpeg,resnet50,mobilenetv3,none,False,0.844376802444458,0.8611578941345215,-0.016781091690063477
img_0023.jpeg,resnet50,mobilenetv3,jpeg_q90,False,0.844376802444458,0.8551754951477051,-0.01079869270324707
img_0023.jpeg,resnet50,mobilenetv3,jpeg_q70,False,0.844376802444458,0.8376454710960388,0.0067313313484191895
img_0023.jpeg,resnet50,mobilenetv3,resize_75pct,False,0.844376802444458,0.8336273431777954,0.010749459266662598
img_0023.jpeg,resnet50,vit,none,False,0.8780374526977539,0.8697903752326965,0.008247077465057373
img_0023.jpeg,resnet50,vit,jpeg_q90,False,0.8780374526977539,0.874821126461029,0.0032163262367248535
img_0023.jpeg,resnet50,vit,jpeg_q70,False,0.8780374526977539,0.880028247833252,-0.001990795135498047
img_0023.jpeg,resnet50,vit,resize_75pct,False,0.8780374526977539,0.8805875182151794,-0.002550065517425537
img_0023.jpeg,mobilenetv3,resnet50,none,False,0.518490195274353,0.5010881423950195,0.017402052879333496
img_0023.jpeg,mobilenetv3,resnet50,jpeg_q90,False,0.518490195274353,0.502859890460968,0.01563030481338501
img_0023.jpeg,mobilenetv3,resnet50,jpeg_q70,False,0.518490195274353,0.501917839050293,0.01657235622406006
img_0023.jpeg,mobilenetv3,resnet50,resize_75pct,False,0.518490195274353,0.4875812828540802,0.030908912420272827
img_0023.jpeg,mobilenetv3,vit,none,False,0.8780374526977539,0.8731204867362976,0.004916965961456299
img_0023.jpeg,mobilenetv3,vit,jpeg_q90,False,0.8780374526977539,0.8821470737457275,-0.004109621047973633
img_0023.jpeg,mobilenetv3,vit,jpeg_q70,False,0.8780374526977539,0.8813784122467041,-0.0033409595489501953
img_0023.jpeg,mobilenetv3,vit,resize_75pct,False,0.8780374526977539,0.879896879196167,-0.001859426498413086
img_0023.jpeg,vit,resnet50,none,False,0.518490195274353,0.5145152807235718,0.00397491455078125
img_0023.jpeg,vit,resnet50,jpeg_q90,False,0.518490195274353,0.4977112114429474,0.02077898383140564
img_0023.jpeg,vit,resnet50,jpeg_q70,False,0.518490195274353,0.509243905544281,0.009246289730072021
img_0023.jpeg,vit,resnet50,resize_75pct,False,0.518490195274353,0.4962216913700104,0.02226850390434265
img_0023.jpeg,vit,mobilenetv3,none,False,0.844376802444458,0.8607239723205566,-0.016347169876098633
img_0023.jpeg,vit,mobilenetv3,jpeg_q90,False,0.844376802444458,0.851484477519989,-0.007107675075531006
img_0023.jpeg,vit,mobilenetv3,jpeg_q70,False,0.844376802444458,0.8370404839515686,0.007336318492889404
img_0023.jpeg,vit,mobilenetv3,resize_75pct,False,0.844376802444458,0.8341914415359497,0.0101853609085083
img_0024.jpeg,resnet50,mobilenetv3,none,False,0.7754389643669128,0.77544105052948,-2.086162567138672e-06
img_0024.jpeg,resnet50,mobilenetv3,jpeg_q90,False,0.7754389643669128,0.7976274490356445,-0.02218848466873169
img_0024.jpeg,resnet50,mobilenetv3,jpeg_q70,False,0.7754389643669128,0.8550299406051636,-0.07959097623825073
img_0024.jpeg,resnet50,mobilenetv3,resize_75pct,False,0.7754389643669128,0.7918635606765747,-0.016424596309661865
img_0024.jpeg,resnet50,vit,none,False,0.9046617150306702,0.8825284838676453,0.022133231163024902
img_0024.jpeg,resnet50,vit,jpeg_q90,False,0.9046617150306702,0.8897712826728821,0.014890432357788086
img_0024.jpeg,resnet50,vit,jpeg_q70,False,0.9046617150306702,0.8953196406364441,0.009342074394226074
img_0024.jpeg,resnet50,vit,resize_75pct,False,0.9046617150306702,0.8898763656616211,0.014785349369049072
img_0024.jpeg,mobilenetv3,resnet50,none,False,0.4782409369945526,0.5242704153060913,-0.046029478311538696
img_0024.jpeg,mobilenetv3,resnet50,jpeg_q90,False,0.4782409369945526,0.41077885031700134,0.06746208667755127
img_0024.jpeg,mobilenetv3,resnet50,jpeg_q70,False,0.4782409369945526,0.5413300395011902,-0.06308910250663757
img_0024.jpeg,mobilenetv3,resnet50,resize_75pct,False,0.4782409369945526,0.3728000223636627,0.10544091463088989
img_0024.jpeg,mobilenetv3,vit,none,False,0.9046617150306702,0.8888442516326904,0.015817463397979736
img_0024.jpeg,mobilenetv3,vit,jpeg_q90,False,0.9046617150306702,0.8988223075866699,0.005839407444000244
img_0024.jpeg,mobilenetv3,vit,jpeg_q70,False,0.9046617150306702,0.9047836065292358,-0.00012189149856567383
img_0024.jpeg,mobilenetv3,vit,resize_75pct,False,0.9046617150306702,0.8920576572418213,0.012604057788848877
img_0024.jpeg,vit,resnet50,none,False,0.4782409369945526,0.37898731231689453,0.09925362467765808
img_0024.jpeg,vit,resnet50,jpeg_q90,False,0.4782409369945526,0.551307737827301,-0.07306680083274841
img_0024.jpeg,vit,resnet50,jpeg_q70,False,0.4782409369945526,0.5683390498161316,-0.09009811282157898
img_0024.jpeg,vit,resnet50,resize_75pct,False,0.4782409369945526,0.34867751598358154,0.12956342101097107
img_0024.jpeg,vit,mobilenetv3,none,False,0.7754389643669128,0.8536648154258728,-0.07822585105895996
img_0024.jpeg,vit,mobilenetv3,jpeg_q90,False,0.7754389643669128,0.8139695525169373,-0.038530588150024414
img_0024.jpeg,vit,mobilenetv3,jpeg_q70,False,0.7754389643669128,0.8477997183799744,-0.07236075401306152
img_0024.jpeg,vit,mobilenetv3,resize_75pct,False,0.7754389643669128,0.8346801400184631,-0.05924117565155029
img_0025.jpeg,resnet50,mobilenetv3,none,True,0.0925757884979248,0.02021472342312336,0.07236106507480145
img_0025.jpeg,resnet50,mobilenetv3,jpeg_q90,True,0.0925757884979248,0.045897189527750015,0.04667859897017479
img_0025.jpeg,resnet50,mobilenetv3,jpeg_q70,False,0.0925757884979248,0.10019104927778244,-0.0076152607798576355
img_0025.jpeg,resnet50,mobilenetv3,resize_75pct,True,0.0925757884979248,0.016421427950263023,0.07615436054766178
img_0025.jpeg,resnet50,vit,none,False,0.7670961022377014,0.8240819573402405,-0.05698585510253906
img_0025.jpeg,resnet50,vit,jpeg_q90,False,0.7670961022377014,0.7893162965774536,-0.022220194339752197
img_0025.jpeg,resnet50,vit,jpeg_q70,False,0.7670961022377014,0.8318532109260559,-0.06475710868835449
img_0025.jpeg,resnet50,vit,resize_75pct,False,0.7670961022377014,0.6094281673431396,0.15766793489456177
img_0025.jpeg,mobilenetv3,resnet50,none,False,0.06587880849838257,0.08055170625448227,-0.014672897756099701
img_0025.jpeg,mobilenetv3,resnet50,jpeg_q90,False,0.06587880849838257,0.06740862131118774,-0.0015298128128051758
img_0025.jpeg,mobilenetv3,resnet50,jpeg_q70,False,0.06587880849838257,0.028948234394192696,0.03693057410418987
img_0025.jpeg,mobilenetv3,resnet50,resize_75pct,True,0.06587880849838257,0.05301604047417641,0.012862768024206161
img_0025.jpeg,mobilenetv3,vit,none,False,0.7670961022377014,0.774585485458374,-0.007489383220672607
img_0025.jpeg,mobilenetv3,vit,jpeg_q90,False,0.7670961022377014,0.7499590516090393,0.01713705062866211
img_0025.jpeg,mobilenetv3,vit,jpeg_q70,False,0.7670961022377014,0.7385470271110535,0.02854907512664795
img_0025.jpeg,mobilenetv3,vit,resize_75pct,False,0.7670961022377014,0.5814012289047241,0.1856948733329773
img_0025.jpeg,vit,resnet50,none,False,0.06587880849838257,0.08552014082670212,-0.01964133232831955
img_0025.jpeg,vit,resnet50,jpeg_q90,False,0.06587880849838257,0.044192589819431305,0.021686218678951263
img_0025.jpeg,vit,resnet50,jpeg_q70,True,0.06587880849838257,0.024995435029268265,0.040883373469114304
img_0025.jpeg,vit,resnet50,resize_75pct,True,0.06587880849838257,0.04992617666721344,0.01595263183116913
img_0025.jpeg,vit,mobilenetv3,none,False,0.0925757884979248,0.11737443506717682,-0.024798646569252014
img_0025.jpeg,vit,mobilenetv3,jpeg_q90,False,0.0925757884979248,0.1741083860397339,-0.08153259754180908
img_0025.jpeg,vit,mobilenetv3,jpeg_q70,False,0.0925757884979248,0.1212867796421051,-0.028710991144180298
img_0025.jpeg,vit,mobilenetv3,resize_75pct,False,0.0925757884979248,0.059540413320064545,0.03303537517786026
img_0026.jpeg,resnet50,mobilenetv3,none,False,0.7186495065689087,0.7170170545578003,0.0016324520111083984
img_0026.jpeg,resnet50,mobilenetv3,jpeg_q90,False,0.7186495065689087,0.7342942357063293,-0.015644729137420654
img_0026.jpeg,resnet50,mobilenetv3,jpeg_q70,False,0.7186495065689087,0.7178704738616943,0.0007790327072143555
img_0026.jpeg,resnet50,mobilenetv3,resize_75pct,False,0.7186495065689087,0.6825675964355469,0.036081910133361816
img_0026.jpeg,resnet50,vit,none,False,0.9155893921852112,0.9128171801567078,0.002772212028503418
img_0026.jpeg,resnet50,vit,jpeg_q90,False,0.9155893921852112,0.9154601693153381,0.00012922286987304688
img_0026.jpeg,resnet50,vit,jpeg_q70,False,0.9155893921852112,0.9126904010772705,0.002898991107940674
img_0026.jpeg,resnet50,vit,resize_75pct,False,0.9155893921852112,0.9083594679832458,0.007229924201965332
img_0026.jpeg,mobilenetv3,resnet50,none,False,0.5961117148399353,0.5624213814735413,0.03369033336639404
img_0026.jpeg,mobilenetv3,resnet50,jpeg_q90,False,0.5961117148399353,0.5494677424430847,0.046643972396850586
img_0026.jpeg,mobilenetv3,resnet50,jpeg_q70,False,0.5961117148399353,0.5865212678909302,0.009590446949005127
img_0026.jpeg,mobilenetv3,resnet50,resize_75pct,False,0.5961117148399353,0.4746135175228119,0.12149819731712341
img_0026.jpeg,mobilenetv3,vit,none,False,0.9155893921852112,0.9135341644287109,0.002055227756500244
img_0026.jpeg,mobilenetv3,vit,jpeg_q90,False,0.9155893921852112,0.9143572449684143,0.001232147216796875
img_0026.jpeg,mobilenetv3,vit,jpeg_q70,False,0.9155893921852112,0.9144678115844727,0.0011215806007385254
img_0026.jpeg,mobilenetv3,vit,resize_75pct,False,0.9155893921852112,0.9060026407241821,0.009586751461029053
img_0026.jpeg,vit,resnet50,none,False,0.5961117148399353,0.5411367416381836,0.05497497320175171
img_0026.jpeg,vit,resnet50,jpeg_q90,False,0.5961117148399353,0.5546570420265198,0.04145467281341553
img_0026.jpeg,vit,resnet50,jpeg_q70,False,0.5961117148399353,0.5127397179603577,0.08337199687957764
img_0026.jpeg,vit,resnet50,resize_75pct,False,0.5961117148399353,0.44764894247055054,0.14846277236938477
img_0026.jpeg,vit,mobilenetv3,none,False,0.7186495065689087,0.7501822113990784,-0.03153270483016968
img_0026.jpeg,vit,mobilenetv3,jpeg_q90,False,0.7186495065689087,0.7539229989051819,-0.03527349233627319
img_0026.jpeg,vit,mobilenetv3,jpeg_q70,False,0.7186495065689087,0.7278273701667786,-0.009177863597869873
img_0026.jpeg,vit,mobilenetv3,resize_75pct,False,0.7186495065689087,0.7277948260307312,-0.00914531946182251
img_0027.jpeg,resnet50,mobilenetv3,none,False,0.7264399528503418,0.6609092354774475,0.06553071737289429
img_0027.jpeg,resnet50,mobilenetv3,jpeg_q90,False,0.7264399528503418,0.8338292837142944,-0.10738933086395264
img_0027.jpeg,resnet50,mobilenetv3,jpeg_q70,False,0.7264399528503418,0.7854642868041992,-0.05902433395385742
img_0027.jpeg,resnet50,mobilenetv3,resize_75pct,False,0.7264399528503418,0.6649596095085144,0.06148034334182739
img_0027.jpeg,resnet50,vit,none,False,0.8764698505401611,0.8926570415496826,-0.016187191009521484
img_0027.jpeg,resnet50,vit,jpeg_q90,False,0.8764698505401611,0.8802919387817383,-0.0038220882415771484
img_0027.jpeg,resnet50,vit,jpeg_q70,False,0.8764698505401611,0.8492993712425232,0.02717047929763794
img_0027.jpeg,resnet50,vit,resize_75pct,False,0.8764698505401611,0.9024810194969177,-0.026011168956756592
img_0027.jpeg,mobilenetv3,resnet50,none,False,0.4263151288032532,0.3929911255836487,0.03332400321960449
img_0027.jpeg,mobilenetv3,resnet50,jpeg_q90,False,0.4263151288032532,0.4568796455860138,-0.03056451678276062
img_0027.jpeg,mobilenetv3,resnet50,jpeg_q70,False,0.4263151288032532,0.4080560803413391,0.018259048461914062
img_0027.jpeg,mobilenetv3,resnet50,resize_75pct,False,0.4263151288032532,0.37119877338409424,0.055116355419158936
img_0027.jpeg,mobilenetv3,vit,none,False,0.8764698505401611,0.8811060190200806,-0.004636168479919434
img_0027.jpeg,mobilenetv3,vit,jpeg_q90,False,0.8764698505401611,0.8905460238456726,-0.014076173305511475
img_0027.jpeg,mobilenetv3,vit,jpeg_q70,False,0.8764698505401611,0.8708133697509766,0.00565648078918457
img_0027.jpeg,mobilenetv3,vit,resize_75pct,False,0.8764698505401611,0.9008145928382874,-0.02434474229812622
img_0027.jpeg,vit,resnet50,none,False,0.4263151288032532,0.30842143297195435,0.11789369583129883
img_0027.jpeg,vit,resnet50,jpeg_q90,False,0.4263151288032532,0.2963782548904419,0.12993687391281128
img_0027.jpeg,vit,resnet50,jpeg_q70,False,0.4263151288032532,0.29663947224617004,0.12967565655708313
img_0027.jpeg,vit,resnet50,resize_75pct,False,0.4263151288032532,0.391701340675354,0.03461378812789917
img_0027.jpeg,vit,mobilenetv3,none,False,0.7264399528503418,0.6501792669296265,0.07626068592071533
img_0027.jpeg,vit,mobilenetv3,jpeg_q90,False,0.7264399528503418,0.6942004561424255,0.03223949670791626
img_0027.jpeg,vit,mobilenetv3,jpeg_q70,False,0.7264399528503418,0.7374623417854309,-0.011022388935089111
img_0027.jpeg,vit,mobilenetv3,resize_75pct,False,0.7264399528503418,0.7141281366348267,0.012311816215515137
img_0028.jpeg,resnet50,mobilenetv3,none,False,0.26678574085235596,0.3133912682533264,-0.04660552740097046
img_0028.jpeg,resnet50,mobilenetv3,jpeg_q90,False,0.26678574085235596,0.31650039553642273,-0.04971465468406677
img_0028.jpeg,resnet50,mobilenetv3,jpeg_q70,False,0.26678574085235596,0.26408061385154724,0.002705127000808716
img_0028.jpeg,resnet50,mobilenetv3,resize_75pct,False,0.26678574085235596,0.3687550723552704,-0.10196933150291443
img_0028.jpeg,resnet50,vit,none,False,0.8607192039489746,0.8283068537712097,0.03241235017776489
img_0028.jpeg,resnet50,vit,jpeg_q90,False,0.8607192039489746,0.8279538154602051,0.03276538848876953
img_0028.jpeg,resnet50,vit,jpeg_q70,False,0.8607192039489746,0.8094450235366821,0.05127418041229248
img_0028.jpeg,resnet50,vit,resize_75pct,False,0.8607192039489746,0.8722599148750305,-0.011540710926055908
img_0028.jpeg,mobilenetv3,resnet50,none,False,0.24450711905956268,0.21876822412014008,0.025738894939422607
img_0028.jpeg,mobilenetv3,resnet50,jpeg_q90,False,0.24450711905956268,0.24936802685260773,-0.004860907793045044
img_0028.jpeg,mobilenetv3,resnet50,jpeg_q70,False,0.24450711905956268,0.2678195536136627,-0.023312434554100037
img_0028.jpeg,mobilenetv3,resnet50,resize_75pct,False,0.24450711905956268,0.33276212215423584,-0.08825500309467316
img_0028.jpeg,mobilenetv3,vit,none,False,0.8607192039489746,0.8398352861404419,0.020883917808532715
img_0028.jpeg,mobilenetv3,vit,jpeg_q90,False,0.8607192039489746,0.8415147066116333,0.01920449733734131
img_0028.jpeg,mobilenetv3,vit,jpeg_q70,False,0.8607192039489746,0.866994321346283,-0.00627511739730835
img_0028.jpeg,mobilenetv3,vit,resize_75pct,False,0.8607192039489746,0.8770584464073181,-0.016339242458343506
img_0028.jpeg,vit,resnet50,none,False,0.24450711905956268,0.22130855917930603,0.023198559880256653
img_0028.jpeg,vit,resnet50,jpeg_q90,False,0.24450711905956268,0.23572953045368195,0.008777588605880737
img_0028.jpeg,vit,resnet50,jpeg_q70,False,0.24450711905956268,0.36088043451309204,-0.11637331545352936
img_0028.jpeg,vit,resnet50,resize_75pct,False,0.24450711905956268,0.2974485158920288,-0.052941396832466125
img_0028.jpeg,vit,mobilenetv3,none,True,0.26678574085235596,0.2490064948797226,0.017779245972633362
img_0028.jpeg,vit,mobilenetv3,jpeg_q90,True,0.26678574085235596,0.17703434824943542,0.08975139260292053
img_0028.jpeg,vit,mobilenetv3,jpeg_q70,False,0.26678574085235596,0.21387037634849548,0.052915364503860474
img_0028.jpeg,vit,mobilenetv3,resize_75pct,False,0.26678574085235596,0.3737603724002838,-0.10697463154792786
img_0029.jpeg,resnet50,mobilenetv3,none,False,0.8806757926940918,0.7461257576942444,0.1345500349998474
img_0029.jpeg,resnet50,mobilenetv3,jpeg_q90,False,0.8806757926940918,0.7848126292228699,0.09586316347122192
img_0029.jpeg,resnet50,mobilenetv3,jpeg_q70,False,0.8806757926940918,0.825022280216217,0.055653512477874756
img_0029.jpeg,resnet50,mobilenetv3,resize_75pct,False,0.8806757926940918,0.7570587992668152,0.12361699342727661
img_0029.jpeg,resnet50,vit,none,False,0.9112939834594727,0.8947569727897644,0.016537010669708252
img_0029.jpeg,resnet50,vit,jpeg_q90,False,0.9112939834594727,0.9036641716957092,0.007629811763763428
img_0029.jpeg,resnet50,vit,jpeg_q70,False,0.9112939834594727,0.9121245741844177,-0.0008305907249450684
img_0029.jpeg,resnet50,vit,resize_75pct,False,0.9112939834594727,0.8989232778549194,0.012370705604553223
img_0029.jpeg,mobilenetv3,resnet50,none,False,0.5498722195625305,0.6057062745094299,-0.055834054946899414
img_0029.jpeg,mobilenetv3,resnet50,jpeg_q90,False,0.5498722195625305,0.6393046379089355,-0.08943241834640503
img_0029.jpeg,mobilenetv3,resnet50,jpeg_q70,False,0.5498722195625305,0.6151407361030579,-0.06526851654052734
img_0029.jpeg,mobilenetv3,resnet50,resize_75pct,False,0.5498722195625305,0.6697818040847778,-0.11990958452224731
img_0029.jpeg,mobilenetv3,vit,none,False,0.9112939834594727,0.8914434909820557,0.019850492477416992
img_0029.jpeg,mobilenetv3,vit,jpeg_q90,False,0.9112939834594727,0.8942793011665344,0.017014682292938232
img_0029.jpeg,mobilenetv3,vit,jpeg_q70,False,0.9112939834594727,0.9054901003837585,0.005803883075714111
img_0029.jpeg,mobilenetv3,vit,resize_75pct,False,0.9112939834594727,0.8963425159454346,0.014951467514038086
img_0029.jpeg,vit,resnet50,none,False,0.5498722195625305,0.5451812744140625,0.004690945148468018
img_0029.jpeg,vit,resnet50,jpeg_q90,False,0.5498722195625305,0.5586214661598206,-0.008749246597290039
img_0029.jpeg,vit,resnet50,jpeg_q70,False,0.5498722195625305,0.5948933362960815,-0.045021116733551025
img_0029.jpeg,vit,resnet50,resize_75pct,False,0.5498722195625305,0.6138246059417725,-0.06395238637924194
img_0029.jpeg,vit,mobilenetv3,none,False,0.8806757926940918,0.7934274673461914,0.08724832534790039
img_0029.jpeg,vit,mobilenetv3,jpeg_q90,False,0.8806757926940918,0.7770612239837646,0.10361456871032715
img_0029.jpeg,vit,mobilenetv3,jpeg_q70,False,0.8806757926940918,0.7850141525268555,0.09566164016723633
img_0029.jpeg,vit,mobilenetv3,resize_75pct,False,0.8806757926940918,0.7429810166358948,0.13769477605819702
img_0030.jpeg,resnet50,mobilenetv3,none,False,0.6362495422363281,0.3011557459831238,0.33509379625320435
img_0030.jpeg,resnet50,mobilenetv3,jpeg_q90,False,0.6362495422363281,0.52823805809021,0.10801148414611816
img_0030.jpeg,resnet50,mobilenetv3,jpeg_q70,False,0.6362495422363281,0.5162952542304993,0.11995428800582886
img_0030.jpeg,resnet50,mobilenetv3,resize_75pct,False,0.6362495422363281,0.20670580863952637,0.42954373359680176
img_0030.jpeg,resnet50,vit,none,False,0.8743847012519836,0.8380557894706726,0.036328911781311035
img_0030.jpeg,resnet50,vit,jpeg_q90,False,0.8743847012519836,0.8821916580200195,-0.007806956768035889
img_0030.jpeg,resnet50,vit,jpeg_q70,False,0.8743847012519836,0.866454005241394,0.0079306960105896
img_0030.jpeg,resnet50,vit,resize_75pct,False,0.8743847012519836,0.8504950404167175,0.023889660835266113
img_0030.jpeg,mobilenetv3,resnet50,none,False,0.38147982954978943,0.47723588347435,-0.09575605392456055
img_0030.jpeg,mobilenetv3,resnet50,jpeg_q90,False,0.38147982954978943,0.4202370345592499,-0.03875720500946045
img_0030.jpeg,mobilenetv3,resnet50,jpeg_q70,False,0.38147982954978943,0.3488498032093048,0.03263002634048462
img_0030.jpeg,mobilenetv3,resnet50,resize_75pct,False,0.38147982954978943,0.3388330638408661,0.04264676570892334
img_0030.jpeg,mobilenetv3,vit,none,False,0.8743847012519836,0.8816066384315491,-0.00722193717956543
img_0030.jpeg,mobilenetv3,vit,jpeg_q90,False,0.8743847012519836,0.8735530972480774,0.00083160400390625
img_0030.jpeg,mobilenetv3,vit,jpeg_q70,False,0.8743847012519836,0.871687114238739,0.002697587013244629
img_0030.jpeg,mobilenetv3,vit,resize_75pct,False,0.8743847012519836,0.8427280783653259,0.031656622886657715
img_0030.jpeg,vit,resnet50,none,False,0.38147982954978943,0.3774479925632477,0.004031836986541748
img_0030.jpeg,vit,resnet50,jpeg_q90,False,0.38147982954978943,0.31205371022224426,0.06942611932754517
img_0030.jpeg,vit,resnet50,jpeg_q70,False,0.38147982954978943,0.30630216002464294,0.07517766952514648
img_0030.jpeg,vit,resnet50,resize_75pct,False,0.38147982954978943,0.24225926399230957,0.13922056555747986
img_0030.jpeg,vit,mobilenetv3,none,False,0.6362495422363281,0.4472837448120117,0.1889657974243164
img_0030.jpeg,vit,mobilenetv3,jpeg_q90,False,0.6362495422363281,0.5288792848587036,0.10737025737762451
img_0030.jpeg,vit,mobilenetv3,jpeg_q70,False,0.6362495422363281,0.5951771140098572,0.04107242822647095
img_0030.jpeg,vit,mobilenetv3,resize_75pct,False,0.6362495422363281,0.35852155089378357,0.27772799134254456
img_0031.jpeg,resnet50,mobilenetv3,none,False,0.2863629162311554,0.3695237934589386,-0.0831608772277832
img_0031.jpeg,resnet50,mobilenetv3,jpeg_q90,False,0.2863629162311554,0.4318518042564392,-0.1454888880252838
img_0031.jpeg,resnet50,mobilenetv3,jpeg_q70,False,0.2863629162311554,0.2670392692089081,0.019323647022247314
img_0031.jpeg,resnet50,mobilenetv3,resize_75pct,False,0.2863629162311554,0.3476850986480713,-0.061322182416915894
img_0031.jpeg,resnet50,vit,none,False,0.836679995059967,0.8267646431922913,0.009915351867675781
img_0031.jpeg,resnet50,vit,jpeg_q90,False,0.836679995059967,0.8648428320884705,-0.028162837028503418
img_0031.jpeg,resnet50,vit,jpeg_q70,False,0.836679995059967,0.8269871473312378,0.009692847728729248
img_0031.jpeg,resnet50,vit,resize_75pct,False,0.836679995059967,0.8424350619316101,-0.005755066871643066
img_0031.jpeg,mobilenetv3,resnet50,none,False,0.22027871012687683,0.2380990833044052,-0.01782037317752838
img_0031.jpeg,mobilenetv3,resnet50,jpeg_q90,False,0.22027871012687683,0.24564699828624725,-0.025368288159370422
img_0031.jpeg,mobilenetv3,resnet50,jpeg_q70,False,0.22027871012687683,0.18665796518325806,0.033620744943618774
img_0031.jpeg,mobilenetv3,resnet50,resize_75pct,False,0.22027871012687683,0.24717962741851807,-0.026900917291641235
img_0031.jpeg,mobilenetv3,vit,none,False,0.836679995059967,0.7922763228416443,0.044403672218322754
img_0031.jpeg,mobilenetv3,vit,jpeg_q90,False,0.836679995059967,0.8317737579345703,0.0049062371253967285
img_0031.jpeg,mobilenetv3,vit,jpeg_q70,False,0.836679995059967,0.828629195690155,0.008050799369812012
img_0031.jpeg,mobilenetv3,vit,resize_75pct,False,0.836679995059967,0.8059497475624084,0.030730247497558594
img_0031.jpeg,vit,resnet50,none,False,0.22027871012687683,0.21130751073360443,0.0089711993932724
img_0031.jpeg,vit,resnet50,jpeg_q90,False,0.22027871012687683,0.20462729036808014,0.015651419758796692
img_0031.jpeg,vit,resnet50,jpeg_q70,False,0.22027871012687683,0.16386236250400543,0.0564163476228714
img_0031.jpeg,vit,resnet50,resize_75pct,False,0.22027871012687683,0.26494428515434265,-0.04466557502746582
img_0031.jpeg,vit,mobilenetv3,none,False,0.2863629162311554,0.29452812671661377,-0.008165210485458374
img_0031.jpeg,vit,mobilenetv3,jpeg_q90,False,0.2863629162311554,0.4661504328250885,-0.1797875165939331
img_0031.jpeg,vit,mobilenetv3,jpeg_q70,False,0.2863629162311554,0.2530818283557892,0.03328108787536621
img_0031.jpeg,vit,mobilenetv3,resize_75pct,False,0.2863629162311554,0.36171776056289673,-0.07535484433174133
img_0032.jpeg,resnet50,mobilenetv3,none,False,0.8710216879844666,0.9102127552032471,-0.03919106721878052
img_0032.jpeg,resnet50,mobilenetv3,jpeg_q90,False,0.8710216879844666,0.9014937877655029,-0.030472099781036377
img_0032.jpeg,resnet50,mobilenetv3,jpeg_q70,False,0.8710216879844666,0.8655844926834106,0.005437195301055908
img_0032.jpeg,resnet50,mobilenetv3,resize_75pct,False,0.8710216879844666,0.8346929550170898,0.03632873296737671
img_0032.jpeg,resnet50,vit,none,False,0.8983063101768494,0.8987336158752441,-0.0004273056983947754
img_0032.jpeg,resnet50,vit,jpeg_q90,False,0.8983063101768494,0.8976544737815857,0.0006518363952636719
img_0032.jpeg,resnet50,vit,jpeg_q70,False,0.8983063101768494,0.8983926773071289,-8.636713027954102e-05
img_0032.jpeg,resnet50,vit,resize_75pct,False,0.8983063101768494,0.9080331325531006,-0.00972682237625122
img_0032.jpeg,mobilenetv3,resnet50,none,False,0.7350123524665833,0.7427839636802673,-0.007771611213684082
img_0032.jpeg,mobilenetv3,resnet50,jpeg_q90,False,0.7350123524665833,0.7479742169380188,-0.012961864471435547
img_0032.jpeg,mobilenetv3,resnet50,jpeg_q70,False,0.7350123524665833,0.7803530693054199,-0.04534071683883667
img_0032.jpeg,mobilenetv3,resnet50,resize_75pct,False,0.7350123524665833,0.6238598227500916,0.1111525297164917
img_0032.jpeg,mobilenetv3,vit,none,False,0.8983063101768494,0.9070640206336975,-0.008757710456848145
img_0032.jpeg,mobilenetv3,vit,jpeg_q90,False,0.8983063101768494,0.9022336006164551,-0.003927290439605713
img_0032.jpeg,mobilenetv3,vit,jpeg_q70,False,0.8983063101768494,0.8987146615982056,-0.00040835142135620117
img_0032.jpeg,mobilenetv3,vit,resize_75pct,False,0.8983063101768494,0.9092584848403931,-0.010952174663543701
img_0032.jpeg,vit,resnet50,none,False,0.7350123524665833,0.7440575957298279,-0.009045243263244629
img_0032.jpeg,vit,resnet50,jpeg_q90,False,0.7350123524665833,0.7342992424964905,0.0007131099700927734
img_0032.jpeg,vit,resnet50,jpeg_q70,False,0.7350123524665833,0.7433906197547913,-0.008378267288208008
img_0032.jpeg,vit,resnet50,resize_75pct,False,0.7350123524665833,0.626092791557312,0.10891956090927124
img_0032.jpeg,vit,mobilenetv3,none,False,0.8710216879844666,0.8986406922340393,-0.027619004249572754
img_0032.jpeg,vit,mobilenetv3,jpeg_q90,False,0.8710216879844666,0.8657194972038269,0.0053021907806396484
img_0032.jpeg,vit,mobilenetv3,jpeg_q70,False,0.8710216879844666,0.841153085231781,0.029868602752685547
img_0032.jpeg,vit,mobilenetv3,resize_75pct,False,0.8710216879844666,0.8377415537834167,0.033280134201049805
img_0033.jpeg,resnet50,mobilenetv3,none,False,0.8261221051216125,0.8270742297172546,-0.0009521245956420898
img_0033.jpeg,resnet50,mobilenetv3,jpeg_q90,False,0.8261221051216125,0.8299759030342102,-0.0038537979125976562
img_0033.jpeg,resnet50,mobilenetv3,jpeg_q70,False,0.8261221051216125,0.8355014324188232,-0.009379327297210693
img_0033.jpeg,resnet50,mobilenetv3,resize_75pct,False,0.8261221051216125,0.8627563118934631,-0.036634206771850586
img_0033.jpeg,resnet50,vit,none,False,0.9004624485969543,0.8850279450416565,0.015434503555297852
img_0033.jpeg,resnet50,vit,jpeg_q90,False,0.9004624485969543,0.896572470664978,0.0038899779319763184
img_0033.jpeg,resnet50,vit,jpeg_q70,False,0.9004624485969543,0.893330454826355,0.007131993770599365
img_0033.jpeg,resnet50,vit,resize_75pct,False,0.9004624485969543,0.8842652440071106,0.01619720458984375
img_0033.jpeg,mobilenetv3,resnet50,none,False,0.5546080470085144,0.5240983366966248,0.03050971031188965
img_0033.jpeg,mobilenetv3,resnet50,jpeg_q90,False,0.5546080470085144,0.5428779125213623,0.0117301344871521
img_0033.jpeg,mobilenetv3,resnet50,jpeg_q70,False,0.5546080470085144,0.5439243912696838,0.010683655738830566
img_0033.jpeg,mobilenetv3,resnet50,resize_75pct,False,0.5546080470085144,0.5669904351234436,-0.0123823881149292
img_0033.jpeg,mobilenetv3,vit,none,False,0.9004624485969543,0.8635220527648926,0.03694039583206177
img_0033.jpeg,mobilenetv3,vit,jpeg_q90,False,0.9004624485969543,0.894808828830719,0.0056536197662353516
img_0033.jpeg,mobilenetv3,vit,jpeg_q70,False,0.9004624485969543,0.8964513540267944,0.004011094570159912
img_0033.jpeg,mobilenetv3,vit,resize_75pct,False,0.9004624485969543,0.8756316304206848,0.02483081817626953
img_0033.jpeg,vit,resnet50,none,False,0.5546080470085144,0.5428040027618408,0.011804044246673584
img_0033.jpeg,vit,resnet50,jpeg_q90,False,0.5546080470085144,0.539410412311554,0.01519763469696045
img_0033.jpeg,vit,resnet50,jpeg_q70,False,0.5546080470085144,0.5762009024620056,-0.02159285545349121
img_0033.jpeg,vit,resnet50,resize_75pct,False,0.5546080470085144,0.5777361989021301,-0.023128151893615723
img_0033.jpeg,vit,mobilenetv3,none,False,0.8261221051216125,0.8108789324760437,0.015243172645568848
img_0033.jpeg,vit,mobilenetv3,jpeg_q90,False,0.8261221051216125,0.8008139133453369,0.025308191776275635
img_0033.jpeg,vit,mobilenetv3,jpeg_q70,False,0.8261221051216125,0.8165010213851929,0.009621083736419678
img_0033.jpeg,vit,mobilenetv3,resize_75pct,False,0.8261221051216125,0.8563188314437866,-0.030196726322174072
img_0034.jpeg,resnet50,mobilenetv3,none,False,0.22843582928180695,0.26500555872917175,-0.03656972944736481
img_0034.jpeg,resnet50,mobilenetv3,jpeg_q90,False,0.22843582928180695,0.19444510340690613,0.03399072587490082
img_0034.jpeg,resnet50,mobilenetv3,jpeg_q70,False,0.22843582928180695,0.19210730493068695,0.036328524351119995
img_0034.jpeg,resnet50,mobilenetv3,resize_75pct,False,0.22843582928180695,0.26847410202026367,-0.040038272738456726
img_0034.jpeg,resnet50,vit,none,False,0.7016157507896423,0.6125031113624573,0.08911263942718506
img_0034.jpeg,resnet50,vit,jpeg_q90,False,0.7016157507896423,0.6749489307403564,0.02666682004928589
img_0034.jpeg,resnet50,vit,jpeg_q70,False,0.7016157507896423,0.6948932409286499,0.006722509860992432
img_0034.jpeg,resnet50,vit,resize_75pct,False,0.7016157507896423,0.4183075726032257,0.2833081781864166
img_0034.jpeg,mobilenetv3,resnet50,none,False,0.1809162050485611,0.2225034534931183,-0.04158724844455719
img_0034.jpeg,mobilenetv3,resnet50,jpeg_q90,False,0.1809162050485611,0.20437279343605042,-0.02345658838748932
img_0034.jpeg,mobilenetv3,resnet50,jpeg_q70,False,0.1809162050485611,0.2212027907371521,-0.040286585688591
img_0034.jpeg,mobilenetv3,resnet50,resize_75pct,True,0.1809162050485611,0.17647391557693481,0.004442289471626282
img_0034.jpeg,mobilenetv3,vit,none,False,0.7016157507896423,0.6856756210327148,0.01594012975692749
img_0034.jpeg,mobilenetv3,vit,jpeg_q90,False,0.7016157507896423,0.7222964763641357,-0.020680725574493408
img_0034.jpeg,mobilenetv3,vit,jpeg_q70,False,0.7016157507896423,0.7332452535629272,-0.03162950277328491
img_0034.jpeg,mobilenetv3,vit,resize_75pct,False,0.7016157507896423,0.5307766795158386,0.1708390712738037
img_0034.jpeg,vit,resnet50,none,False,0.1809162050485611,0.20026519894599915,-0.01934899389743805
img_0034.jpeg,vit,resnet50,jpeg_q90,False,0.1809162050485611,0.19774983823299408,-0.016833633184432983
img_0034.jpeg,vit,resnet50,jpeg_q70,False,0.1809162050485611,0.1888183057308197,-0.007902100682258606
img_0034.jpeg,vit,resnet50,resize_75pct,True,0.1809162050485611,0.16807539761066437,0.012840807437896729
img_0034.jpeg,vit,mobilenetv3,none,False,0.22843582928180695,0.1783507764339447,0.050085052847862244
img_0034.jpeg,vit,mobilenetv3,jpeg_q90,False,0.22843582928180695,0.18623298406600952,0.042202845215797424
img_0034.jpeg,vit,mobilenetv3,jpeg_q70,False,0.22843582928180695,0.17864757776260376,0.049788251519203186
img_0034.jpeg,vit,mobilenetv3,resize_75pct,False,0.22843582928180695,0.1852571666240692,0.04317866265773773
img_0035.jpeg,resnet50,mobilenetv3,none,False,0.6816260814666748,0.8617784976959229,-0.18015241622924805
img_0035.jpeg,resnet50,mobilenetv3,jpeg_q90,False,0.6816260814666748,0.7527839541435242,-0.07115787267684937
img_0035.jpeg,resnet50,mobilenetv3,jpeg_q70,False,0.6816260814666748,0.8168283104896545,-0.13520222902297974
img_0035.jpeg,resnet50,mobilenetv3,resize_75pct,False,0.6816260814666748,0.797552227973938,-0.11592614650726318
img_0035.jpeg,resnet50,vit,none,False,0.9058637619018555,0.8858318328857422,0.02003192901611328
img_0035.jpeg,resnet50,vit,jpeg_q90,False,0.9058637619018555,0.8918170928955078,0.014046669006347656
img_0035.jpeg,resnet50,vit,jpeg_q70,False,0.9058637619018555,0.8979991674423218,0.007864594459533691
img_0035.jpeg,resnet50,vit,resize_75pct,False,0.9058637619018555,0.8887036442756653,0.017160117626190186
img_0035.jpeg,mobilenetv3,resnet50,none,False,0.46979373693466187,0.45937487483024597,0.010418862104415894
img_0035.jpeg,mobilenetv3,resnet50,jpeg_q90,False,0.46979373693466187,0.5183630585670471,-0.048569321632385254
img_0035.jpeg,mobilenetv3,resnet50,jpeg_q70,False,0.46979373693466187,0.45473843812942505,0.015055298805236816
img_0035.jpeg,mobilenetv3,resnet50,resize_75pct,False,0.46979373693466187,0.49673497676849365,-0.026941239833831787
img_0035.jpeg,mobilenetv3,vit,none,False,0.9058637619018555,0.8954358696937561,0.010427892208099365
img_0035.jpeg,mobilenetv3,vit,jpeg_q90,False,0.9058637619018555,0.8958314657211304,0.010032296180725098
img_0035.jpeg,mobilenetv3,vit,jpeg_q70,False,0.9058637619018555,0.9044023752212524,0.0014613866806030273
img_0035.jpeg,mobilenetv3,vit,resize_75pct,False,0.9058637619018555,0.8947128057479858,0.011150956153869629
img_0035.jpeg,vit,resnet50,none,False,0.46979373693466187,0.4693635404109955,0.00043019652366638184
img_0035.jpeg,vit,resnet50,jpeg_q90,False,0.46979373693466187,0.46306005120277405,0.006733685731887817
img_0035.jpeg,vit,resnet50,jpeg_q70,False,0.46979373693466187,0.4508915841579437,0.01890215277671814
img_0035.jpeg,vit,resnet50,resize_75pct,False,0.46979373693466187,0.4922519326210022,-0.022458195686340332
img_0035.jpeg,vit,mobilenetv3,none,False,0.6816260814666748,0.5960286259651184,0.0855974555015564
img_0035.jpeg,vit,mobilenetv3,jpeg_q90,False,0.6816260814666748,0.6395787000656128,0.04204738140106201
img_0035.jpeg,vit,mobilenetv3,jpeg_q70,False,0.6816260814666748,0.7501329183578491,-0.06850683689117432
img_0035.jpeg,vit,mobilenetv3,resize_75pct,False,0.6816260814666748,0.7248884439468384,-0.043262362480163574
img_0036.jpeg,resnet50,mobilenetv3,none,False,0.7959108352661133,0.8008401989936829,-0.00492936372756958
img_0036.jpeg,resnet50,mobilenetv3,jpeg_q90,False,0.7959108352661133,0.7976759672164917,-0.001765131950378418
img_0036.jpeg,resnet50,mobilenetv3,jpeg_q70,False,0.7959108352661133,0.7941812872886658,0.0017295479774475098
img_0036.jpeg,resnet50,mobilenetv3,resize_75pct,False,0.7959108352661133,0.8013280630111694,-0.005417227745056152
img_0036.jpeg,resnet50,vit,none,False,0.8786519765853882,0.8645231127738953,0.01412886381149292
img_0036.jpeg,resnet50,vit,jpeg_q90,False,0.8786519765853882,0.8745943903923035,0.004057586193084717
img_0036.jpeg,resnet50,vit,jpeg_q70,False,0.8786519765853882,0.8742344975471497,0.004417479038238525
img_0036.jpeg,resnet50,vit,resize_75pct,False,0.8786519765853882,0.8753034472465515,0.00334852933883667
img_0036.jpeg,mobilenetv3,resnet50,none,False,0.30187323689460754,0.32223209738731384,-0.0203588604927063
img_0036.jpeg,mobilenetv3,resnet50,jpeg_q90,False,0.30187323689460754,0.30303627252578735,-0.0011630356311798096
img_0036.jpeg,mobilenetv3,resnet50,jpeg_q70,False,0.30187323689460754,0.30051425099372864,0.0013589859008789062
img_0036.jpeg,mobilenetv3,resnet50,resize_75pct,False,0.30187323689460754,0.355364054441452,-0.05349081754684448
img_0036.jpeg,mobilenetv3,vit,none,False,0.8786519765853882,0.8741896748542786,0.004462301731109619
img_0036.jpeg,mobilenetv3,vit,jpeg_q90,False,0.8786519765853882,0.8764002919197083,0.0022516846656799316
img_0036.jpeg,mobilenetv3,vit,jpeg_q70,False,0.8786519765853882,0.8675364255905151,0.011115550994873047
img_0036.jpeg,mobilenetv3,vit,resize_75pct,False,0.8786519765853882,0.8780044317245483,0.0006475448608398438
img_0036.jpeg,vit,resnet50,none,False,0.30187323689460754,0.32184070348739624,-0.019967466592788696
img_0036.jpeg,vit,resnet50,jpeg_q90,False,0.30187323689460754,0.31553828716278076,-0.013665050268173218
img_0036.jpeg,vit,resnet50,jpeg_q70,False,0.30187323689460754,0.30791088938713074,-0.006037652492523193
img_0036.jpeg,vit,resnet50,resize_75pct,False,0.30187323689460754,0.3852667808532715,-0.08339354395866394
img_0036.jpeg,vit,mobilenetv3,none,False,0.7959108352661133,0.7941666841506958,0.0017441511154174805
img_0036.jpeg,vit,mobilenetv3,jpeg_q90,False,0.7959108352661133,0.7854281067848206,0.010482728481292725
img_0036.jpeg,vit,mobilenetv3,jpeg_q70,False,0.7959108352661133,0.7921146154403687,0.003796219825744629
img_0036.jpeg,vit,mobilenetv3,resize_75pct,False,0.7959108352661133,0.7957035899162292,0.0002072453498840332
img_0037.jpeg,resnet50,mobilenetv3,none,False,0.12296920269727707,0.13239601254463196,-0.009426809847354889
img_0037.jpeg,resnet50,mobilenetv3,jpeg_q90,False,0.12296920269727707,0.1405564546585083,-0.01758725196123123
img_0037.jpeg,resnet50,mobilenetv3,jpeg_q70,False,0.12296920269727707,0.10551884770393372,0.017450354993343353
img_0037.jpeg,resnet50,mobilenetv3,resize_75pct,False,0.12296920269727707,0.14123421907424927,-0.0182650163769722
img_0037.jpeg,resnet50,vit,none,False,0.879620373249054,0.8482478260993958,0.0313725471496582
img_0037.jpeg,resnet50,vit,jpeg_q90,False,0.879620373249054,0.8834458589553833,-0.0038254857063293457
img_0037.jpeg,resnet50,vit,jpeg_q70,False,0.879620373249054,0.8668419122695923,0.01277846097946167
img_0037.jpeg,resnet50,vit,resize_75pct,False,0.879620373249054,0.8393222689628601,0.04029810428619385
img_0037.jpeg,mobilenetv3,resnet50,none,False,0.7208507657051086,0.7549422979354858,-0.0340915322303772
img_0037.jpeg,mobilenetv3,resnet50,jpeg_q90,False,0.7208507657051086,0.6659045219421387,0.05494624376296997
img_0037.jpeg,mobilenetv3,resnet50,jpeg_q70,False,0.7208507657051086,0.6999605298042297,0.020890235900878906
img_0037.jpeg,mobilenetv3,resnet50,resize_75pct,False,0.7208507657051086,0.6250525116920471,0.09579825401306152
img_0037.jpeg,mobilenetv3,vit,none,False,0.879620373249054,0.8442232012748718,0.03539717197418213
img_0037.jpeg,mobilenetv3,vit,jpeg_q90,False,0.879620373249054,0.8825533986091614,-0.002933025360107422
img_0037.jpeg,mobilenetv3,vit,jpeg_q70,False,0.879620373249054,0.8761845827102661,0.003435790538787842
img_0037.jpeg,mobilenetv3,vit,resize_75pct,False,0.879620373249054,0.8407485485076904,0.038871824741363525
img_0037.jpeg,vit,resnet50,none,False,0.7208507657051086,0.738569438457489,-0.01771867275238037
img_0037.jpeg,vit,resnet50,jpeg_q90,False,0.7208507657051086,0.7229980230331421,-0.0021472573280334473
img_0037.jpeg,vit,resnet50,jpeg_q70,False,0.7208507657051086,0.6741054058074951,0.046745359897613525
img_0037.jpeg,vit,resnet50,resize_75pct,False,0.7208507657051086,0.6299017071723938,0.09094905853271484
img_0037.jpeg,vit,mobilenetv3,none,False,0.12296920269727707,0.12429662048816681,-0.00132741779088974
img_0037.jpeg,vit,mobilenetv3,jpeg_q90,False,0.12296920269727707,0.10743929445743561,0.015529908239841461
img_0037.jpeg,vit,mobilenetv3,jpeg_q70,False,0.12296920269727707,0.1737392395734787,-0.05077003687620163
img_0037.jpeg,vit,mobilenetv3,resize_75pct,False,0.12296920269727707,0.1119198203086853,0.011049382388591766
img_0038.jpeg,resnet50,mobilenetv3,none,False,0.6036242246627808,0.43458303809165955,0.16904118657112122
img_0038.jpeg,resnet50,mobilenetv3,jpeg_q90,False,0.6036242246627808,0.5196640491485596,0.08396017551422119
img_0038.jpeg,resnet50,mobilenetv3,jpeg_q70,False,0.6036242246627808,0.5012454390525818,0.10237878561019897
img_0038.jpeg,resnet50,mobilenetv3,resize_75pct,False,0.6036242246627808,0.1829516738653183,0.42067255079746246
img_0038.jpeg,resnet50,vit,none,False,0.8884575963020325,0.886113703250885,0.002343893051147461
img_0038.jpeg,resnet50,vit,jpeg_q90,False,0.8884575963020325,0.882305920124054,0.006151676177978516
img_0038.jpeg,resnet50,vit,jpeg_q70,False,0.8884575963020325,0.8981825113296509,-0.009724915027618408
img_0038.jpeg,resnet50,vit,resize_75pct,False,0.8884575963020325,0.875289261341095,0.0131683349609375
img_0038.jpeg,mobilenetv3,resnet50,none,False,0.2210792750120163,0.1823001205921173,0.03877915441989899
img_0038.jpeg,mobilenetv3,resnet50,jpeg_q90,False,0.2210792750120163,0.2253340780735016,-0.0042548030614852905
img_0038.jpeg,mobilenetv3,resnet50,jpeg_q70,False,0.2210792750120163,0.24326930940151215,-0.02219003438949585
img_0038.jpeg,mobilenetv3,resnet50,resize_75pct,False,0.2210792750120163,0.2503122389316559,-0.029232963919639587
img_0038.jpeg,mobilenetv3,vit,none,False,0.8884575963020325,0.8848730325698853,0.003584563732147217
img_0038.jpeg,mobilenetv3,vit,jpeg_q90,False,0.8884575963020325,0.8810220956802368,0.007435500621795654
img_0038.jpeg,mobilenetv3,vit,jpeg_q70,False,0.8884575963020325,0.8887952566146851,-0.0003376603126525879
img_0038.jpeg,mobilenetv3,vit,resize_75pct,False,0.8884575963020325,0.8761566877365112,0.01230090856552124
img_0038.jpeg,vit,resnet50,none,False,0.2210792750120163,0.24386203289031982,-0.022782757878303528
img_0038.jpeg,vit,resnet50,jpeg_q90,False,0.2210792750120163,0.2677188515663147,-0.0466395765542984
img_0038.jpeg,vit,resnet50,jpeg_q70,False,0.2210792750120163,0.32262781262397766,-0.10154853761196136
img_0038.jpeg,vit,resnet50,resize_75pct,False,0.2210792750120163,0.2473914921283722,-0.026312217116355896
img_0038.jpeg,vit,mobilenetv3,none,False,0.6036242246627808,0.5497428774833679,0.05388134717941284
img_0038.jpeg,vit,mobilenetv3,jpeg_q90,False,0.6036242246627808,0.6545528769493103,-0.05092865228652954
img_0038.jpeg,vit,mobilenetv3,jpeg_q70,False,0.6036242246627808,0.5976763367652893,0.005947887897491455
img_0038.jpeg,vit,mobilenetv3,resize_75pct,False,0.6036242246627808,0.39938613772392273,0.20423808693885803
img_0039.jpeg,resnet50,mobilenetv3,none,False,0.6792068481445312,0.6969327330589294,-0.017725884914398193
img_0039.jpeg,resnet50,mobilenetv3,jpeg_q90,False,0.6792068481445312,0.681844174861908,-0.002637326717376709
img_0039.jpeg,resnet50,mobilenetv3,jpeg_q70,False,0.6792068481445312,0.6432642340660095,0.03594261407852173
img_0039.jpeg,resnet50,mobilenetv3,resize_75pct,False,0.6792068481445312,0.6435139775276184,0.03569287061691284
img_0039.jpeg,resnet50,vit,none,False,0.873366117477417,0.8502203226089478,0.02314579486846924
img_0039.jpeg,resnet50,vit,jpeg_q90,False,0.873366117477417,0.8697023391723633,0.003663778305053711
img_0039.jpeg,resnet50,vit,jpeg_q70,False,0.873366117477417,0.8710294961929321,0.0023366212844848633
img_0039.jpeg,resnet50,vit,resize_75pct,False,0.873366117477417,0.8431938886642456,0.030172228813171387
img_0039.jpeg,mobilenetv3,resnet50,none,False,0.8004207611083984,0.7671751976013184,0.03324556350708008
img_0039.jpeg,mobilenetv3,resnet50,jpeg_q90,False,0.8004207611083984,0.7912485003471375,0.009172260761260986
img_0039.jpeg,mobilenetv3,resnet50,jpeg_q70,False,0.8004207611083984,0.8260024189949036,-0.025581657886505127
img_0039.jpeg,mobilenetv3,resnet50,resize_75pct,False,0.8004207611083984,0.7466869354248047,0.05373382568359375
img_0039.jpeg,mobilenetv3,vit,none,False,0.873366117477417,0.855137288570404,0.01822882890701294
img_0039.jpeg,mobilenetv3,vit,jpeg_q90,False,0.873366117477417,0.8609199523925781,0.012446165084838867
img_0039.jpeg,mobilenetv3,vit,jpeg_q70,False,0.873366117477417,0.86785489320755,0.005511224269866943
img_0039.jpeg,mobilenetv3,vit,resize_75pct,False,0.873366117477417,0.8480268716812134,0.025339245796203613
img_0039.jpeg,vit,resnet50,none,False,0.8004207611083984,0.7779462337493896,0.02247452735900879
img_0039.jpeg,vit,resnet50,jpeg_q90,False,0.8004207611083984,0.7767945528030396,0.023626208305358887
img_0039.jpeg,vit,resnet50,jpeg_q70,False,0.8004207611083984,0.7869769334793091,0.013443827629089355
img_0039.jpeg,vit,resnet50,resize_75pct,False,0.8004207611083984,0.7671145796775818,0.03330618143081665
img_0039.jpeg,vit,mobilenetv3,none,False,0.6792068481445312,0.749788761138916,-0.07058191299438477
img_0039.jpeg,vit,mobilenetv3,jpeg_q90,False,0.6792068481445312,0.7019600868225098,-0.022753238677978516
img_0039.jpeg,vit,mobilenetv3,jpeg_q70,False,0.6792068481445312,0.6504422426223755,0.02876460552215576
img_0039.jpeg,vit,mobilenetv3,resize_75pct,False,0.6792068481445312,0.6561718583106995,0.023034989833831787
img_0040.jpeg,resnet50,mobilenetv3,none,False,0.8241838812828064,0.8234250545501709,0.000758826732635498
img_0040.jpeg,resnet50,mobilenetv3,jpeg_q90,False,0.8241838812828064,0.8327844738960266,-0.008600592613220215
img_0040.jpeg,resnet50,mobilenetv3,jpeg_q70,False,0.8241838812828064,0.792487621307373,0.03169625997543335
img_0040.jpeg,resnet50,mobilenetv3,resize_75pct,False,0.8241838812828064,0.8409724831581116,-0.016788601875305176
img_0040.jpeg,resnet50,vit,none,False,0.9081261157989502,0.8941766023635864,0.01394951343536377
img_0040.jpeg,resnet50,vit,jpeg_q90,False,0.9081261157989502,0.9035212993621826,0.004604816436767578
img_0040.jpeg,resnet50,vit,jpeg_q70,False,0.9081261157989502,0.9073969721794128,0.0007291436195373535
img_0040.jpeg,resnet50,vit,resize_75pct,False,0.9081261157989502,0.9021291136741638,0.005997002124786377
img_0040.jpeg,mobilenetv3,resnet50,none,False,0.6230971217155457,0.6581714749336243,-0.03507435321807861
img_0040.jpeg,mobilenetv3,resnet50,jpeg_q90,False,0.6230971217155457,0.634615957736969,-0.01151883602142334
img_0040.jpeg,mobilenetv3,resnet50,jpeg_q70,False,0.6230971217155457,0.6048875451087952,0.01820957660675049
img_0040.jpeg,mobilenetv3,resnet50,resize_75pct,False,0.6230971217155457,0.6650950312614441,-0.04199790954589844
img_0040.jpeg,mobilenetv3,vit,none,False,0.9081261157989502,0.9064545035362244,0.00167161226272583
img_0040.jpeg,mobilenetv3,vit,jpeg_q90,False,0.9081261157989502,0.9060795903205872,0.002046525478363037
img_0040.jpeg,mobilenetv3,vit,jpeg_q70,False,0.9081261157989502,0.9053357243537903,0.002790391445159912
img_0040.jpeg,mobilenetv3,vit,resize_75pct,False,0.9081261157989502,0.9047403931617737,0.0033857226371765137
img_0040.jpeg,vit,resnet50,none,False,0.6230971217155457,0.6427353024482727,-0.01963818073272705
img_0040.jpeg,vit,resnet50,jpeg_q90,False,0.6230971217155457,0.6550996899604797,-0.03200256824493408
img_0040.jpeg,vit,resnet50,jpeg_q70,False,0.6230971217155457,0.6386805772781372,-0.015583455562591553
img_0040.jpeg,vit,resnet50,resize_75pct,False,0.6230971217155457,0.6502886414527893,-0.027191519737243652
img_0040.jpeg,vit,mobilenetv3,none,False,0.8241838812828064,0.833225667476654,-0.009041786193847656
img_0040.jpeg,vit,mobilenetv3,jpeg_q90,False,0.8241838812828064,0.8356465697288513,-0.011462688446044922
img_0040.jpeg,vit,mobilenetv3,jpeg_q70,False,0.8241838812828064,0.8058181405067444,0.01836574077606201
img_0040.jpeg,vit,mobilenetv3,resize_75pct,False,0.8241838812828064,0.850256085395813,-0.026072204113006592
img_0041.jpeg,resnet50,mobilenetv3,none,False,0.8934749960899353,0.9292567372322083,-0.03578174114227295
img_0041.jpeg,resnet50,mobilenetv3,jpeg_q90,False,0.8934749960899353,0.9281125664710999,-0.03463757038116455
img_0041.jpeg,resnet50,mobilenetv3,jpeg_q70,False,0.8934749960899353,0.9286540150642395,-0.0351790189743042
img_0041.jpeg,resnet50,mobilenetv3,resize_75pct,False,0.8934749960899353,0.9342237710952759,-0.040748775005340576
img_0041.jpeg,resnet50,vit,none,False,0.9046093225479126,0.8968538641929626,0.007755458354949951
img_0041.jpeg,resnet50,vit,jpeg_q90,False,0.9046093225479126,0.9032779932022095,0.001331329345703125
img_0041.jpeg,resnet50,vit,jpeg_q70,False,0.9046093225479126,0.8991125822067261,0.0054967403411865234
img_0041.jpeg,resnet50,vit,resize_75pct,False,0.9046093225479126,0.8855465650558472,0.01906275749206543
img_0041.jpeg,mobilenetv3,resnet50,none,False,0.40779027342796326,0.4257565438747406,-0.017966270446777344
img_0041.jpeg,mobilenetv3,resnet50,jpeg_q90,False,0.40779027342796326,0.44687381386756897,-0.03908354043960571
img_0041.jpeg,mobilenetv3,resnet50,jpeg_q70,False,0.40779027342796326,0.47655436396598816,-0.0687640905380249
img_0041.jpeg,mobilenetv3,resnet50,resize_75pct,False,0.40779027342796326,0.4014243185520172,0.006365954875946045
img_0041.jpeg,mobilenetv3,vit,none,False,0.9046093225479126,0.8800013065338135,0.02460801601409912
img_0041.jpeg,mobilenetv3,vit,jpeg_q90,False,0.9046093225479126,0.8917868137359619,0.012822508811950684
img_0041.jpeg,mobilenetv3,vit,jpeg_q70,False,0.9046093225479126,0.9007344841957092,0.003874838352203369
img_0041.jpeg,mobilenetv3,vit,resize_75pct,False,0.9046093225479126,0.8838896751403809,0.02071964740753174
img_0041.jpeg,vit,resnet50,none,False,0.40779027342796326,0.4382511377334595,-0.030460864305496216
img_0041.jpeg,vit,resnet50,jpeg_q90,False,0.40779027342796326,0.48335880041122437,-0.07556852698326111
img_0041.jpeg,vit,resnet50,jpeg_q70,False,0.40779027342796326,0.5309225916862488,-0.12313231825828552
img_0041.jpeg,vit,resnet50,resize_75pct,False,0.40779027342796326,0.42745667695999146,-0.019666403532028198
img_0041.jpeg,vit,mobilenetv3,none,False,0.8934749960899353,0.912691593170166,-0.019216597080230713
img_0041.jpeg,vit,mobilenetv3,jpeg_q90,False,0.8934749960899353,0.9170542359352112,-0.02357923984527588
img_0041.jpeg,vit,mobilenetv3,jpeg_q70,False,0.8934749960899353,0.9293667078018188,-0.035891711711883545
img_0041.jpeg,vit,mobilenetv3,resize_75pct,False,0.8934749960899353,0.9348134398460388,-0.041338443756103516
img_0042.jpeg,resnet50,mobilenetv3,none,False,0.40780699253082275,0.4874071776866913,-0.07960018515586853
img_0042.jpeg,resnet50,mobilenetv3,jpeg_q90,False,0.40780699253082275,0.443804532289505,-0.03599753975868225
img_0042.jpeg,resnet50,mobilenetv3,jpeg_q70,False,0.40780699253082275,0.43327075242996216,-0.025463759899139404
img_0042.jpeg,resnet50,mobilenetv3,resize_75pct,False,0.40780699253082275,0.5416488647460938,-0.133841872215271
img_0042.jpeg,resnet50,vit,none,False,0.8472879528999329,0.8136882185935974,0.03359973430633545
img_0042.jpeg,resnet50,vit,jpeg_q90,False,0.8472879528999329,0.8391791582107544,0.008108794689178467
img_0042.jpeg,resnet50,vit,jpeg_q70,False,0.8472879528999329,0.8392364382743835,0.008051514625549316
img_0042.jpeg,resnet50,vit,resize_75pct,False,0.8472879528999329,0.7059785723686218,0.14130938053131104
img_0042.jpeg,mobilenetv3,resnet50,none,False,0.41136375069618225,0.39890584349632263,0.01245790719985962
img_0042.jpeg,mobilenetv3,resnet50,jpeg_q90,False,0.41136375069618225,0.36822253465652466,0.04314121603965759
img_0042.jpeg,mobilenetv3,resnet50,jpeg_q70,False,0.41136375069618225,0.40374767780303955,0.0076160728931427
img_0042.jpeg,mobilenetv3,resnet50,resize_75pct,False,0.41136375069618225,0.4000948965549469,0.011268854141235352
img_0042.jpeg,mobilenetv3,vit,none,False,0.8472879528999329,0.8270134329795837,0.02027451992034912
img_0042.jpeg,mobilenetv3,vit,jpeg_q90,False,0.8472879528999329,0.8426328301429749,0.004655122756958008
img_0042.jpeg,mobilenetv3,vit,jpeg_q70,False,0.8472879528999329,0.8526251316070557,-0.005337178707122803
img_0042.jpeg,mobilenetv3,vit,resize_75pct,False,0.8472879528999329,0.7566249966621399,0.09066295623779297
img_0042.jpeg,vit,resnet50,none,False,0.41136375069618225,0.41672125458717346,-0.005357503890991211
img_0042.jpeg,vit,resnet50,jpeg_q90,False,0.41136375069618225,0.38694965839385986,0.024414092302322388
img_0042.jpeg,vit,resnet50,jpeg_q70,False,0.41136375069618225,0.3415736258029938,0.06979012489318848
img_0042.jpeg,vit,resnet50,resize_75pct,False,0.41136375069618225,0.4799051582813263,-0.06854140758514404
img_0042.jpeg,vit,mobilenetv3,none,False,0.40780699253082275,0.413540780544281,-0.005733788013458252
img_0042.jpeg,vit,mobilenetv3,jpeg_q90,False,0.40780699253082275,0.4018186628818512,0.005988329648971558
img_0042.jpeg,vit,mobilenetv3,jpeg_q70,False,0.40780699253082275,0.39934611320495605,0.0084608793258667
img_0042.jpeg,vit,mobilenetv3,resize_75pct,False,0.40780699253082275,0.46919023990631104,-0.06138324737548828
img_0043.jpeg,resnet50,mobilenetv3,none,False,0.4956151843070984,0.4782664477825165,0.01734873652458191
img_0043.jpeg,resnet50,mobilenetv3,jpeg_q90,False,0.4956151843070984,0.5206881165504456,-0.025072932243347168
img_0043.jpeg,resnet50,mobilenetv3,jpeg_q70,False,0.4956151843070984,0.4476768970489502,0.04793828725814819
img_0043.jpeg,resnet50,mobilenetv3,resize_75pct,False,0.4956151843070984,0.42826831340789795,0.06734687089920044
img_0043.jpeg,resnet50,vit,none,True,0.3235841393470764,0.24054434895515442,0.083039790391922
img_0043.jpeg,resnet50,vit,jpeg_q90,False,0.3235841393470764,0.36140257120132446,-0.03781843185424805
img_0043.jpeg,resnet50,vit,jpeg_q70,False,0.3235841393470764,0.26836898922920227,0.055215150117874146
img_0043.jpeg,resnet50,vit,resize_75pct,True,0.3235841393470764,0.2331184446811676,0.09046569466590881
img_0043.jpeg,mobilenetv3,resnet50,none,False,0.28095200657844543,0.2244613766670227,0.05649062991142273
img_0043.jpeg,mobilenetv3,resnet50,jpeg_q90,False,0.28095200657844543,0.3224506676197052,-0.041498661041259766
img_0043.jpeg,mobilenetv3,resnet50,jpeg_q70,False,0.28095200657844543,0.24713531136512756,0.03381669521331787
img_0043.jpeg,mobilenetv3,resnet50,resize_75pct,False,0.28095200657844543,0.2045963555574417,0.07635565102100372
img_0043.jpeg,mobilenetv3,vit,none,False,0.3235841393470764,0.26064375042915344,0.06294038891792297
img_0043.jpeg,mobilenetv3,vit,jpeg_q90,False,0.3235841393470764,0.4064047336578369,-0.0828205943107605
img_0043.jpeg,mobilenetv3,vit,jpeg_q70,False,0.3235841393470764,0.2835065722465515,0.0400775671005249
img_0043.jpeg,mobilenetv3,vit,resize_75pct,True,0.3235841393470764,0.26974886655807495,0.053835272789001465
img_0043.jpeg,vit,resnet50,none,False,0.28095200657844543,0.22474661469459534,0.0562053918838501
img_0043.jpeg,vit,resnet50,jpeg_q90,False,0.28095200657844543,0.34743964672088623,-0.0664876401424408
img_0043.jpeg,vit,resnet50,jpeg_q70,False,0.28095200657844543,0.2815555930137634,-0.0006035864353179932
img_0043.jpeg,vit,resnet50,resize_75pct,True,0.28095200657844543,0.17083938419818878,0.11011262238025665
img_0043.jpeg,vit,mobilenetv3,none,False,0.4956151843070984,0.5148401260375977,-0.019224941730499268
img_0043.jpeg,vit,mobilenetv3,jpeg_q90,False,0.4956151843070984,0.5625567436218262,-0.06694155931472778
img_0043.jpeg,vit,mobilenetv3,jpeg_q70,False,0.4956151843070984,0.46800386905670166,0.02761131525039673
img_0043.jpeg,vit,mobilenetv3,resize_75pct,False,0.4956151843070984,0.49103856086730957,0.004576623439788818
img_0044.jpeg,resnet50,mobilenetv3,none,False,0.44048237800598145,0.4351067841053009,0.005375593900680542
img_0044.jpeg,resnet50,mobilenetv3,jpeg_q90,False,0.44048237800598145,0.4306398630142212,0.009842514991760254
img_0044.jpeg,resnet50,mobilenetv3,jpeg_q70,False,0.44048237800598145,0.40979012846946716,0.030692249536514282
img_0044.jpeg,resnet50,mobilenetv3,resize_75pct,False,0.44048237800598145,0.38346147537231445,0.05702090263366699
img_0044.jpeg,resnet50,vit,none,False,0.5020248293876648,0.3902837038040161,0.11174112558364868
img_0044.jpeg,resnet50,vit,jpeg_q90,False,0.5020248293876648,0.4824584424495697,0.019566386938095093
img_0044.jpeg,resnet50,vit,jpeg_q70,False,0.5020248293876648,0.5364025831222534,-0.03437775373458862
img_0044.jpeg,resnet50,vit,resize_75pct,False,0.5020248293876648,0.45492467284202576,0.04710015654563904
img_0044.jpeg,mobilenetv3,resnet50,none,False,0.32171428203582764,0.26200953125953674,0.059704750776290894
img_0044.jpeg,mobilenetv3,resnet50,jpeg_q90,False,0.32171428203582764,0.27120375633239746,0.050510525703430176
img_0044.jpeg,mobilenetv3,resnet50,jpeg_q70,False,0.32171428203582764,0.2750917375087738,0.04662254452705383
img_0044.jpeg,mobilenetv3,resnet50,resize_75pct,False,0.32171428203582764,0.21350662410259247,0.10820765793323517
img_0044.jpeg,mobilenetv3,vit,none,False,0.5020248293876648,0.3706921935081482,0.1313326358795166
img_0044.jpeg,mobilenetv3,vit,jpeg_q90,False,0.5020248293876648,0.5041335225105286,-0.0021086931228637695
img_0044.jpeg,mobilenetv3,vit,jpeg_q70,False,0.5020248293876648,0.5155584812164307,-0.01353365182876587
img_0044.jpeg,mobilenetv3,vit,resize_75pct,False,0.5020248293876648,0.46275031566619873,0.039274513721466064
img_0044.jpeg,vit,resnet50,none,False,0.32171428203582764,0.23623134195804596,0.08548294007778168
img_0044.jpeg,vit,resnet50,jpeg_q90,False,0.32171428203582764,0.25335264205932617,0.06836163997650146
img_0044.jpeg,vit,resnet50,jpeg_q70,False,0.32171428203582764,0.25426751375198364,0.067446768283844
img_0044.jpeg,vit,resnet50,resize_75pct,False,0.32171428203582764,0.21144375205039978,0.11027052998542786
img_0044.jpeg,vit,mobilenetv3,none,False,0.44048237800598145,0.45006105303764343,-0.009578675031661987
img_0044.jpeg,vit,mobilenetv3,jpeg_q90,False,0.44048237800598145,0.46041345596313477,-0.01993107795715332
img_0044.jpeg,vit,mobilenetv3,jpeg_q70,False,0.44048237800598145,0.3981930613517761,0.04228931665420532
img_0044.jpeg,vit,mobilenetv3,resize_75pct,False,0.44048237800598145,0.4620871841907501,-0.021604806184768677
img_0045.jpeg,resnet50,mobilenetv3,none,False,0.9773426055908203,0.9573413729667664,0.020001232624053955
img_0045.jpeg,resnet50,mobilenetv3,jpeg_q90,False,0.9773426055908203,0.976306140422821,0.0010364651679992676
img_0045.jpeg,resnet50,mobilenetv3,jpeg_q70,False,0.9773426055908203,0.9826516509056091,-0.005309045314788818
img_0045.jpeg,resnet50,mobilenetv3,resize_75pct,False,0.9773426055908203,0.9437028765678406,0.033639729022979736
img_0045.jpeg,resnet50,vit,none,False,0.9186056852340698,0.923176109790802,-0.004570424556732178
img_0045.jpeg,resnet50,vit,jpeg_q90,False,0.9186056852340698,0.9153397083282471,0.003265976905822754
img_0045.jpeg,resnet50,vit,jpeg_q70,False,0.9186056852340698,0.9206204414367676,-0.002014756202697754
img_0045.jpeg,resnet50,vit,resize_75pct,False,0.9186056852340698,0.9286643266677856,-0.01005864143371582
img_0045.jpeg,mobilenetv3,resnet50,none,False,0.2796010971069336,0.3235892355442047,-0.04398813843727112
img_0045.jpeg,mobilenetv3,resnet50,jpeg_q90,False,0.2796010971069336,0.29664358496665955,-0.017042487859725952
img_0045.jpeg,mobilenetv3,resnet50,jpeg_q70,False,0.2796010971069336,0.2282799780368805,0.0513211190700531
img_0045.jpeg,mobilenetv3,resnet50,resize_75pct,False,0.2796010971069336,0.39395347237586975,-0.11435237526893616
img_0045.jpeg,mobilenetv3,vit,none,False,0.9186056852340698,0.9151949286460876,0.0034107565879821777
img_0045.jpeg,mobilenetv3,vit,jpeg_q90,False,0.9186056852340698,0.8889383673667908,0.029667317867279053
img_0045.jpeg,mobilenetv3,vit,jpeg_q70,False,0.9186056852340698,0.9245765209197998,-0.0059708356857299805
img_0045.jpeg,mobilenetv3,vit,resize_75pct,False,0.9186056852340698,0.9293060898780823,-0.010700404644012451
img_0045.jpeg,vit,resnet50,none,False,0.2796010971069336,0.33626067638397217,-0.056659579277038574
img_0045.jpeg,vit,resnet50,jpeg_q90,False,0.2796010971069336,0.2970721125602722,-0.017471015453338623
img_0045.jpeg,vit,resnet50,jpeg_q70,False,0.2796010971069336,0.29364660382270813,-0.014045506715774536
img_0045.jpeg,vit,resnet50,resize_75pct,False,0.2796010971069336,0.3456015884876251,-0.06600049138069153
img_0045.jpeg,vit,mobilenetv3,none,False,0.9773426055908203,0.9692696332931519,0.008072972297668457
img_0045.jpeg,vit,mobilenetv3,jpeg_q90,False,0.9773426055908203,0.9678383469581604,0.009504258632659912
img_0045.jpeg,vit,mobilenetv3,jpeg_q70,False,0.9773426055908203,0.9717261791229248,0.005616426467895508
img_0045.jpeg,vit,mobilenetv3,resize_75pct,False,0.9773426055908203,0.9521296620368958,0.02521294355392456
img_0046.jpeg,resnet50,mobilenetv3,none,False,0.8183420896530151,0.7022018432617188,0.11614024639129639
img_0046.jpeg,resnet50,mobilenetv3,jpeg_q90,False,0.8183420896530151,0.8005545735359192,0.017787516117095947
img_0046.jpeg,resnet50,mobilenetv3,jpeg_q70,False,0.8183420896530151,0.7754470109939575,0.04289507865905762
img_0046.jpeg,resnet50,mobilenetv3,resize_75pct,False,0.8183420896530151,0.5630810260772705,0.25526106357574463
img_0046.jpeg,resnet50,vit,none,False,0.8189462423324585,0.7997402548789978,0.019205987453460693
img_0046.jpeg,resnet50,vit,jpeg_q90,False,0.8189462423324585,0.8296930193901062,-0.010746777057647705
img_0046.jpeg,resnet50,vit,jpeg_q70,False,0.8189462423324585,0.8091292381286621,0.009817004203796387
img_0046.jpeg,resnet50,vit,resize_75pct,False,0.8189462423324585,0.7461645603179932,0.07278168201446533
img_0046.jpeg,mobilenetv3,resnet50,none,False,0.5594557523727417,0.5579132437705994,0.001542508602142334
img_0046.jpeg,mobilenetv3,resnet50,jpeg_q90,False,0.5594557523727417,0.4615396559238434,0.09791609644889832
img_0046.jpeg,mobilenetv3,resnet50,jpeg_q70,False,0.5594557523727417,0.45276352763175964,0.10669222474098206
img_0046.jpeg,mobilenetv3,resnet50,resize_75pct,False,0.5594557523727417,0.5961548089981079,-0.03669905662536621
img_0046.jpeg,mobilenetv3,vit,none,False,0.8189462423324585,0.8190042972564697,-5.805492401123047e-05
img_0046.jpeg,mobilenetv3,vit,jpeg_q90,False,0.8189462423324585,0.8341127038002014,-0.01516646146774292
img_0046.jpeg,mobilenetv3,vit,jpeg_q70,False,0.8189462423324585,0.8165318369865417,0.002414405345916748
img_0046.jpeg,mobilenetv3,vit,resize_75pct,False,0.8189462423324585,0.7444571852684021,0.0744890570640564
img_0046.jpeg,vit,resnet50,none,False,0.5594557523727417,0.4811469316482544,0.0783088207244873
img_0046.jpeg,vit,resnet50,jpeg_q90,False,0.5594557523727417,0.5017122030258179,0.05774354934692383
img_0046.jpeg,vit,resnet50,jpeg_q70,False,0.5594557523727417,0.4096603989601135,0.14979535341262817
img_0046.jpeg,vit,resnet50,resize_75pct,False,0.5594557523727417,0.5371176600456238,0.02233809232711792
img_0046.jpeg,vit,mobilenetv3,none,False,0.8183420896530151,0.8093541264533997,0.008987963199615479
img_0046.jpeg,vit,mobilenetv3,jpeg_q90,False,0.8183420896530151,0.8167357444763184,0.0016063451766967773
img_0046.jpeg,vit,mobilenetv3,jpeg_q70,False,0.8183420896530151,0.7976043224334717,0.020737767219543457
img_0046.jpeg,vit,mobilenetv3,resize_75pct,False,0.8183420896530151,0.6126123666763306,0.20572972297668457
img_0047.jpeg,resnet50,mobilenetv3,none,False,0.7470846176147461,0.7516615390777588,-0.004576921463012695
img_0047.jpeg,resnet50,mobilenetv3,jpeg_q90,False,0.7470846176147461,0.7562233805656433,-0.009138762950897217
img_0047.jpeg,resnet50,mobilenetv3,jpeg_q70,False,0.7470846176147461,0.7605274319648743,-0.013442814350128174
img_0047.jpeg,resnet50,mobilenetv3,resize_75pct,False,0.7470846176147461,0.6826176643371582,0.06446695327758789
img_0047.jpeg,resnet50,vit,none,False,0.9055694937705994,0.8870106935501099,0.018558800220489502
img_0047.jpeg,resnet50,vit,jpeg_q90,False,0.9055694937705994,0.9050450325012207,0.0005244612693786621
img_0047.jpeg,resnet50,vit,jpeg_q70,False,0.9055694937705994,0.9048315286636353,0.0007379651069641113
img_0047.jpeg,resnet50,vit,resize_75pct,False,0.9055694937705994,0.8898566961288452,0.01571279764175415
img_0047.jpeg,mobilenetv3,resnet50,none,False,0.4053751230239868,0.4337180256843567,-0.028342902660369873
img_0047.jpeg,mobilenetv3,resnet50,jpeg_q90,False,0.4053751230239868,0.40629005432128906,-0.0009149312973022461
img_0047.jpeg,mobilenetv3,resnet50,jpeg_q70,False,0.4053751230239868,0.3765676021575928,0.028807520866394043
img_0047.jpeg,mobilenetv3,resnet50,resize_75pct,False,0.4053751230239868,0.42914560437202454,-0.02377048134803772
img_0047.jpeg,mobilenetv3,vit,none,False,0.9055694937705994,0.888451099395752,0.017118394374847412
img_0047.jpeg,mobilenetv3,vit,jpeg_q90,False,0.9055694937705994,0.8805517554283142,0.025017738342285156
img_0047.jpeg,mobilenetv3,vit,jpeg_q70,False,0.9055694937705994,0.8978541493415833,0.007715344429016113
img_0047.jpeg,mobilenetv3,vit,resize_75pct,False,0.9055694937705994,0.8940465450286865,0.011522948741912842
img_0047.jpeg,vit,resnet50,none,False,0.4053751230239868,0.4287296235561371,-0.02335450053215027
img_0047.jpeg,vit,resnet50,jpeg_q90,False,0.4053751230239868,0.4285115599632263,-0.023136436939239502
img_0047.jpeg,vit,resnet50,jpeg_q70,False,0.4053751230239868,0.39176255464553833,0.013612568378448486
img_0047.jpeg,vit,resnet50,resize_75pct,False,0.4053751230239868,0.410209059715271,-0.00483393669128418
img_0047.jpeg,vit,mobilenetv3,none,False,0.7470846176147461,0.7832741141319275,-0.036189496517181396
img_0047.jpeg,vit,mobilenetv3,jpeg_q90,False,0.7470846176147461,0.7751739621162415,-0.02808934450149536
img_0047.jpeg,vit,mobilenetv3,jpeg_q70,False,0.7470846176147461,0.7709729075431824,-0.02388828992843628
img_0047.jpeg,vit,mobilenetv3,resize_75pct,False,0.7470846176147461,0.6992133259773254,0.047871291637420654
img_0048.jpeg,resnet50,mobilenetv3,none,False,0.19844302535057068,0.2966914474964142,-0.0982484221458435
img_0048.jpeg,resnet50,mobilenetv3,jpeg_q90,False,0.19844302535057068,0.22181057929992676,-0.02336755394935608
img_0048.jpeg,resnet50,mobilenetv3,jpeg_q70,False,0.19844302535057068,0.26819920539855957,-0.06975618004798889
img_0048.jpeg,resnet50,mobilenetv3,resize_75pct,False,0.19844302535057068,0.3114704191684723,-0.11302739381790161
img_0048.jpeg,resnet50,vit,none,False,0.8877972364425659,0.9161326289176941,-0.028335392475128174
img_0048.jpeg,resnet50,vit,jpeg_q90,False,0.8877972364425659,0.8969545960426331,-0.009157359600067139
img_0048.jpeg,resnet50,vit,jpeg_q70,False,0.8877972364425659,0.8979308009147644,-0.010133564472198486
img_0048.jpeg,resnet50,vit,resize_75pct,False,0.8877972364425659,0.9174661040306091,-0.029668867588043213
img_0048.jpeg,mobilenetv3,resnet50,none,False,0.15676920115947723,0.21632735431194305,-0.05955815315246582
img_0048.jpeg,mobilenetv3,resnet50,jpeg_q90,False,0.15676920115947723,0.10469231009483337,0.05207689106464386
img_0048.jpeg,mobilenetv3,resnet50,jpeg_q70,False,0.15676920115947723,0.1489138901233673,0.007855311036109924
img_0048.jpeg,mobilenetv3,resnet50,resize_75pct,False,0.15676920115947723,0.1303749978542328,0.026394203305244446
img_0048.jpeg,mobilenetv3,vit,none,False,0.8877972364425659,0.9238695502281189,-0.03607231378555298
img_0048.jpeg,mobilenetv3,vit,jpeg_q90,False,0.8877972364425659,0.9000676274299622,-0.01227039098739624
img_0048.jpeg,mobilenetv3,vit,jpeg_q70,False,0.8877972364425659,0.8992128968238831,-0.011415660381317139
img_0048.jpeg,mobilenetv3,vit,resize_75pct,False,0.8877972364425659,0.927353024482727,-0.03955578804016113
img_0048.jpeg,vit,resnet50,none,False,0.15676920115947723,0.14690959453582764,0.009859606623649597
img_0048.jpeg,vit,resnet50,jpeg_q90,False,0.15676920115947723,0.16668610274791718,-0.009916901588439941
img_0048.jpeg,vit,resnet50,jpeg_q70,False,0.15676920115947723,0.1263538897037506,0.030415311455726624
img_0048.jpeg,vit,resnet50,resize_75pct,False,0.15676920115947723,0.10670153051614761,0.05006767064332962
img_0048.jpeg,vit,mobilenetv3,none,False,0.19844302535057068,0.22472023963928223,-0.026277214288711548
img_0048.jpeg,vit,mobilenetv3,jpeg_q90,False,0.19844302535057068,0.14321404695510864,0.055228978395462036
img_0048.jpeg,vit,mobilenetv3,jpeg_q70,False,0.19844302535057068,0.16142171621322632,0.03702130913734436
img_0048.jpeg,vit,mobilenetv3,resize_75pct,False,0.19844302535057068,0.25439098477363586,-0.055947959423065186
img_0049.jpeg,resnet50,mobilenetv3,none,False,0.672355055809021,0.7692893743515015,-0.09693431854248047
img_0049.jpeg,resnet50,mobilenetv3,jpeg_q90,False,0.672355055809021,0.6704868078231812,0.0018682479858398438
img_0049.jpeg,resnet50,mobilenetv3,jpeg_q70,False,0.672355055809021,0.670482873916626,0.0018721818923950195
img_0049.jpeg,resnet50,mobilenetv3,resize_75pct,False,0.672355055809021,0.7319424748420715,-0.05958741903305054
img_0049.jpeg,resnet50,vit,none,False,0.6813379526138306,0.7466405630111694,-0.06530261039733887
img_0049.jpeg,resnet50,vit,jpeg_q90,False,0.6813379526138306,0.6665667295455933,0.014771223068237305
img_0049.jpeg,resnet50,vit,jpeg_q70,False,0.6813379526138306,0.698737382888794,-0.01739943027496338
img_0049.jpeg,resnet50,vit,resize_75pct,False,0.6813379526138306,0.7762912511825562,-0.09495329856872559
img_0049.jpeg,mobilenetv3,resnet50,none,False,0.23336081206798553,0.30955418944358826,-0.07619337737560272
img_0049.jpeg,mobilenetv3,resnet50,jpeg_q90,False,0.23336081206798553,0.23982559144496918,-0.006464779376983643
img_0049.jpeg,mobilenetv3,resnet50,jpeg_q70,False,0.23336081206798553,0.28022029995918274,-0.046859487891197205
img_0049.jpeg,mobilenetv3,resnet50,resize_75pct,False,0.23336081206798553,0.3023195266723633,-0.06895871460437775
img_0049.jpeg,mobilenetv3,vit,none,False,0.6813379526138306,0.7744631767272949,-0.09312522411346436
img_0049.jpeg,mobilenetv3,vit,jpeg_q90,False,0.6813379526138306,0.7158424854278564,-0.03450453281402588
img_0049.jpeg,mobilenetv3,vit,jpeg_q70,False,0.6813379526138306,0.6968457698822021,-0.015507817268371582
img_0049.jpeg,mobilenetv3,vit,resize_75pct,False,0.6813379526138306,0.8091924786567688,-0.12785452604293823
img_0049.jpeg,vit,resnet50,none,False,0.23336081206798553,0.28999561071395874,-0.056634798645973206
img_0049.jpeg,vit,resnet50,jpeg_q90,False,0.23336081206798553,0.25574570894241333,-0.022384896874427795
img_0049.jpeg,vit,resnet50,jpeg_q70,False,0.23336081206798553,0.24482402205467224,-0.011463209986686707
img_0049.jpeg,vit,resnet50,resize_75pct,False,0.23336081206798553,0.28964975476264954,-0.056288942694664
img_0049.jpeg,vit,mobilenetv3,none,False,0.672355055809021,0.7094568610191345,-0.037101805210113525
img_0049.jpeg,vit,mobilenetv3,jpeg_q90,False,0.672355055809021,0.6949957609176636,-0.022640705108642578
img_0049.jpeg,vit,mobilenetv3,jpeg_q70,False,0.672355055809021,0.6630706191062927,0.009284436702728271
img_0049.jpeg,vit,mobilenetv3,resize_75pct,False,0.672355055809021,0.7160034775733948,-0.04364842176437378
img_0050.jpeg,resnet50,mobilenetv3,none,False,0.07702046632766724,0.10833075642585754,-0.03131029009819031
img_0050.jpeg,resnet50,mobilenetv3,jpeg_q90,True,0.07702046632766724,0.07347381114959717,0.0035466551780700684
img_0050.jpeg,resnet50,mobilenetv3,jpeg_q70,True,0.07702046632766724,0.04901020973920822,0.028010256588459015
img_0050.jpeg,resnet50,mobilenetv3,resize_75pct,False,0.07702046632766724,0.13799406588077545,-0.060973599553108215
img_0050.jpeg,resnet50,vit,none,False,0.8630295991897583,0.8304098844528198,0.03261971473693848
img_0050.jpeg,resnet50,vit,jpeg_q90,False,0.8630295991897583,0.8536785244941711,0.009351074695587158
img_0050.jpeg,resnet50,vit,jpeg_q70,False,0.8630295991897583,0.8608262538909912,0.00220334529876709
img_0050.jpeg,resnet50,vit,resize_75pct,False,0.8630295991897583,0.532853364944458,0.3301762342453003
img_0050.jpeg,mobilenetv3,resnet50,none,False,0.4496908187866211,0.5455547571182251,-0.095863938331604
img_0050.jpeg,mobilenetv3,resnet50,jpeg_q90,False,0.4496908187866211,0.3160562813282013,0.1336345374584198
img_0050.jpeg,mobilenetv3,resnet50,jpeg_q70,False,0.4496908187866211,0.408285915851593,0.041404902935028076
img_0050.jpeg,mobilenetv3,resnet50,resize_75pct,False,0.4496908187866211,0.4014028310775757,0.04828798770904541
img_0050.jpeg,mobilenetv3,vit,none,False,0.8630295991897583,0.8312042355537415,0.031825363636016846
img_0050.jpeg,mobilenetv3,vit,jpeg_q90,False,0.8630295991897583,0.8495088815689087,0.01352071762084961
img_0050.jpeg,mobilenetv3,vit,jpeg_q70,False,0.8630295991897583,0.8620662689208984,0.0009633302688598633
img_0050.jpeg,mobilenetv3,vit,resize_75pct,False,0.8630295991897583,0.766870379447937,0.09615921974182129
img_0050.jpeg,vit,resnet50,none,False,0.4496908187866211,0.3934939503669739,0.05619686841964722
img_0050.jpeg,vit,resnet50,jpeg_q90,False,0.4496908187866211,0.4198830723762512,0.029807746410369873
img_0050.jpeg,vit,resnet50,jpeg_q70,False,0.4496908187866211,0.44632506370544434,0.003365755081176758
img_0050.jpeg,vit,resnet50,resize_75pct,False,0.4496908187866211,0.19783753156661987,0.2518532872200012
img_0050.jpeg,vit,mobilenetv3,none,False,0.07702046632766724,0.08693139255046844,-0.009910926222801208
img_0050.jpeg,vit,mobilenetv3,jpeg_q90,False,0.07702046632766724,0.0740898996591568,0.002930566668510437
img_0050.jpeg,vit,mobilenetv3,jpeg_q70,False,0.07702046632766724,0.06903684139251709,0.007983624935150146
img_0050.jpeg,vit,mobilenetv3,resize_75pct,False,0.07702046632766724,0.06799757480621338,0.009022891521453857
img_0051.jpeg,resnet50,mobilenetv3,none,False,0.2980855405330658,0.38973504304885864,-0.09164950251579285
img_0051.jpeg,resnet50,mobilenetv3,jpeg_q90,False,0.2980855405330658,0.3199275732040405,-0.02184203267097473
img_0051.jpeg,resnet50,mobilenetv3,jpeg_q70,False,0.2980855405330658,0.29019027948379517,0.00789526104927063
img_0051.jpeg,resnet50,mobilenetv3,resize_75pct,False,0.2980855405330658,0.35509878396987915,-0.057013243436813354
img_0051.jpeg,resnet50,vit,none,False,0.5414739847183228,0.6040967106819153,-0.06262272596359253
img_0051.jpeg,resnet50,vit,jpeg_q90,False,0.5414739847183228,0.5500040650367737,-0.008530080318450928
img_0051.jpeg,resnet50,vit,jpeg_q70,False,0.5414739847183228,0.5751946568489075,-0.03372067213058472
img_0051.jpeg,resnet50,vit,resize_75pct,False,0.5414739847183228,0.5749415755271912,-0.03346759080886841
img_0051.jpeg,mobilenetv3,resnet50,none,False,0.17949342727661133,0.19243450462818146,-0.01294107735157013
img_0051.jpeg,mobilenetv3,resnet50,jpeg_q90,False,0.17949342727661133,0.16566811501979828,0.01382531225681305
img_0051.jpeg,mobilenetv3,resnet50,jpeg_q70,False,0.17949342727661133,0.14909957349300385,0.030393853783607483
img_0051.jpeg,mobilenetv3,resnet50,resize_75pct,False,0.17949342727661133,0.1659606695175171,0.013532757759094238
img_0051.jpeg,mobilenetv3,vit,none,False,0.5414739847183228,0.5911908745765686,-0.04971688985824585
img_0051.jpeg,mobilenetv3,vit,jpeg_q90,False,0.5414739847183228,0.5313336253166199,0.01014035940170288
img_0051.jpeg,mobilenetv3,vit,jpeg_q70,False,0.5414739847183228,0.5614125728607178,-0.01993858814239502
img_0051.jpeg,mobilenetv3,vit,resize_75pct,False,0.5414739847183228,0.5515916347503662,-0.010117650032043457
img_0051.jpeg,vit,resnet50,none,False,0.17949342727661133,0.15152952075004578,0.027963906526565552
img_0051.jpeg,vit,resnet50,jpeg_q90,False,0.17949342727661133,0.14203044772148132,0.037462979555130005
img_0051.jpeg,vit,resnet50,jpeg_q70,False,0.17949342727661133,0.16462352871894836,0.014869898557662964
img_0051.jpeg,vit,resnet50,resize_75pct,False,0.17949342727661133,0.12451626360416412,0.054977163672447205
img_0051.jpeg,vit,mobilenetv3,none,False,0.2980855405330658,0.3694261908531189,-0.0713406503200531
img_0051.jpeg,vit,mobilenetv3,jpeg_q90,False,0.2980855405330658,0.3677365481853485,-0.06965100765228271
img_0051.jpeg,vit,mobilenetv3,jpeg_q70,False,0.2980855405330658,0.3204631209373474,-0.022377580404281616
img_0051.jpeg,vit,mobilenetv3,resize_75pct,False,0.2980855405330658,0.3486981987953186,-0.05061265826225281
img_0052.jpeg,resnet50,mobilenetv3,none,False,0.48658445477485657,0.5154962539672852,-0.02891179919242859
img_0052.jpeg,resnet50,mobilenetv3,jpeg_q90,False,0.48658445477485657,0.5113129019737244,-0.024728447198867798
img_0052.jpeg,resnet50,mobilenetv3,jpeg_q70,False,0.48658445477485657,0.5283226370811462,-0.04173818230628967
img_0052.jpeg,resnet50,mobilenetv3,resize_75pct,False,0.48658445477485657,0.44246232509613037,0.044122129678726196
img_0052.jpeg,resnet50,vit,none,False,0.6351425051689148,0.6320757269859314,0.0030667781829833984
img_0052.jpeg,resnet50,vit,jpeg_q90,False,0.6351425051689148,0.6611924171447754,-0.026049911975860596
img_0052.jpeg,resnet50,vit,jpeg_q70,False,0.6351425051689148,0.5785605311393738,0.056581974029541016
img_0052.jpeg,resnet50,vit,resize_75pct,False,0.6351425051689148,0.7011188864707947,-0.06597638130187988
img_0052.jpeg,mobilenetv3,resnet50,none,False,0.35227856040000916,0.3591800034046173,-0.006901443004608154
img_0052.jpeg,mobilenetv3,resnet50,jpeg_q90,False,0.35227856040000916,0.41894420981407166,-0.0666656494140625
img_0052.jpeg,mobilenetv3,resnet50,jpeg_q70,False,0.35227856040000916,0.37440308928489685,-0.022124528884887695
img_0052.jpeg,mobilenetv3,resnet50,resize_75pct,False,0.35227856040000916,0.3174355924129486,0.03484296798706055
img_0052.jpeg,mobilenetv3,vit,none,False,0.6351425051689148,0.5978317856788635,0.03731071949005127
img_0052.jpeg,mobilenetv3,vit,jpeg_q90,False,0.6351425051689148,0.6086446046829224,0.02649790048599243
img_0052.jpeg,mobilenetv3,vit,jpeg_q70,False,0.6351425051689148,0.5406262874603271,0.09451621770858765
img_0052.jpeg,mobilenetv3,vit,resize_75pct,False,0.6351425051689148,0.6460704803466797,-0.010927975177764893
img_0052.jpeg,vit,resnet50,none,False,0.35227856040000916,0.3482471704483032,0.004031389951705933
img_0052.jpeg,vit,resnet50,jpeg_q90,False,0.35227856040000916,0.4015309512615204,-0.04925239086151123
img_0052.jpeg,vit,resnet50,jpeg_q70,False,0.35227856040000916,0.37776830792427063,-0.025489747524261475
img_0052.jpeg,vit,resnet50,resize_75pct,False,0.35227856040000916,0.33106985688209534,0.02120870351791382
img_0052.jpeg,vit,mobilenetv3,none,False,0.48658445477485657,0.5172820091247559,-0.030697554349899292
img_0052.jpeg,vit,mobilenetv3,jpeg_q90,False,0.48658445477485657,0.508342981338501,-0.02175852656364441
img_0052.jpeg,vit,mobilenetv3,jpeg_q70,False,0.48658445477485657,0.5269507765769958,-0.04036632180213928
img_0052.jpeg,vit,mobilenetv3,resize_75pct,False,0.48658445477485657,0.36762428283691406,0.1189601719379425
img_0053.jpeg,resnet50,mobilenetv3,none,False,0.8930761218070984,0.8887004256248474,0.0043756961822509766
img_0053.jpeg,resnet50,mobilenetv3,jpeg_q90,False,0.8930761218070984,0.8894230127334595,0.003653109073638916
img_0053.jpeg,resnet50,mobilenetv3,jpeg_q70,False,0.8930761218070984,0.8912404179573059,0.0018357038497924805
img_0053.jpeg,resnet50,mobilenetv3,resize_75pct,False,0.8930761218070984,0.871204137802124,0.021871984004974365
img_0053.jpeg,resnet50,vit,none,False,0.8646544814109802,0.871907651424408,-0.007253170013427734
img_0053.jpeg,resnet50,vit,jpeg_q90,False,0.8646544814109802,0.844394862651825,0.020259618759155273
img_0053.jpeg,resnet50,vit,jpeg_q70,False,0.8646544814109802,0.8478975892066956,0.016756892204284668
img_0053.jpeg,resnet50,vit,resize_75pct,False,0.8646544814109802,0.8864883780479431,-0.02183389663696289
img_0053.jpeg,mobilenetv3,resnet50,none,False,0.5877607464790344,0.5753774642944336,0.01238328218460083
img_0053.jpeg,mobilenetv3,resnet50,jpeg_q90,False,0.5877607464790344,0.6019964218139648,-0.01423567533493042
img_0053.jpeg,mobilenetv3,resnet50,jpeg_q70,False,0.5877607464790344,0.5791736841201782,0.008587062358856201
img_0053.jpeg,mobilenetv3,resnet50,resize_75pct,False,0.5877607464790344,0.5415497422218323,0.04621100425720215
img_0053.jpeg,mobilenetv3,vit,none,False,0.8646544814109802,0.8739150166511536,-0.00926053524017334
img_0053.jpeg,mobilenetv3,vit,jpeg_q90,False,0.8646544814109802,0.8445477485656738,0.020106732845306396
img_0053.jpeg,mobilenetv3,vit,jpeg_q70,False,0.8646544814109802,0.8654220104217529,-0.0007675290107727051
img_0053.jpeg,mobilenetv3,vit,resize_75pct,False,0.8646544814109802,0.8854213953018188,-0.020766913890838623
img_0053.jpeg,vit,resnet50,none,False,0.5877607464790344,0.6048629879951477,-0.01710224151611328
img_0053.jpeg,vit,resnet50,jpeg_q90,False,0.5877607464790344,0.605952262878418,-0.018191516399383545
img_0053.jpeg,vit,resnet50,jpeg_q70,False,0.5877607464790344,0.5594863891601562,0.028274357318878174
img_0053.jpeg,vit,resnet50,resize_75pct,False,0.5877607464790344,0.5069184899330139,0.08084225654602051
img_0053.jpeg,vit,mobilenetv3,none,False,0.8930761218070984,0.8816410303115845,0.011435091495513916
img_0053.jpeg,vit,mobilenetv3,jpeg_q90,False,0.8930761218070984,0.8887050747871399,0.004371047019958496
img_0053.jpeg,vit,mobilenetv3,jpeg_q70,False,0.8930761218070984,0.8762362003326416,0.016839921474456787
img_0053.jpeg,vit,mobilenetv3,resize_75pct,False,0.8930761218070984,0.8533705472946167,0.03970557451248169
img_0054.jpeg,resnet50,mobilenetv3,none,False,0.29074040055274963,0.278048038482666,0.012692362070083618
img_0054.jpeg,resnet50,mobilenetv3,jpeg_q90,False,0.29074040055274963,0.3467075526714325,-0.05596715211868286
img_0054.jpeg,resnet50,mobilenetv3,jpeg_q70,False,0.29074040055274963,0.310411661863327,-0.019671261310577393
img_0054.jpeg,resnet50,mobilenetv3,resize_75pct,False,0.29074040055274963,0.35202479362487793,-0.061284393072128296
img_0054.jpeg,resnet50,vit,none,False,0.4183747470378876,0.654033362865448,-0.23565861582756042
img_0054.jpeg,resnet50,vit,jpeg_q90,False,0.4183747470378876,0.4902706444263458,-0.07189589738845825
img_0054.jpeg,resnet50,vit,jpeg_q70,False,0.4183747470378876,0.44559556245803833,-0.027220815420150757
img_0054.jpeg,resnet50,vit,resize_75pct,False,0.4183747470378876,0.7022321224212646,-0.2838573753833771
img_0054.jpeg,mobilenetv3,resnet50,none,True,0.23276405036449432,0.14197152853012085,0.09079252183437347
img_0054.jpeg,mobilenetv3,resnet50,jpeg_q90,False,0.23276405036449432,0.2575583755970001,-0.0247943252325058
img_0054.jpeg,mobilenetv3,resnet50,jpeg_q70,False,0.23276405036449432,0.2209344506263733,0.011829599738121033
img_0054.jpeg,mobilenetv3,resnet50,resize_75pct,False,0.23276405036449432,0.22922715544700623,0.003536894917488098
img_0054.jpeg,mobilenetv3,vit,none,False,0.4183747470378876,0.6940054893493652,-0.27563074231147766
img_0054.jpeg,mobilenetv3,vit,jpeg_q90,False,0.4183747470378876,0.5242185592651367,-0.10584381222724915
img_0054.jpeg,mobilenetv3,vit,jpeg_q70,False,0.4183747470378876,0.5626799464225769,-0.14430519938468933
img_0054.jpeg,mobilenetv3,vit,resize_75pct,False,0.4183747470378876,0.7531613707542419,-0.33478662371635437
img_0054.jpeg,vit,resnet50,none,False,0.23276405036449432,0.19817420840263367,0.03458984196186066
img_0054.jpeg,vit,resnet50,jpeg_q90,False,0.23276405036449432,0.31447628140449524,-0.08171223104000092
img_0054.jpeg,vit,resnet50,jpeg_q70,False,0.23276405036449432,0.25206708908081055,-0.019303038716316223
img_0054.jpeg,vit,resnet50,resize_75pct,False,0.23276405036449432,0.262068510055542,-0.02930445969104767
img_0054.jpeg,vit,mobilenetv3,none,False,0.29074040055274963,0.26179084181785583,0.0289495587348938
img_0054.jpeg,vit,mobilenetv3,jpeg_q90,False,0.29074040055274963,0.2772890031337738,0.01345139741897583
img_0054.jpeg,vit,mobilenetv3,jpeg_q70,False,0.29074040055274963,0.2854215204715729,0.005318880081176758
img_0054.jpeg,vit,mobilenetv3,resize_75pct,False,0.29074040055274963,0.3355863690376282,-0.04484596848487854
img_0055.jpeg,resnet50,mobilenetv3,none,True,0.3298478126525879,0.16911642253398895,0.16073139011859894
img_0055.jpeg,resnet50,mobilenetv3,jpeg_q90,False,0.3298478126525879,0.2466985434293747,0.0831492692232132
img_0055.jpeg,resnet50,mobilenetv3,jpeg_q70,True,0.3298478126525879,0.23381838202476501,0.09602943062782288
img_0055.jpeg,resnet50,mobilenetv3,resize_75pct,False,0.3298478126525879,0.23932674527168274,0.09052106738090515
img_0055.jpeg,resnet50,vit,none,True,0.3253239393234253,0.07457897812128067,0.2507449612021446
img_0055.jpeg,resnet50,vit,jpeg_q90,True,0.3253239393234253,0.19189594686031342,0.13342799246311188
img_0055.jpeg,resnet50,vit,jpeg_q70,True,0.3253239393234253,0.15111280977725983,0.17421112954616547
img_0055.jpeg,resnet50,vit,resize_75pct,True,0.3253239393234253,0.07429543882608414,0.25102850049734116
img_0055.jpeg,mobilenetv3,resnet50,none,False,0.3638160824775696,0.2226129025220871,0.14120317995548248
img_0055.jpeg,mobilenetv3,resnet50,jpeg_q90,False,0.3638160824775696,0.24365726113319397,0.12015882134437561
img_0055.jpeg,mobilenetv3,resnet50,jpeg_q70,False,0.3638160824775696,0.258515328168869,0.10530075430870056
img_0055.jpeg,mobilenetv3,resnet50,resize_75pct,False,0.3638160824775696,0.1371665596961975,0.22664952278137207
img_0055.jpeg,mobilenetv3,vit,none,True,0.3253239393234253,0.055010221898555756,0.27031371742486954
img_0055.jpeg,mobilenetv3,vit,jpeg_q90,True,0.3253239393234253,0.16372725367546082,0.16159668564796448
img_0055.jpeg,mobilenetv3,vit,jpeg_q70,True,0.3253239393234253,0.15756280720233917,0.16776113212108612
img_0055.jpeg,mobilenetv3,vit,resize_75pct,True,0.3253239393234253,0.05859077721834183,0.26673316210508347
img_0055.jpeg,vit,resnet50,none,False,0.3638160824775696,0.1601269394159317,0.20368914306163788
img_0055.jpeg,vit,resnet50,jpeg_q90,False,0.3638160824775696,0.2560966908931732,0.10771939158439636
img_0055.jpeg,vit,resnet50,jpeg_q70,False,0.3638160824775696,0.30215394496917725,0.061662137508392334
img_0055.jpeg,vit,resnet50,resize_75pct,False,0.3638160824775696,0.16991636157035828,0.1938997209072113
img_0055.jpeg,vit,mobilenetv3,none,True,0.3298478126525879,0.1552591323852539,0.17458868026733398
img_0055.jpeg,vit,mobilenetv3,jpeg_q90,False,0.3298478126525879,0.20326471328735352,0.12658309936523438
img_0055.jpeg,vit,mobilenetv3,jpeg_q70,False,0.3298478126525879,0.26996180415153503,0.059886008501052856
img_0055.jpeg,vit,mobilenetv3,resize_75pct,True,0.3298478126525879,0.20904719829559326,0.12080061435699463
img_0056.jpeg,resnet50,mobilenetv3,none,False,0.7451712489128113,0.47857335209846497,0.2665978968143463
img_0056.jpeg,resnet50,mobilenetv3,jpeg_q90,False,0.7451712489128113,0.41187548637390137,0.3332957625389099
img_0056.jpeg,resnet50,mobilenetv3,jpeg_q70,False,0.7451712489128113,0.8026624917984009,-0.0574912428855896
img_0056.jpeg,resnet50,mobilenetv3,resize_75pct,False,0.7451712489128113,0.7667460441589355,-0.021574795246124268
img_0056.jpeg,resnet50,vit,none,False,0.9226757287979126,0.8970176577568054,0.025658071041107178
img_0056.jpeg,resnet50,vit,jpeg_q90,False,0.9226757287979126,0.9102160930633545,0.012459635734558105
img_0056.jpeg,resnet50,vit,jpeg_q70,False,0.9226757287979126,0.9188125729560852,0.0038631558418273926
img_0056.jpeg,resnet50,vit,resize_75pct,False,0.9226757287979126,0.9016794562339783,0.020996272563934326
img_0056.jpeg,mobilenetv3,resnet50,none,False,0.6397291421890259,0.4684861898422241,0.17124295234680176
img_0056.jpeg,mobilenetv3,resnet50,jpeg_q90,False,0.6397291421890259,0.36303988099098206,0.2766892611980438
img_0056.jpeg,mobilenetv3,resnet50,jpeg_q70,False,0.6397291421890259,0.5733482837677002,0.06638085842132568
img_0056.jpeg,mobilenetv3,resnet50,resize_75pct,False,0.6397291421890259,0.5029757022857666,0.13675343990325928
img_0056.jpeg,mobilenetv3,vit,none,False,0.9226757287979126,0.9042560458183289,0.01841968297958374
img_0056.jpeg,mobilenetv3,vit,jpeg_q90,False,0.9226757287979126,0.9139124751091003,0.008763253688812256
img_0056.jpeg,mobilenetv3,vit,jpeg_q70,False,0.9226757287979126,0.9127031564712524,0.009972572326660156
img_0056.jpeg,mobilenetv3,vit,resize_75pct,False,0.9226757287979126,0.90643310546875,0.016242623329162598
img_0056.jpeg,vit,resnet50,none,False,0.6397291421890259,0.2854870557785034,0.35424208641052246
img_0056.jpeg,vit,resnet50,jpeg_q90,False,0.6397291421890259,0.24817979335784912,0.39154934883117676
img_0056.jpeg,vit,resnet50,jpeg_q70,False,0.6397291421890259,0.38009658455848694,0.25963255763053894
img_0056.jpeg,vit,resnet50,resize_75pct,False,0.6397291421890259,0.2727324962615967,0.3669966459274292
img_0056.jpeg,vit,mobilenetv3,none,False,0.7451712489128113,0.4825693368911743,0.26260191202163696
img_0056.jpeg,vit,mobilenetv3,jpeg_q90,False,0.7451712489128113,0.4695459306240082,0.2756253182888031
img_0056.jpeg,vit,mobilenetv3,jpeg_q70,False,0.7451712489128113,0.5291134715080261,0.21605777740478516
img_0056.jpeg,vit,mobilenetv3,resize_75pct,False,0.7451712489128113,0.651753842830658,0.09341740608215332
img_0057.jpeg,resnet50,mobilenetv3,none,False,0.8739657998085022,0.8738340735435486,0.00013172626495361328
img_0057.jpeg,resnet50,mobilenetv3,jpeg_q90,False,0.8739657998085022,0.8762723803520203,-0.0023065805435180664
img_0057.jpeg,resnet50,mobilenetv3,jpeg_q70,False,0.8739657998085022,0.8761128783226013,-0.002147078514099121
img_0057.jpeg,resnet50,mobilenetv3,resize_75pct,False,0.8739657998085022,0.8738808631896973,8.493661880493164e-05
img_0057.jpeg,resnet50,vit,none,False,0.8726766705513,0.8715739250183105,0.001102745532989502
img_0057.jpeg,resnet50,vit,jpeg_q90,False,0.8726766705513,0.8695451617240906,0.0031315088272094727
img_0057.jpeg,resnet50,vit,jpeg_q70,False,0.8726766705513,0.8782682418823242,-0.00559157133102417
img_0057.jpeg,resnet50,vit,resize_75pct,False,0.8726766705513,0.8771246671676636,-0.004447996616363525
img_0057.jpeg,mobilenetv3,resnet50,none,False,0.4666602313518524,0.4494003355503082,0.01725989580154419
img_0057.jpeg,mobilenetv3,resnet50,jpeg_q90,False,0.4666602313518524,0.5068108439445496,-0.040150612592697144
img_0057.jpeg,mobilenetv3,resnet50,jpeg_q70,False,0.4666602313518524,0.48050498962402344,-0.01384475827217102
img_0057.jpeg,mobilenetv3,resnet50,resize_75pct,False,0.4666602313518524,0.46530279517173767,0.001357436180114746
img_0057.jpeg,mobilenetv3,vit,none,False,0.8726766705513,0.8707438707351685,0.0019327998161315918
img_0057.jpeg,mobilenetv3,vit,jpeg_q90,False,0.8726766705513,0.8728334903717041,-0.00015681982040405273
img_0057.jpeg,mobilenetv3,vit,jpeg_q70,False,0.8726766705513,0.8785980343818665,-0.005921363830566406
img_0057.jpeg,mobilenetv3,vit,resize_75pct,False,0.8726766705513,0.8792098760604858,-0.006533205509185791
img_0057.jpeg,vit,resnet50,none,False,0.4666602313518524,0.4917925000190735,-0.02513226866722107
img_0057.jpeg,vit,resnet50,jpeg_q90,False,0.4666602313518524,0.5099587440490723,-0.04329851269721985
img_0057.jpeg,vit,resnet50,jpeg_q70,False,0.4666602313518524,0.4877575933933258,-0.02109736204147339
img_0057.jpeg,vit,resnet50,resize_75pct,False,0.4666602313518524,0.4932621121406555,-0.0266018807888031
img_0057.jpeg,vit,mobilenetv3,none,False,0.8739657998085022,0.8793622255325317,-0.005396425724029541
img_0057.jpeg,vit,mobilenetv3,jpeg_q90,False,0.8739657998085022,0.8797070980072021,-0.005741298198699951
img_0057.jpeg,vit,mobilenetv3,jpeg_q70,False,0.8739657998085022,0.8786895275115967,-0.004723727703094482
img_0057.jpeg,vit,mobilenetv3,resize_75pct,False,0.8739657998085022,0.8711962103843689,0.0027695894241333008
img_0058.jpeg,resnet50,mobilenetv3,none,False,0.7093473672866821,0.7147209644317627,-0.005373597145080566
img_0058.jpeg,resnet50,mobilenetv3,jpeg_q90,False,0.7093473672866821,0.7439216375350952,-0.034574270248413086
img_0058.jpeg,resnet50,mobilenetv3,jpeg_q70,False,0.7093473672866821,0.7828782796859741,-0.07353091239929199
img_0058.jpeg,resnet50,mobilenetv3,resize_75pct,False,0.7093473672866821,0.5859052538871765,0.12344211339950562
img_0058.jpeg,resnet50,vit,none,False,0.9157935976982117,0.9136465191841125,0.002147078514099121
img_0058.jpeg,resnet50,vit,jpeg_q90,False,0.9157935976982117,0.9120867848396301,0.003706812858581543
img_0058.jpeg,resnet50,vit,jpeg_q70,False,0.9157935976982117,0.9112210273742676,0.004572570323944092
img_0058.jpeg,resnet50,vit,resize_75pct,False,0.9157935976982117,0.9095568060874939,0.0062367916107177734
img_0058.jpeg,mobilenetv3,resnet50,none,False,0.3042413294315338,0.3966227173805237,-0.09238138794898987
img_0058.jpeg,mobilenetv3,resnet50,jpeg_q90,False,0.3042413294315338,0.32810354232788086,-0.023862212896347046
img_0058.jpeg,mobilenetv3,resnet50,jpeg_q70,False,0.3042413294315338,0.3246215283870697,-0.02038019895553589
img_0058.jpeg,mobilenetv3,resnet50,resize_75pct,False,0.3042413294315338,0.3300187587738037,-0.025777429342269897
img_0058.jpeg,mobilenetv3,vit,none,False,0.9157935976982117,0.9110236167907715,0.0047699809074401855
img_0058.jpeg,mobilenetv3,vit,jpeg_q90,False,0.9157935976982117,0.9140505790710449,0.001743018627166748
img_0058.jpeg,mobilenetv3,vit,jpeg_q70,False,0.9157935976982117,0.9134750962257385,0.0023185014724731445
img_0058.jpeg,mobilenetv3,vit,resize_75pct,False,0.9157935976982117,0.900615394115448,0.015178203582763672
img_0058.jpeg,vit,resnet50,none,False,0.3042413294315338,0.4304061532020569,-0.12616482377052307
img_0058.jpeg,vit,resnet50,jpeg_q90,False,0.3042413294315338,0.36561325192451477,-0.06137192249298096
img_0058.jpeg,vit,resnet50,jpeg_q70,False,0.3042413294315338,0.31027981638908386,-0.006038486957550049
img_0058.jpeg,vit,resnet50,resize_75pct,False,0.3042413294315338,0.32592469453811646,-0.02168336510658264
img_0058.jpeg,vit,mobilenetv3,none,False,0.7093473672866821,0.8346630334854126,-0.12531566619873047
img_0058.jpeg,vit,mobilenetv3,jpeg_q90,False,0.7093473672866821,0.7834075093269348,-0.07406014204025269
img_0058.jpeg,vit,mobilenetv3,jpeg_q70,False,0.7093473672866821,0.7791926264762878,-0.06984525918960571
img_0058.jpeg,vit,mobilenetv3,resize_75pct,False,0.7093473672866821,0.7066373229026794,0.0027100443840026855
img_0059.jpeg,resnet50,mobilenetv3,none,False,0.49938681721687317,0.6591380834579468,-0.1597512662410736
img_0059.jpeg,resnet50,mobilenetv3,jpeg_q90,False,0.49938681721687317,0.5556082129478455,-0.05622139573097229
img_0059.jpeg,resnet50,mobilenetv3,jpeg_q70,False,0.49938681721687317,0.49726322293281555,0.002123594284057617
img_0059.jpeg,resnet50,mobilenetv3,resize_75pct,False,0.49938681721687317,0.677859365940094,-0.17847254872322083
img_0059.jpeg,resnet50,vit,none,False,0.8997272849082947,0.8861734867095947,0.013553798198699951
img_0059.jpeg,resnet50,vit,jpeg_q90,False,0.8997272849082947,0.8935861587524414,0.0061411261558532715
img_0059.jpeg,resnet50,vit,jpeg_q70,False,0.8997272849082947,0.900654137134552,-0.0009268522262573242
img_0059.jpeg,resnet50,vit,resize_75pct,False,0.8997272849082947,0.905452311038971,-0.0057250261306762695
img_0059.jpeg,mobilenetv3,resnet50,none,False,0.6028074026107788,0.6850845813751221,-0.08227717876434326
img_0059.jpeg,mobilenetv3,resnet50,jpeg_q90,False,0.6028074026107788,0.6367504000663757,-0.033942997455596924
img_0059.jpeg,mobilenetv3,resnet50,jpeg_q70,False,0.6028074026107788,0.5599058866500854,0.04290151596069336
img_0059.jpeg,mobilenetv3,resnet50,resize_75pct,False,0.6028074026107788,0.6804537177085876,-0.07764631509780884
img_0059.jpeg,mobilenetv3,vit,none,False,0.8997272849082947,0.885292649269104,0.014434635639190674
img_0059.jpeg,mobilenetv3,vit,jpeg_q90,False,0.8997272849082947,0.8844690918922424,0.015258193016052246
img_0059.jpeg,mobilenetv3,vit,jpeg_q70,False,0.8997272849082947,0.8649634122848511,0.034763872623443604
img_0059.jpeg,mobilenetv3,vit,resize_75pct,False,0.8997272849082947,0.9034902453422546,-0.003762960433959961
img_0059.jpeg,vit,resnet50,none,False,0.6028074026107788,0.6576301455497742,-0.05482274293899536
img_0059.jpeg,vit,resnet50,jpeg_q90,False,0.6028074026107788,0.5485777258872986,0.054229676723480225
img_0059.jpeg,vit,resnet50,jpeg_q70,False,0.6028074026107788,0.5434643626213074,0.059343039989471436
img_0059.jpeg,vit,resnet50,resize_75pct,False,0.6028074026107788,0.6856929659843445,-0.08288556337356567
img_0059.jpeg,vit,mobilenetv3,none,False,0.49938681721687317,0.6227905750274658,-0.12340375781059265
img_0059.jpeg,vit,mobilenetv3,jpeg_q90,False,0.49938681721687317,0.5972991585731506,-0.09791234135627747
img_0059.jpeg,vit,mobilenetv3,jpeg_q70,False,0.49938681721687317,0.5411908030509949,-0.041803985834121704
img_0059.jpeg,vit,mobilenetv3,resize_75pct,False,0.49938681721687317,0.7273308634757996,-0.2279440462589264
img_0060.jpeg,resnet50,mobilenetv3,none,False,0.7643488049507141,0.7201477289199829,0.0442010760307312
img_0060.jpeg,resnet50,mobilenetv3,jpeg_q90,False,0.7643488049507141,0.7848135828971863,-0.020464777946472168
img_0060.jpeg,resnet50,mobilenetv3,jpeg_q70,False,0.7643488049507141,0.7965033054351807,-0.03215450048446655
img_0060.jpeg,resnet50,mobilenetv3,resize_75pct,False,0.7643488049507141,0.7901989221572876,-0.025850117206573486
img_0060.jpeg,resnet50,vit,none,False,0.8684702515602112,0.8639663457870483,0.004503905773162842
img_0060.jpeg,resnet50,vit,jpeg_q90,False,0.8684702515602112,0.8648215532302856,0.003648698329925537
img_0060.jpeg,resnet50,vit,jpeg_q70,False,0.8684702515602112,0.8636137247085571,0.004856526851654053
img_0060.jpeg,resnet50,vit,resize_75pct,False,0.8684702515602112,0.8793666958808899,-0.010896444320678711
img_0060.jpeg,mobilenetv3,resnet50,none,False,0.6573088765144348,0.6273986101150513,0.029910266399383545
img_0060.jpeg,mobilenetv3,resnet50,jpeg_q90,False,0.6573088765144348,0.621351420879364,0.0359574556350708
img_0060.jpeg,mobilenetv3,resnet50,jpeg_q70,False,0.6573088765144348,0.6674744486808777,-0.010165572166442871
img_0060.jpeg,mobilenetv3,resnet50,resize_75pct,False,0.6573088765144348,0.5625648498535156,0.09474402666091919
img_0060.jpeg,mobilenetv3,vit,none,False,0.8684702515602112,0.859320342540741,0.009149909019470215
img_0060.jpeg,mobilenetv3,vit,jpeg_q90,False,0.8684702515602112,0.876348614692688,-0.007878363132476807
img_0060.jpeg,mobilenetv3,vit,jpeg_q70,False,0.8684702515602112,0.861416757106781,0.007053494453430176
img_0060.jpeg,mobilenetv3,vit,resize_75pct,False,0.8684702515602112,0.8826677799224854,-0.01419752836227417
img_0060.jpeg,vit,resnet50,none,False,0.6573088765144348,0.5491165518760681,0.1081923246383667
img_0060.jpeg,vit,resnet50,jpeg_q90,False,0.6573088765144348,0.57061368227005,0.08669519424438477
img_0060.jpeg,vit,resnet50,jpeg_q70,False,0.6573088765144348,0.6477941870689392,0.009514689445495605
img_0060.jpeg,vit,resnet50,resize_75pct,False,0.6573088765144348,0.5490117073059082,0.10829716920852661
img_0060.jpeg,vit,mobilenetv3,none,False,0.7643488049507141,0.7809242010116577,-0.016575396060943604
img_0060.jpeg,vit,mobilenetv3,jpeg_q90,False,0.7643488049507141,0.8120938539505005,-0.04774504899978638
img_0060.jpeg,vit,mobilenetv3,jpeg_q70,False,0.7643488049507141,0.8071936368942261,-0.04284483194351196
img_0060.jpeg,vit,mobilenetv3,resize_75pct,False,0.7643488049507141,0.786820113658905,-0.022471308708190918
img_0061.jpeg,resnet50,mobilenetv3,none,False,0.745200514793396,0.8017047643661499,-0.056504249572753906
img_0061.jpeg,resnet50,mobilenetv3,jpeg_q90,False,0.745200514793396,0.8246510624885559,-0.07945054769515991
img_0061.jpeg,resnet50,mobilenetv3,jpeg_q70,False,0.745200514793396,0.7710340619087219,-0.025833547115325928
img_0061.jpeg,resnet50,mobilenetv3,resize_75pct,False,0.745200514793396,0.7865265011787415,-0.04132598638534546
img_0061.jpeg,resnet50,vit,none,False,0.8244221806526184,0.8132508993148804,0.011171281337738037
img_0061.jpeg,resnet50,vit,jpeg_q90,False,0.8244221806526184,0.8299506306648254,-0.005528450012207031
img_0061.jpeg,resnet50,vit,jpeg_q70,False,0.8244221806526184,0.8363760709762573,-0.011953890323638916
img_0061.jpeg,resnet50,vit,resize_75pct,False,0.8244221806526184,0.823117196559906,0.0013049840927124023
img_0061.jpeg,mobilenetv3,resnet50,none,False,0.5343917608261108,0.5365558862686157,-0.002164125442504883
img_0061.jpeg,mobilenetv3,resnet50,jpeg_q90,False,0.5343917608261108,0.5480316877365112,-0.01363992691040039
img_0061.jpeg,mobilenetv3,resnet50,jpeg_q70,False,0.5343917608261108,0.5373620986938477,-0.0029703378677368164
img_0061.jpeg,mobilenetv3,resnet50,resize_75pct,False,0.5343917608261108,0.40165266394615173,0.1327390968799591
img_0061.jpeg,mobilenetv3,vit,none,False,0.8244221806526184,0.7865768074989319,0.03784537315368652
img_0061.jpeg,mobilenetv3,vit,jpeg_q90,False,0.8244221806526184,0.7911947965621948,0.033227384090423584
img_0061.jpeg,mobilenetv3,vit,jpeg_q70,False,0.8244221806526184,0.8399239778518677,-0.015501797199249268
img_0061.jpeg,mobilenetv3,vit,resize_75pct,False,0.8244221806526184,0.827989399433136,-0.003567218780517578
img_0061.jpeg,vit,resnet50,none,False,0.5343917608261108,0.49571603536605835,0.03867572546005249
img_0061.jpeg,vit,resnet50,jpeg_q90,False,0.5343917608261108,0.5159279704093933,0.01846379041671753
img_0061.jpeg,vit,resnet50,jpeg_q70,False,0.5343917608261108,0.5539807081222534,-0.019588947296142578
img_0061.jpeg,vit,resnet50,resize_75pct,False,0.5343917608261108,0.4499261677265167,0.08446559309959412
img_0061.jpeg,vit,mobilenetv3,none,False,0.745200514793396,0.8515925407409668,-0.1063920259475708
img_0061.jpeg,vit,mobilenetv3,jpeg_q90,False,0.745200514793396,0.8503339290618896,-0.10513341426849365
img_0061.jpeg,vit,mobilenetv3,jpeg_q70,False,0.745200514793396,0.7899612784385681,-0.04476076364517212
img_0061.jpeg,vit,mobilenetv3,resize_75pct,False,0.745200514793396,0.8339393734931946,-0.08873885869979858
img_0062.jpeg,resnet50,mobilenetv3,none,False,0.31845155358314514,0.3386988937854767,-0.020247340202331543
img_0062.jpeg,resnet50,mobilenetv3,jpeg_q90,False,0.31845155358314514,0.3214817941188812,-0.003030240535736084
img_0062.jpeg,resnet50,mobilenetv3,jpeg_q70,False,0.31845155358314514,0.3037377595901489,0.014713793992996216
img_0062.jpeg,resnet50,mobilenetv3,resize_75pct,False,0.31845155358314514,0.38075196743011475,-0.062300413846969604
img_0062.jpeg,resnet50,vit,none,False,0.9043743014335632,0.8923558592796326,0.012018442153930664
img_0062.jpeg,resnet50,vit,jpeg_q90,False,0.9043743014335632,0.8984253406524658,0.005948960781097412
img_0062.jpeg,resnet50,vit,jpeg_q70,False,0.9043743014335632,0.9046908020973206,-0.0003165006637573242
img_0062.jpeg,resnet50,vit,resize_75pct,False,0.9043743014335632,0.889702558517456,0.014671742916107178
img_0062.jpeg,mobilenetv3,resnet50,none,False,0.30604660511016846,0.2708588242530823,0.03518778085708618
img_0062.jpeg,mobilenetv3,resnet50,jpeg_q90,False,0.30604660511016846,0.2829371690750122,0.02310943603515625
img_0062.jpeg,mobilenetv3,resnet50,jpeg_q70,False,0.30604660511016846,0.31572988629341125,-0.009683281183242798
img_0062.jpeg,mobilenetv3,resnet50,resize_75pct,False,0.30604660511016846,0.346574604511261,-0.04052799940109253
img_0062.jpeg,mobilenetv3,vit,none,False,0.9043743014335632,0.89103764295578,0.013336658477783203
img_0062.jpeg,mobilenetv3,vit,jpeg_q90,False,0.9043743014335632,0.9003856778144836,0.00398862361907959
img_0062.jpeg,mobilenetv3,vit,jpeg_q70,False,0.9043743014335632,0.9028885960578918,0.0014857053756713867
img_0062.jpeg,mobilenetv3,vit,resize_75pct,False,0.9043743014335632,0.8879315257072449,0.01644277572631836
img_0062.jpeg,vit,resnet50,none,False,0.30604660511016846,0.3376249670982361,-0.03157836198806763
img_0062.jpeg,vit,resnet50,jpeg_q90,False,0.30604660511016846,0.3247602581977844,-0.018713653087615967
img_0062.jpeg,vit,resnet50,jpeg_q70,False,0.30604660511016846,0.32083624601364136,-0.0147896409034729
img_0062.jpeg,vit,resnet50,resize_75pct,False,0.30604660511016846,0.3866584300994873,-0.08061182498931885
img_0062.jpeg,vit,mobilenetv3,none,False,0.31845155358314514,0.30699968338012695,0.011451870203018188
img_0062.jpeg,vit,mobilenetv3,jpeg_q90,False,0.31845155358314514,0.3010195791721344,0.017431974411010742
img_0062.jpeg,vit,mobilenetv3,jpeg_q70,False,0.31845155358314514,0.29738903045654297,0.021062523126602173
img_0062.jpeg,vit,mobilenetv3,resize_75pct,False,0.31845155358314514,0.3671804368495941,-0.048728883266448975
img_0063.jpeg,resnet50,mobilenetv3,none,False,0.2783464789390564,0.1382608711719513,0.1400856077671051
img_0063.jpeg,resnet50,mobilenetv3,jpeg_q90,False,0.2783464789390564,0.22049805521965027,0.05784842371940613
img_0063.jpeg,resnet50,mobilenetv3,jpeg_q70,False,0.2783464789390564,0.32233837246894836,-0.04399189352989197
img_0063.jpeg,resnet50,mobilenetv3,resize_75pct,False,0.2783464789390564,0.19102485477924347,0.08732162415981293
img_0063.jpeg,resnet50,vit,none,False,0.20137178897857666,0.09477677941322327,0.1065950095653534
img_0063.jpeg,resnet50,vit,jpeg_q90,False,0.20137178897857666,0.2650274634361267,-0.06365567445755005
img_0063.jpeg,resnet50,vit,jpeg_q70,False,0.20137178897857666,0.2205214500427246,-0.01914966106414795
img_0063.jpeg,resnet50,vit,resize_75pct,True,0.20137178897857666,0.04697753116488457,0.1543942578136921
img_0063.jpeg,mobilenetv3,resnet50,none,False,0.15576383471488953,0.11571209132671356,0.040051743388175964
img_0063.jpeg,mobilenetv3,resnet50,jpeg_q90,False,0.15576383471488953,0.23115317523479462,-0.07538934051990509
img_0063.jpeg,mobilenetv3,resnet50,jpeg_q70,False,0.15576383471488953,0.17544516921043396,-0.019681334495544434
img_0063.jpeg,mobilenetv3,resnet50,resize_75pct,False,0.15576383471488953,0.17526590824127197,-0.019502073526382446
img_0063.jpeg,mobilenetv3,vit,none,True,0.20137178897857666,0.09802061319351196,0.1033511757850647
img_0063.jpeg,mobilenetv3,vit,jpeg_q90,False,0.20137178897857666,0.2239052653312683,-0.02253347635269165
img_0063.jpeg,mobilenetv3,vit,jpeg_q70,False,0.20137178897857666,0.15589618682861328,0.04547560214996338
img_0063.jpeg,mobilenetv3,vit,resize_75pct,True,0.20137178897857666,0.037205103784799576,0.16416668519377708
img_0063.jpeg,vit,resnet50,none,True,0.15576383471488953,0.04298152029514313,0.1127823144197464
img_0063.jpeg,vit,resnet50,jpeg_q90,False,0.15576383471488953,0.10830865800380707,0.04745517671108246
img_0063.jpeg,vit,resnet50,jpeg_q70,False,0.15576383471488953,0.1421440690755844,0.013619765639305115
img_0063.jpeg,vit,resnet50,resize_75pct,False,0.15576383471488953,0.11317028850317001,0.04259354621171951
img_0063.jpeg,vit,mobilenetv3,none,True,0.2783464789390564,0.11026495695114136,0.16808152198791504
img_0063.jpeg,vit,mobilenetv3,jpeg_q90,True,0.2783464789390564,0.12478471547365189,0.1535617634654045
img_0063.jpeg,vit,mobilenetv3,jpeg_q70,False,0.2783464789390564,0.2544439733028412,0.02390250563621521
img_0063.jpeg,vit,mobilenetv3,resize_75pct,False,0.2783464789390564,0.19634205102920532,0.08200442790985107
img_0064.jpeg,resnet50,mobilenetv3,none,True,0.16505274176597595,0.04297212138772011,0.12208062037825584
img_0064.jpeg,resnet50,mobilenetv3,jpeg_q90,True,0.16505274176597595,0.062259264290332794,0.10279347747564316
img_0064.jpeg,resnet50,mobilenetv3,jpeg_q70,True,0.16505274176597595,0.08738341182470322,0.07766932994127274
img_0064.jpeg,resnet50,mobilenetv3,resize_75pct,True,0.16505274176597595,0.014674351550638676,0.15037839021533728
img_0064.jpeg,resnet50,vit,none,False,0.807965874671936,0.7681069374084473,0.03985893726348877
img_0064.jpeg,resnet50,vit,jpeg_q90,False,0.807965874671936,0.7922016978263855,0.015764176845550537
img_0064.jpeg,resnet50,vit,jpeg_q70,False,0.807965874671936,0.7802255749702454,0.027740299701690674
img_0064.jpeg,resnet50,vit,resize_75pct,False,0.807965874671936,0.5190538167953491,0.2889120578765869
img_0064.jpeg,mobilenetv3,resnet50,none,False,0.27318045496940613,0.3148598372936249,-0.04167938232421875
img_0064.jpeg,mobilenetv3,resnet50,jpeg_q90,False,0.27318045496940613,0.29907289147377014,-0.025892436504364014
img_0064.jpeg,mobilenetv3,resnet50,jpeg_q70,False,0.27318045496940613,0.3014068007469177,-0.028226345777511597
img_0064.jpeg,mobilenetv3,resnet50,resize_75pct,True,0.27318045496940613,0.1824815720319748,0.09069888293743134
img_0064.jpeg,mobilenetv3,vit,none,False,0.807965874671936,0.7701050043106079,0.037860870361328125
img_0064.jpeg,mobilenetv3,vit,jpeg_q90,False,0.807965874671936,0.816463828086853,-0.008497953414916992
img_0064.jpeg,mobilenetv3,vit,jpeg_q70,False,0.807965874671936,0.8017750978469849,0.006190776824951172
img_0064.jpeg,mobilenetv3,vit,resize_75pct,False,0.807965874671936,0.5508784055709839,0.25708746910095215
img_0064.jpeg,vit,resnet50,none,False,0.27318045496940613,0.27424314618110657,-0.0010626912117004395
img_0064.jpeg,vit,resnet50,jpeg_q90,False,0.27318045496940613,0.30624106526374817,-0.03306061029434204
img_0064.jpeg,vit,resnet50,jpeg_q70,False,0.27318045496940613,0.22458750009536743,0.048592954874038696
img_0064.jpeg,vit,resnet50,resize_75pct,False,0.27318045496940613,0.20289942622184753,0.0702810287475586
img_0064.jpeg,vit,mobilenetv3,none,True,0.16505274176597595,0.09479288756847382,0.07025985419750214
img_0064.jpeg,vit,mobilenetv3,jpeg_q90,True,0.16505274176597595,0.08857159316539764,0.07648114860057831
img_0064.jpeg,vit,mobilenetv3,jpeg_q70,True,0.16505274176597595,0.17030645906925201,-0.005253717303276062
img_0064.jpeg,vit,mobilenetv3,resize_75pct,True,0.16505274176597595,0.030549846589565277,0.13450289517641068
img_0065.jpeg,resnet50,mobilenetv3,none,False,0.779832124710083,0.8010463118553162,-0.021214187145233154
img_0065.jpeg,resnet50,mobilenetv3,jpeg_q90,False,0.779832124710083,0.8219190835952759,-0.04208695888519287
img_0065.jpeg,resnet50,mobilenetv3,jpeg_q70,False,0.779832124710083,0.7897424697875977,-0.009910345077514648
img_0065.jpeg,resnet50,mobilenetv3,resize_75pct,False,0.779832124710083,0.7546352744102478,0.025196850299835205
img_0065.jpeg,resnet50,vit,none,False,0.8918935060501099,0.8930026292800903,-0.0011091232299804688
img_0065.jpeg,resnet50,vit,jpeg_q90,False,0.8918935060501099,0.891126811504364,0.0007666945457458496
img_0065.jpeg,resnet50,vit,jpeg_q70,False,0.8918935060501099,0.8696174025535583,0.022276103496551514
img_0065.jpeg,resnet50,vit,resize_75pct,False,0.8918935060501099,0.8938865661621094,-0.0019930601119995117
img_0065.jpeg,mobilenetv3,resnet50,none,False,0.49207592010498047,0.5408697128295898,-0.048793792724609375
img_0065.jpeg,mobilenetv3,resnet50,jpeg_q90,False,0.49207592010498047,0.6334353685379028,-0.14135944843292236
img_0065.jpeg,mobilenetv3,resnet50,jpeg_q70,False,0.49207592010498047,0.4543040990829468,0.03777182102203369
img_0065.jpeg,mobilenetv3,resnet50,resize_75pct,False,0.49207592010498047,0.705612063407898,-0.21353614330291748
img_0065.jpeg,mobilenetv3,vit,none,False,0.8918935060501099,0.8948734998703003,-0.0029799938201904297
img_0065.jpeg,mobilenetv3,vit,jpeg_q90,False,0.8918935060501099,0.8986467123031616,-0.006753206253051758
img_0065.jpeg,mobilenetv3,vit,jpeg_q70,False,0.8918935060501099,0.8849236369132996,0.006969869136810303
img_0065.jpeg,mobilenetv3,vit,resize_75pct,False,0.8918935060501099,0.8945247530937195,-0.002631247043609619
img_0065.jpeg,vit,resnet50,none,False,0.49207592010498047,0.47069862484931946,0.02137729525566101
img_0065.jpeg,vit,resnet50,jpeg_q90,False,0.49207592010498047,0.5331470966339111,-0.041071176528930664
img_0065.jpeg,vit,resnet50,jpeg_q70,False,0.49207592010498047,0.5011929273605347,-0.0091170072555542
img_0065.jpeg,vit,resnet50,resize_75pct,False,0.49207592010498047,0.6828314065933228,-0.19075548648834229
img_0065.jpeg,vit,mobilenetv3,none,False,0.779832124710083,0.6753321290016174,0.10449999570846558
img_0065.jpeg,vit,mobilenetv3,jpeg_q90,False,0.779832124710083,0.6253512501716614,0.15448087453842163
img_0065.jpeg,vit,mobilenetv3,jpeg_q70,False,0.779832124710083,0.6906862854957581,0.08914583921432495
img_0065.jpeg,vit,mobilenetv3,resize_75pct,False,0.779832124710083,0.6491890549659729,0.1306430697441101
img_0066.jpeg,resnet50,mobilenetv3,none,False,0.5487504601478577,0.3981330990791321,0.15061736106872559
img_0066.jpeg,resnet50,mobilenetv3,jpeg_q90,False,0.5487504601478577,0.49686720967292786,0.05188325047492981
img_0066.jpeg,resnet50,mobilenetv3,jpeg_q70,False,0.5487504601478577,0.5492127537727356,-0.0004622936248779297
img_0066.jpeg,resnet50,mobilenetv3,resize_75pct,False,0.5487504601478577,0.38587629795074463,0.16287416219711304
img_0066.jpeg,resnet50,vit,none,False,0.815360963344574,0.8104279041290283,0.004933059215545654
img_0066.jpeg,resnet50,vit,jpeg_q90,False,0.815360963344574,0.812325119972229,0.0030358433723449707
img_0066.jpeg,resnet50,vit,jpeg_q70,False,0.815360963344574,0.8152427077293396,0.000118255615234375
img_0066.jpeg,resnet50,vit,resize_75pct,False,0.815360963344574,0.7986422181129456,0.016718745231628418
img_0066.jpeg,mobilenetv3,resnet50,none,False,0.512143075466156,0.5217186808586121,-0.009575605392456055
img_0066.jpeg,mobilenetv3,resnet50,jpeg_q90,False,0.512143075466156,0.5532424449920654,-0.041099369525909424
img_0066.jpeg,mobilenetv3,resnet50,jpeg_q70,False,0.512143075466156,0.5237467288970947,-0.01160365343093872
img_0066.jpeg,mobilenetv3,resnet50,resize_75pct,False,0.512143075466156,0.4430317282676697,0.06911134719848633
img_0066.jpeg,mobilenetv3,vit,none,False,0.815360963344574,0.8068416118621826,0.008519351482391357
img_0066.jpeg,mobilenetv3,vit,jpeg_q90,False,0.815360963344574,0.8144824504852295,0.0008785128593444824
img_0066.jpeg,mobilenetv3,vit,jpeg_q70,False,0.815360963344574,0.8170328140258789,-0.0016718506813049316
img_0066.jpeg,mobilenetv3,vit,resize_75pct,False,0.815360963344574,0.7923809289932251,0.022980034351348877
img_0066.jpeg,vit,resnet50,none,False,0.512143075466156,0.5241744518280029,-0.012031376361846924
img_0066.jpeg,vit,resnet50,jpeg_q90,False,0.512143075466156,0.5268957018852234,-0.014752626419067383
img_0066.jpeg,vit,resnet50,jpeg_q70,False,0.512143075466156,0.5448793172836304,-0.032736241817474365
img_0066.jpeg,vit,resnet50,resize_75pct,False,0.512143075466156,0.496134489774704,0.016008585691452026
img_0066.jpeg,vit,mobilenetv3,none,False,0.5487504601478577,0.4622310400009155,0.08651942014694214
img_0066.jpeg,vit,mobilenetv3,jpeg_q90,False,0.5487504601478577,0.486235111951828,0.06251534819602966
img_0066.jpeg,vit,mobilenetv3,jpeg_q70,False,0.5487504601478577,0.5603670477867126,-0.01161658763885498
img_0066.jpeg,vit,mobilenetv3,resize_75pct,False,0.5487504601478577,0.46023061871528625,0.08851984143257141
img_0067.jpeg,resnet50,mobilenetv3,none,False,0.39378100633621216,0.661291778087616,-0.2675107717514038
img_0067.jpeg,resnet50,mobilenetv3,jpeg_q90,False,0.39378100633621216,0.5106965899467468,-0.11691558361053467
img_0067.jpeg,resnet50,mobilenetv3,jpeg_q70,False,0.39378100633621216,0.4566558003425598,-0.06287479400634766
img_0067.jpeg,resnet50,mobilenetv3,resize_75pct,False,0.39378100633621216,0.6495705246925354,-0.25578951835632324
img_0067.jpeg,resnet50,vit,none,False,0.8448240756988525,0.8245725035667419,0.020251572132110596
img_0067.jpeg,resnet50,vit,jpeg_q90,False,0.8448240756988525,0.8036900162696838,0.0411340594291687
img_0067.jpeg,resnet50,vit,jpeg_q70,False,0.8448240756988525,0.816437840461731,0.028386235237121582
img_0067.jpeg,resnet50,vit,resize_75pct,False,0.8448240756988525,0.7858531475067139,0.05897092819213867
img_0067.jpeg,mobilenetv3,resnet50,none,False,0.3071976602077484,0.32946494221687317,-0.022267282009124756
img_0067.jpeg,mobilenetv3,resnet50,jpeg_q90,False,0.3071976602077484,0.32393190264701843,-0.01673424243927002
img_0067.jpeg,mobilenetv3,resnet50,jpeg_q70,False,0.3071976602077484,0.2871148884296417,0.02008277177810669
img_0067.jpeg,mobilenetv3,resnet50,resize_75pct,False,0.3071976602077484,0.3613898456096649,-0.054192185401916504
img_0067.jpeg,mobilenetv3,vit,none,False,0.8448240756988525,0.8015221357345581,0.043301939964294434
img_0067.jpeg,mobilenetv3,vit,jpeg_q90,False,0.8448240756988525,0.7894262075424194,0.055397868156433105
img_0067.jpeg,mobilenetv3,vit,jpeg_q70,False,0.8448240756988525,0.8410184383392334,0.0038056373596191406
img_0067.jpeg,mobilenetv3,vit,resize_75pct,False,0.8448240756988525,0.7484287619590759,0.09639531373977661
img_0067.jpeg,vit,resnet50,none,False,0.3071976602077484,0.3641798198223114,-0.05698215961456299
img_0067.jpeg,vit,resnet50,jpeg_q90,False,0.3071976602077484,0.3704657256603241,-0.06326806545257568
img_0067.jpeg,vit,resnet50,jpeg_q70,False,0.3071976602077484,0.339823842048645,-0.032626181840896606
img_0067.jpeg,vit,resnet50,resize_75pct,False,0.3071976602077484,0.3839257061481476,-0.07672804594039917
img_0067.jpeg,vit,mobilenetv3,none,False,0.39378100633621216,0.5012272596359253,-0.10744625329971313
img_0067.jpeg,vit,mobilenetv3,jpeg_q90,False,0.39378100633621216,0.4385661482810974,-0.044785141944885254
img_0067.jpeg,vit,mobilenetv3,jpeg_q70,False,0.39378100633621216,0.4508623480796814,-0.05708134174346924
img_0067.jpeg,vit,mobilenetv3,resize_75pct,False,0.39378100633621216,0.48611682653427124,-0.09233582019805908
img_0068.jpeg,resnet50,mobilenetv3,none,False,0.37911665439605713,0.4009546637535095,-0.021838009357452393
img_0068.jpeg,resnet50,mobilenetv3,jpeg_q90,False,0.37911665439605713,0.3806443512439728,-0.0015276968479156494
img_0068.jpeg,resnet50,mobilenetv3,jpeg_q70,False,0.37911665439605713,0.4037955105304718,-0.024678856134414673
img_0068.jpeg,resnet50,mobilenetv3,resize_75pct,False,0.37911665439605713,0.39533790946006775,-0.01622125506401062
img_0068.jpeg,resnet50,vit,none,False,0.8466658592224121,0.8673791885375977,-0.020713329315185547
img_0068.jpeg,resnet50,vit,jpeg_q90,False,0.8466658592224121,0.8573354482650757,-0.010669589042663574
img_0068.jpeg,resnet50,vit,jpeg_q70,False,0.8466658592224121,0.8558823466300964,-0.009216487407684326
img_0068.jpeg,resnet50,vit,resize_75pct,False,0.8466658592224121,0.8675211071968079,-0.020855247974395752
img_0068.jpeg,mobilenetv3,resnet50,none,True,0.3599669635295868,0.2276858240365982,0.1322811394929886
img_0068.jpeg,mobilenetv3,resnet50,jpeg_q90,False,0.3599669635295868,0.3992355167865753,-0.039268553256988525
img_0068.jpeg,mobilenetv3,resnet50,jpeg_q70,False,0.3599669635295868,0.3052094280719757,0.054757535457611084
img_0068.jpeg,mobilenetv3,resnet50,resize_75pct,False,0.3599669635295868,0.2843948304653168,0.07557213306427002
img_0068.jpeg,mobilenetv3,vit,none,False,0.8466658592224121,0.8690878748893738,-0.02242201566696167
img_0068.jpeg,mobilenetv3,vit,jpeg_q90,False,0.8466658592224121,0.8640421032905579,-0.017376244068145752
img_0068.jpeg,mobilenetv3,vit,jpeg_q70,False,0.8466658592224121,0.8373842239379883,0.009281635284423828
img_0068.jpeg,mobilenetv3,vit,resize_75pct,False,0.8466658592224121,0.8696527481079102,-0.022986888885498047
img_0068.jpeg,vit,resnet50,none,False,0.3599669635295868,0.32547903060913086,0.03448793292045593
img_0068.jpeg,vit,resnet50,jpeg_q90,False,0.3599669635295868,0.34720951318740845,0.012757450342178345
img_0068.jpeg,vit,resnet50,jpeg_q70,False,0.3599669635295868,0.36994490027427673,-0.009977936744689941
img_0068.jpeg,vit,resnet50,resize_75pct,False,0.3599669635295868,0.32293108105659485,0.03703588247299194
img_0068.jpeg,vit,mobilenetv3,none,False,0.37911665439605713,0.3342949151992798,0.044821739196777344
img_0068.jpeg,vit,mobilenetv3,jpeg_q90,False,0.37911665439605713,0.2268090695142746,0.15230758488178253
img_0068.jpeg,vit,mobilenetv3,jpeg_q70,False,0.37911665439605713,0.28808102011680603,0.0910356342792511
img_0068.jpeg,vit,mobilenetv3,resize_75pct,False,0.37911665439605713,0.35635244846343994,0.022764205932617188
img_0069.jpeg,resnet50,mobilenetv3,none,True,0.1669350266456604,0.16379983723163605,0.003135189414024353
img_0069.jpeg,resnet50,mobilenetv3,jpeg_q90,False,0.1669350266456604,0.15999555587768555,0.0069394707679748535
img_0069.jpeg,resnet50,mobilenetv3,jpeg_q70,False,0.1669350266456604,0.2404111921787262,-0.0734761655330658
img_0069.jpeg,resnet50,mobilenetv3,resize_75pct,True,0.1669350266456604,0.1302729994058609,0.0366620272397995
img_0069.jpeg,resnet50,vit,none,False,0.4393456280231476,0.4700087606906891,-0.030663132667541504
img_0069.jpeg,resnet50,vit,jpeg_q90,False,0.4393456280231476,0.3955783545970917,0.04376727342605591
img_0069.jpeg,resnet50,vit,jpeg_q70,False,0.4393456280231476,0.4197677671909332,0.019577860832214355
img_0069.jpeg,resnet50,vit,resize_75pct,False,0.4393456280231476,0.5807124972343445,-0.1413668692111969
img_0069.jpeg,mobilenetv3,resnet50,none,True,0.1435173749923706,0.13459181785583496,0.008925557136535645
img_0069.jpeg,mobilenetv3,resnet50,jpeg_q90,True,0.1435173749923706,0.0924285426735878,0.051088832318782806
img_0069.jpeg,mobilenetv3,resnet50,jpeg_q70,True,0.1435173749923706,0.06168576329946518,0.08183161169290543
img_0069.jpeg,mobilenetv3,resnet50,resize_75pct,True,0.1435173749923706,0.10367192327976227,0.03984545171260834
img_0069.jpeg,mobilenetv3,vit,none,False,0.4393456280231476,0.4632728695869446,-0.023927241563796997
img_0069.jpeg,mobilenetv3,vit,jpeg_q90,False,0.4393456280231476,0.3534581661224365,0.08588746190071106
img_0069.jpeg,mobilenetv3,vit,jpeg_q70,False,0.4393456280231476,0.4401332437992096,-0.0007876157760620117
img_0069.jpeg,mobilenetv3,vit,resize_75pct,False,0.4393456280231476,0.5965142250061035,-0.15716859698295593
img_0069.jpeg,vit,resnet50,none,True,0.1435173749923706,0.13073326647281647,0.012784108519554138
img_0069.jpeg,vit,resnet50,jpeg_q90,True,0.1435173749923706,0.11605608463287354,0.02746129035949707
img_0069.jpeg,vit,resnet50,jpeg_q70,True,0.1435173749923706,0.08617012947797775,0.05734724551439285
img_0069.jpeg,vit,resnet50,resize_75pct,True,0.1435173749923706,0.07591588795185089,0.06760148704051971
img_0069.jpeg,vit,mobilenetv3,none,True,0.1669350266456604,0.14540037512779236,0.021534651517868042
img_0069.jpeg,vit,mobilenetv3,jpeg_q90,True,0.1669350266456604,0.1384691596031189,0.028465867042541504
img_0069.jpeg,vit,mobilenetv3,jpeg_q70,False,0.1669350266456604,0.3034367561340332,-0.1365017294883728
img_0069.jpeg,vit,mobilenetv3,resize_75pct,True,0.1669350266456604,0.0943206176161766,0.0726144090294838
img_0070.jpeg,resnet50,mobilenetv3,none,False,0.5140941739082336,0.2340347319841385,0.28005944192409515
img_0070.jpeg,resnet50,mobilenetv3,jpeg_q90,False,0.5140941739082336,0.2959481477737427,0.21814602613449097
img_0070.jpeg,resnet50,mobilenetv3,jpeg_q70,False,0.5140941739082336,0.3655812740325928,0.14851289987564087
img_0070.jpeg,resnet50,mobilenetv3,resize_75pct,False,0.5140941739082336,0.14628230035305023,0.3678118735551834
img_0070.jpeg,resnet50,vit,none,False,0.9424271583557129,0.8887602686882019,0.053666889667510986
img_0070.jpeg,resnet50,vit,jpeg_q90,False,0.9424271583557129,0.9312358498573303,0.011191308498382568
img_0070.jpeg,resnet50,vit,jpeg_q70,False,0.9424271583557129,0.9480019807815552,-0.005574822425842285
img_0070.jpeg,resnet50,vit,resize_75pct,False,0.9424271583557129,0.8608946204185486,0.0815325379371643
img_0070.jpeg,mobilenetv3,resnet50,none,False,0.3495003879070282,0.306581974029541,0.04291841387748718
img_0070.jpeg,mobilenetv3,resnet50,jpeg_q90,False,0.3495003879070282,0.35087767243385315,-0.0013772845268249512
img_0070.jpeg,mobilenetv3,resnet50,jpeg_q70,False,0.3495003879070282,0.3393689692020416,0.010131418704986572
img_0070.jpeg,mobilenetv3,resnet50,resize_75pct,False,0.3495003879070282,0.45108529925346375,-0.10158491134643555
img_0070.jpeg,mobilenetv3,vit,none,False,0.9424271583557129,0.8913544416427612,0.05107271671295166
img_0070.jpeg,mobilenetv3,vit,jpeg_q90,False,0.9424271583557129,0.9313907623291016,0.011036396026611328
img_0070.jpeg,mobilenetv3,vit,jpeg_q70,False,0.9424271583557129,0.9466800689697266,-0.004252910614013672
img_0070.jpeg,mobilenetv3,vit,resize_75pct,False,0.9424271583557129,0.8219298720359802,0.12049728631973267
img_0070.jpeg,vit,resnet50,none,False,0.3495003879070282,0.46279433369636536,-0.11329394578933716
img_0070.jpeg,vit,resnet50,jpeg_q90,False,0.3495003879070282,0.4463026821613312,-0.09680229425430298
img_0070.jpeg,vit,resnet50,jpeg_q70,False,0.3495003879070282,0.35269519686698914,-0.0031948089599609375
img_0070.jpeg,vit,resnet50,resize_75pct,False,0.3495003879070282,0.4963243305683136,-0.1468239426612854
img_0070.jpeg,vit,mobilenetv3,none,False,0.5140941739082336,0.39559218287467957,0.11850199103355408
img_0070.jpeg,vit,mobilenetv3,jpeg_q90,False,0.5140941739082336,0.27408841252326965,0.240005761384964
img_0070.jpeg,vit,mobilenetv3,jpeg_q70,False,0.5140941739082336,0.3128504753112793,0.20124369859695435
img_0070.jpeg,vit,mobilenetv3,resize_75pct,False,0.5140941739082336,0.3028923273086548,0.21120184659957886
img_0071.jpeg,resnet50,mobilenetv3,none,False,0.3337253928184509,0.30506306886672974,0.02866232395172119
img_0071.jpeg,resnet50,mobilenetv3,jpeg_q90,False,0.3337253928184509,0.4036431908607483,-0.06991779804229736
img_0071.jpeg,resnet50,mobilenetv3,jpeg_q70,False,0.3337253928184509,0.2244013249874115,0.10932406783103943
img_0071.jpeg,resnet50,mobilenetv3,resize_75pct,False,0.3337253928184509,0.45088088512420654,-0.11715549230575562
img_0071.jpeg,resnet50,vit,none,False,0.5560789108276367,0.5689325332641602,-0.012853622436523438
img_0071.jpeg,resnet50,vit,jpeg_q90,False,0.5560789108276367,0.5942028164863586,-0.038123905658721924
img_0071.jpeg,resnet50,vit,jpeg_q70,False,0.5560789108276367,0.5827527642250061,-0.026673853397369385
img_0071.jpeg,resnet50,vit,resize_75pct,False,0.5560789108276367,0.665190577507019,-0.10911166667938232
img_0071.jpeg,mobilenetv3,resnet50,none,False,0.21231940388679504,0.1843612790107727,0.02795812487602234
img_0071.jpeg,mobilenetv3,resnet50,jpeg_q90,False,0.21231940388679504,0.22380471229553223,-0.011485308408737183
img_0071.jpeg,mobilenetv3,resnet50,jpeg_q70,False,0.21231940388679504,0.2386571764945984,-0.026337772607803345
img_0071.jpeg,mobilenetv3,resnet50,resize_75pct,False,0.21231940388679504,0.2242719531059265,-0.01195254921913147
img_0071.jpeg,mobilenetv3,vit,none,False,0.5560789108276367,0.5780099034309387,-0.021930992603302002
img_0071.jpeg,mobilenetv3,vit,jpeg_q90,False,0.5560789108276367,0.6118654608726501,-0.05578655004501343
img_0071.jpeg,mobilenetv3,vit,jpeg_q70,False,0.5560789108276367,0.6540238261222839,-0.09794491529464722
img_0071.jpeg,mobilenetv3,vit,resize_75pct,False,0.5560789108276367,0.7059264183044434,-0.14984750747680664
img_0071.jpeg,vit,resnet50,none,False,0.21231940388679504,0.2887929379940033,-0.07647353410720825
img_0071.jpeg,vit,resnet50,jpeg_q90,False,0.21231940388679504,0.23021917045116425,-0.0178997665643692
img_0071.jpeg,vit,resnet50,jpeg_q70,False,0.21231940388679504,0.34709763526916504,-0.13477823138237
img_0071.jpeg,vit,resnet50,resize_75pct,False,0.21231940388679504,0.36210545897483826,-0.1497860550880432
img_0071.jpeg,vit,mobilenetv3,none,False,0.3337253928184509,0.47158628702163696,-0.13786089420318604
img_0071.jpeg,vit,mobilenetv3,jpeg_q90,False,0.3337253928184509,0.2559293806552887,0.07779601216316223
img_0071.jpeg,vit,mobilenetv3,jpeg_q70,False,0.3337253928184509,0.4991322457790375,-0.16540685296058655
img_0071.jpeg,vit,mobilenetv3,resize_75pct,False,0.3337253928184509,0.5386075973510742,-0.2048822045326233
img_0072.jpeg,resnet50,mobilenetv3,none,False,0.3143158555030823,0.3227282762527466,-0.008412420749664307
img_0072.jpeg,resnet50,mobilenetv3,jpeg_q90,False,0.3143158555030823,0.27404844760894775,0.04026740789413452
img_0072.jpeg,resnet50,mobilenetv3,jpeg_q70,False,0.3143158555030823,0.30578577518463135,0.008530080318450928
img_0072.jpeg,resnet50,mobilenetv3,resize_75pct,False,0.3143158555030823,0.2561112642288208,0.058204591274261475
img_0072.jpeg,resnet50,vit,none,False,0.7604318857192993,0.7431252598762512,0.017306625843048096
img_0072.jpeg,resnet50,vit,jpeg_q90,False,0.7604318857192993,0.7495768070220947,0.01085507869720459
img_0072.jpeg,resnet50,vit,jpeg_q70,False,0.7604318857192993,0.74079430103302,0.019637584686279297
img_0072.jpeg,resnet50,vit,resize_75pct,False,0.7604318857192993,0.758833646774292,0.0015982389450073242
img_0072.jpeg,mobilenetv3,resnet50,none,False,0.2859746217727661,0.29767972230911255,-0.011705100536346436
img_0072.jpeg,mobilenetv3,resnet50,jpeg_q90,False,0.2859746217727661,0.2700563073158264,0.015918314456939697
img_0072.jpeg,mobilenetv3,resnet50,jpeg_q70,False,0.2859746217727661,0.2666419446468353,0.019332677125930786
img_0072.jpeg,mobilenetv3,resnet50,resize_75pct,False,0.2859746217727661,0.3044607639312744,-0.0184861421585083
img_0072.jpeg,mobilenetv3,vit,none,False,0.7604318857192993,0.720389723777771,0.04004216194152832
img_0072.jpeg,mobilenetv3,vit,jpeg_q90,False,0.7604318857192993,0.736015260219574,0.024416625499725342
img_0072.jpeg,mobilenetv3,vit,jpeg_q70,False,0.7604318857192993,0.762530505657196,-0.0020986199378967285
img_0072.jpeg,mobilenetv3,vit,resize_75pct,False,0.7604318857192993,0.760138988494873,0.00029289722442626953
img_0072.jpeg,vit,resnet50,none,False,0.2859746217727661,0.24527359008789062,0.04070103168487549
img_0072.jpeg,vit,resnet50,jpeg_q90,False,0.2859746217727661,0.2573373317718506,0.028637290000915527
img_0072.jpeg,vit,resnet50,jpeg_q70,False,0.2859746217727661,0.25106844305992126,0.03490617871284485
img_0072.jpeg,vit,resnet50,resize_75pct,False,0.2859746217727661,0.25785714387893677,0.028117477893829346
img_0072.jpeg,vit,mobilenetv3,none,False,0.3143158555030823,0.31362655758857727,0.0006892979145050049
img_0072.jpeg,vit,mobilenetv3,jpeg_q90,False,0.3143158555030823,0.28715208172798157,0.027163773775100708
img_0072.jpeg,vit,mobilenetv3,jpeg_q70,False,0.3143158555030823,0.2528664171695709,0.06144943833351135
img_0072.jpeg,vit,mobilenetv3,resize_75pct,False,0.3143158555030823,0.28010129928588867,0.034214556217193604
img_0073.jpeg,resnet50,mobilenetv3,none,False,0.9034243822097778,0.9028677344322205,0.000556647777557373
img_0073.jpeg,resnet50,mobilenetv3,jpeg_q90,False,0.9034243822097778,0.906248927116394,-0.002824544906616211
img_0073.jpeg,resnet50,mobilenetv3,jpeg_q70,False,0.9034243822097778,0.914510190486908,-0.011085808277130127
img_0073.jpeg,resnet50,mobilenetv3,resize_75pct,False,0.9034243822097778,0.8953844308853149,0.00803995132446289
img_0073.jpeg,resnet50,vit,none,False,0.8997332453727722,0.9017769694328308,-0.0020437240600585938
img_0073.jpeg,resnet50,vit,jpeg_q90,False,0.8997332453727722,0.9008188247680664,-0.0010855793952941895
img_0073.jpeg,resnet50,vit,jpeg_q70,False,0.8997332453727722,0.8977333307266235,0.0019999146461486816
img_0073.jpeg,resnet50,vit,resize_75pct,False,0.8997332453727722,0.9018585085868835,-0.002125263214111328
img_0073.jpeg,mobilenetv3,resnet50,none,False,0.4525326192378998,0.4884074032306671,-0.035874783992767334
img_0073.jpeg,mobilenetv3,resnet50,jpeg_q90,False,0.4525326192378998,0.43286263942718506,0.01966997981071472
img_0073.jpeg,mobilenetv3,resnet50,jpeg_q70,False,0.4525326192378998,0.5109580159187317,-0.05842539668083191
img_0073.jpeg,mobilenetv3,resnet50,resize_75pct,False,0.4525326192378998,0.55837082862854,-0.10583820939064026
img_0073.jpeg,mobilenetv3,vit,none,False,0.8997332453727722,0.889452338218689,0.010280907154083252
img_0073.jpeg,mobilenetv3,vit,jpeg_q90,False,0.8997332453727722,0.9019620418548584,-0.0022287964820861816
img_0073.jpeg,mobilenetv3,vit,jpeg_q70,False,0.8997332453727722,0.9007779359817505,-0.0010446906089782715
img_0073.jpeg,mobilenetv3,vit,resize_75pct,False,0.8997332453727722,0.8976328372955322,0.0021004080772399902
img_0073.jpeg,vit,resnet50,none,False,0.4525326192378998,0.47860175371170044,-0.02606913447380066
img_0073.jpeg,vit,resnet50,jpeg_q90,False,0.4525326192378998,0.4517008066177368,0.0008318126201629639
img_0073.jpeg,vit,resnet50,jpeg_q70,False,0.4525326192378998,0.4270039498806,0.025528669357299805
img_0073.jpeg,vit,resnet50,resize_75pct,False,0.4525326192378998,0.48559701442718506,-0.03306439518928528
img_0073.jpeg,vit,mobilenetv3,none,False,0.9034243822097778,0.896801233291626,0.0066231489181518555
img_0073.jpeg,vit,mobilenetv3,jpeg_q90,False,0.9034243822097778,0.8995469212532043,0.0038774609565734863
img_0073.jpeg,vit,mobilenetv3,jpeg_q70,False,0.9034243822097778,0.8980054259300232,0.005418956279754639
img_0073.jpeg,vit,mobilenetv3,resize_75pct,False,0.9034243822097778,0.9039480686187744,-0.000523686408996582
img_0074.jpeg,resnet50,mobilenetv3,none,False,0.6688280701637268,0.5297920107841492,0.13903605937957764
img_0074.jpeg,resnet50,mobilenetv3,jpeg_q90,False,0.6688280701637268,0.7372128367424011,-0.06838476657867432
img_0074.jpeg,resnet50,mobilenetv3,jpeg_q70,False,0.6688280701637268,0.6605888605117798,0.008239209651947021
img_0074.jpeg,resnet50,mobilenetv3,resize_75pct,False,0.6688280701637268,0.4072265028953552,0.2616015672683716
img_0074.jpeg,resnet50,vit,none,False,0.8806677460670471,0.8755196928977966,0.005148053169250488
img_0074.jpeg,resnet50,vit,jpeg_q90,False,0.8806677460670471,0.8698970675468445,0.010770678520202637
img_0074.jpeg,resnet50,vit,jpeg_q70,False,0.8806677460670471,0.879675567150116,0.0009921789169311523
img_0074.jpeg,resnet50,vit,resize_75pct,False,0.8806677460670471,0.8747434616088867,0.0059242844581604
img_0074.jpeg,mobilenetv3,resnet50,none,False,0.281386137008667,0.3055092394351959,-0.02412310242652893
img_0074.jpeg,mobilenetv3,resnet50,jpeg_q90,False,0.281386137008667,0.220320925116539,0.06106521189212799
img_0074.jpeg,mobilenetv3,resnet50,jpeg_q70,False,0.281386137008667,0.2309855967760086,0.050400540232658386
img_0074.jpeg,mobilenetv3,resnet50,resize_75pct,False,0.281386137008667,0.24142682552337646,0.03995931148529053
img_0074.jpeg,mobilenetv3,vit,none,False,0.8806677460670471,0.8795264959335327,0.0011412501335144043
img_0074.jpeg,mobilenetv3,vit,jpeg_q90,False,0.8806677460670471,0.8676403164863586,0.013027429580688477
img_0074.jpeg,mobilenetv3,vit,jpeg_q70,False,0.8806677460670471,0.8790869116783142,0.0015808343887329102
img_0074.jpeg,mobilenetv3,vit,resize_75pct,False,0.8806677460670471,0.8802576661109924,0.0004100799560546875
img_0074.jpeg,vit,resnet50,none,False,0.281386137008667,0.3109753429889679,-0.029589205980300903
img_0074.jpeg,vit,resnet50,jpeg_q90,False,0.281386137008667,0.22843150794506073,0.05295462906360626
img_0074.jpeg,vit,resnet50,jpeg_q70,False,0.281386137008667,0.22115005552768707,0.06023608148097992
img_0074.jpeg,vit,resnet50,resize_75pct,False,0.281386137008667,0.26862889528274536,0.01275724172592163
img_0074.jpeg,vit,mobilenetv3,none,False,0.6688280701637268,0.3132402002811432,0.3555878698825836
img_0074.jpeg,vit,mobilenetv3,jpeg_q90,False,0.6688280701637268,0.505573034286499,0.16325503587722778
img_0074.jpeg,vit,mobilenetv3,jpeg_q70,False,0.6688280701637268,0.47542548179626465,0.19340258836746216
img_0074.jpeg,vit,mobilenetv3,resize_75pct,False,0.6688280701637268,0.2914775013923645,0.3773505687713623
img_0075.jpeg,resnet50,mobilenetv3,none,False,0.388253778219223,0.3137046992778778,0.07454907894134521
img_0075.jpeg,resnet50,mobilenetv3,jpeg_q90,True,0.388253778219223,0.3155537545681,0.07270002365112305
img_0075.jpeg,resnet50,mobilenetv3,jpeg_q70,False,0.388253778219223,0.520908534526825,-0.13265475630760193
img_0075.jpeg,resnet50,mobilenetv3,resize_75pct,False,0.388253778219223,0.32961803674697876,0.05863574147224426
img_0075.jpeg,resnet50,vit,none,False,0.8907321691513062,0.8871265053749084,0.003605663776397705
img_0075.jpeg,resnet50,vit,jpeg_q90,False,0.8907321691513062,0.885601818561554,0.005130350589752197
img_0075.jpeg,resnet50,vit,jpeg_q70,False,0.8907321691513062,0.8933612108230591,-0.0026290416717529297
img_0075.jpeg,resnet50,vit,resize_75pct,False,0.8907321691513062,0.9084197878837585,-0.017687618732452393
img_0075.jpeg,mobilenetv3,resnet50,none,False,0.3341771066188812,0.30035606026649475,0.033821046352386475
img_0075.jpeg,mobilenetv3,resnet50,jpeg_q90,False,0.3341771066188812,0.34309983253479004,-0.008922725915908813
img_0075.jpeg,mobilenetv3,resnet50,jpeg_q70,False,0.3341771066188812,0.37161755561828613,-0.03744044899940491
img_0075.jpeg,mobilenetv3,resnet50,resize_75pct,False,0.3341771066188812,0.3611798584461212,-0.02700275182723999
img_0075.jpeg,mobilenetv3,vit,none,False,0.8907321691513062,0.8882001638412476,0.0025320053100585938
img_0075.jpeg,mobilenetv3,vit,jpeg_q90,False,0.8907321691513062,0.8817720413208008,0.008960127830505371
img_0075.jpeg,mobilenetv3,vit,jpeg_q70,False,0.8907321691513062,0.894390344619751,-0.0036581754684448242
img_0075.jpeg,mobilenetv3,vit,resize_75pct,False,0.8907321691513062,0.9055746793746948,-0.014842510223388672
img_0075.jpeg,vit,resnet50,none,False,0.3341771066188812,0.29156655073165894,0.04261055588722229
img_0075.jpeg,vit,resnet50,jpeg_q90,False,0.3341771066188812,0.3098299205303192,0.02434718608856201
img_0075.jpeg,vit,resnet50,jpeg_q70,False,0.3341771066188812,0.3244651257991791,0.009711980819702148
img_0075.jpeg,vit,resnet50,resize_75pct,False,0.3341771066188812,0.37156063318252563,-0.03738352656364441
img_0075.jpeg,vit,mobilenetv3,none,False,0.388253778219223,0.31545257568359375,0.07280120253562927
img_0075.jpeg,vit,mobilenetv3,jpeg_q90,False,0.388253778219223,0.35382798314094543,0.03442579507827759
img_0075.jpeg,vit,mobilenetv3,jpeg_q70,False,0.388253778219223,0.4498513638973236,-0.061597585678100586
img_0075.jpeg,vit,mobilenetv3,resize_75pct,False,0.388253778219223,0.29745355248451233,0.0908002257347107
img_0076.jpeg,resnet50,mobilenetv3,none,False,0.8576608300209045,0.8814722299575806,-0.023811399936676025
img_0076.jpeg,resnet50,mobilenetv3,jpeg_q90,False,0.8576608300209045,0.864190936088562,-0.006530106067657471
img_0076.jpeg,resnet50,mobilenetv3,jpeg_q70,False,0.8576608300209045,0.8525521755218506,0.005108654499053955
img_0076.jpeg,resnet50,mobilenetv3,resize_75pct,False,0.8576608300209045,0.8886358737945557,-0.030975043773651123
img_0076.jpeg,resnet50,vit,none,False,0.8944455981254578,0.8747291564941406,0.01971644163131714
img_0076.jpeg,resnet50,vit,jpeg_q90,False,0.8944455981254578,0.8946623206138611,-0.0002167224884033203
img_0076.jpeg,resnet50,vit,jpeg_q70,False,0.8944455981254578,0.8882431983947754,0.006202399730682373
img_0076.jpeg,resnet50,vit,resize_75pct,False,0.8944455981254578,0.8800251483917236,0.01442044973373413
img_0076.jpeg,mobilenetv3,resnet50,none,False,0.5120223164558411,0.4054125249385834,0.10660979151725769
img_0076.jpeg,mobilenetv3,resnet50,jpeg_q90,False,0.5120223164558411,0.4237968623638153,0.08822545409202576
img_0076.jpeg,mobilenetv3,resnet50,jpeg_q70,False,0.5120223164558411,0.4524533450603485,0.059568971395492554
img_0076.jpeg,mobilenetv3,resnet50,resize_75pct,False,0.5120223164558411,0.448053240776062,0.06396907567977905
img_0076.jpeg,mobilenetv3,vit,none,False,0.8944455981254578,0.8774470686912537,0.0169985294342041
img_0076.jpeg,mobilenetv3,vit,jpeg_q90,False,0.8944455981254578,0.894066333770752,0.00037926435470581055
img_0076.jpeg,mobilenetv3,vit,jpeg_q70,False,0.8944455981254578,0.8813143968582153,0.013131201267242432
img_0076.jpeg,mobilenetv3,vit,resize_75pct,False,0.8944455981254578,0.8846770524978638,0.009768545627593994
img_0076.jpeg,vit,resnet50,none,False,0.5120223164558411,0.40179306268692017,0.1102292537689209
img_0076.jpeg,vit,resnet50,jpeg_q90,False,0.5120223164558411,0.4374399781227112,0.07458233833312988
img_0076.jpeg,vit,resnet50,jpeg_q70,False,0.5120223164558411,0.5000986456871033,0.011923670768737793
img_0076.jpeg,vit,resnet50,resize_75pct,False,0.5120223164558411,0.4166909158229828,0.09533140063285828
img_0076.jpeg,vit,mobilenetv3,none,False,0.8576608300209045,0.8434596061706543,0.014201223850250244
img_0076.jpeg,vit,mobilenetv3,jpeg_q90,False,0.8576608300209045,0.845254123210907,0.012406706809997559
img_0076.jpeg,vit,mobilenetv3,jpeg_q70,False,0.8576608300209045,0.8430520296096802,0.014608800411224365
img_0076.jpeg,vit,mobilenetv3,resize_75pct,False,0.8576608300209045,0.8437724709510803,0.013888359069824219
img_0077.jpeg,resnet50,mobilenetv3,none,False,0.7014821171760559,0.7376577258110046,-0.03617560863494873
img_0077.jpeg,resnet50,mobilenetv3,jpeg_q90,False,0.7014821171760559,0.7411061525344849,-0.039624035358428955
img_0077.jpeg,resnet50,mobilenetv3,jpeg_q70,False,0.7014821171760559,0.7047588229179382,-0.0032767057418823242
img_0077.jpeg,resnet50,mobilenetv3,resize_75pct,False,0.7014821171760559,0.7269513607025146,-0.02546924352645874
img_0077.jpeg,resnet50,vit,none,False,0.7739822268486023,0.8058487772941589,-0.03186655044555664
img_0077.jpeg,resnet50,vit,jpeg_q90,False,0.7739822268486023,0.7931495308876038,-0.019167304039001465
img_0077.jpeg,resnet50,vit,jpeg_q70,False,0.7739822268486023,0.7851492762565613,-0.011167049407958984
img_0077.jpeg,resnet50,vit,resize_75pct,False,0.7739822268486023,0.7696741223335266,0.004308104515075684
img_0077.jpeg,mobilenetv3,resnet50,none,False,0.49674397706985474,0.4815130829811096,0.015230894088745117
img_0077.jpeg,mobilenetv3,resnet50,jpeg_q90,False,0.49674397706985474,0.4939955174922943,0.002748459577560425
img_0077.jpeg,mobilenetv3,resnet50,jpeg_q70,False,0.49674397706985474,0.4986090064048767,-0.0018650293350219727
img_0077.jpeg,mobilenetv3,resnet50,resize_75pct,False,0.49674397706985474,0.37423208355903625,0.12251189351081848
img_0077.jpeg,mobilenetv3,vit,none,False,0.7739822268486023,0.820198118686676,-0.04621589183807373
img_0077.jpeg,mobilenetv3,vit,jpeg_q90,False,0.7739822268486023,0.8104891180992126,-0.03650689125061035
img_0077.jpeg,mobilenetv3,vit,jpeg_q70,False,0.7739822268486023,0.8075761795043945,-0.033593952655792236
img_0077.jpeg,mobilenetv3,vit,resize_75pct,False,0.7739822268486023,0.7888094186782837,-0.014827191829681396
img_0077.jpeg,vit,resnet50,none,False,0.49674397706985474,0.4996431767940521,-0.0028991997241973877
img_0077.jpeg,vit,resnet50,jpeg_q90,False,0.49674397706985474,0.5072474479675293,-0.01050347089767456
img_0077.jpeg,vit,resnet50,jpeg_q70,False,0.49674397706985474,0.5046602487564087,-0.007916271686553955
img_0077.jpeg,vit,resnet50,resize_75pct,False,0.49674397706985474,0.3624438941478729,0.1343000829219818
img_0077.jpeg,vit,mobilenetv3,none,False,0.7014821171760559,0.7179620862007141,-0.016479969024658203
img_0077.jpeg,vit,mobilenetv3,jpeg_q90,False,0.7014821171760559,0.7266318798065186,-0.025149762630462646
img_0077.jpeg,vit,mobilenetv3,jpeg_q70,False,0.7014821171760559,0.6903301477432251,0.01115196943283081
img_0077.jpeg,vit,mobilenetv3,resize_75pct,False,0.7014821171760559,0.797243595123291,-0.09576147794723511
img_0078.jpeg,resnet50,mobilenetv3,none,False,0.15175394713878632,0.2675817608833313,-0.11582781374454498
img_0078.jpeg,resnet50,mobilenetv3,jpeg_q90,False,0.15175394713878632,0.1696683168411255,-0.017914369702339172
img_0078.jpeg,resnet50,mobilenetv3,jpeg_q70,False,0.15175394713878632,0.21375121176242828,-0.06199726462364197
img_0078.jpeg,resnet50,mobilenetv3,resize_75pct,False,0.15175394713878632,0.21025948226451874,-0.05850553512573242
img_0078.jpeg,resnet50,vit,none,False,0.4256356954574585,0.5093275904655457,-0.08369189500808716
img_0078.jpeg,resnet50,vit,jpeg_q90,False,0.4256356954574585,0.3873492181301117,0.0382864773273468
img_0078.jpeg,resnet50,vit,jpeg_q70,False,0.4256356954574585,0.5046527981758118,-0.07901710271835327
img_0078.jpeg,resnet50,vit,resize_75pct,False,0.4256356954574585,0.5345750451087952,-0.10893934965133667
img_0078.jpeg,mobilenetv3,resnet50,none,False,0.2790396809577942,0.3562038540840149,-0.0771641731262207
img_0078.jpeg,mobilenetv3,resnet50,jpeg_q90,False,0.2790396809577942,0.28495776653289795,-0.00591808557510376
img_0078.jpeg,mobilenetv3,resnet50,jpeg_q70,False,0.2790396809577942,0.31753861904144287,-0.03849893808364868
img_0078.jpeg,mobilenetv3,resnet50,resize_75pct,False,0.2790396809577942,0.28447943925857544,-0.00543975830078125
img_0078.jpeg,mobilenetv3,vit,none,False,0.4256356954574585,0.5460577011108398,-0.12042200565338135
img_0078.jpeg,mobilenetv3,vit,jpeg_q90,False,0.4256356954574585,0.4887963831424713,-0.06316068768501282
img_0078.jpeg,mobilenetv3,vit,jpeg_q70,False,0.4256356954574585,0.49689269065856934,-0.07125699520111084
img_0078.jpeg,mobilenetv3,vit,resize_75pct,False,0.4256356954574585,0.5457262396812439,-0.1200905442237854
img_0078.jpeg,vit,resnet50,none,False,0.2790396809577942,0.333984375,-0.05494469404220581
img_0078.jpeg,vit,resnet50,jpeg_q90,False,0.2790396809577942,0.338201105594635,-0.05916142463684082
img_0078.jpeg,vit,resnet50,jpeg_q70,False,0.2790396809577942,0.2591978907585144,0.019841790199279785
img_0078.jpeg,vit,resnet50,resize_75pct,False,0.2790396809577942,0.27595314383506775,0.0030865371227264404
img_0078.jpeg,vit,mobilenetv3,none,False,0.15175394713878632,0.29113513231277466,-0.13938118517398834
img_0078.jpeg,vit,mobilenetv3,jpeg_q90,False,0.15175394713878632,0.2040846347808838,-0.05233068764209747
img_0078.jpeg,vit,mobilenetv3,jpeg_q70,False,0.15175394713878632,0.1960984319448471,-0.04434448480606079
img_0078.jpeg,vit,mobilenetv3,resize_75pct,False,0.15175394713878632,0.23290354013442993,-0.08114959299564362
img_0079.jpeg,resnet50,mobilenetv3,none,False,0.7183451652526855,0.6799486875534058,0.038396477699279785
img_0079.jpeg,resnet50,mobilenetv3,jpeg_q90,False,0.7183451652526855,0.6979550123214722,0.02039015293121338
img_0079.jpeg,resnet50,mobilenetv3,jpeg_q70,False,0.7183451652526855,0.7011469006538391,0.017198264598846436
img_0079.jpeg,resnet50,mobilenetv3,resize_75pct,False,0.7183451652526855,0.4042423665523529,0.31410279870033264
img_0079.jpeg,resnet50,vit,none,False,0.6406916975975037,0.7066781520843506,-0.06598645448684692
img_0079.jpeg,resnet50,vit,jpeg_q90,False,0.6406916975975037,0.597629964351654,0.04306173324584961
img_0079.jpeg,resnet50,vit,jpeg_q70,False,0.6406916975975037,0.5493136048316956,0.0913780927658081
img_0079.jpeg,resnet50,vit,resize_75pct,False,0.6406916975975037,0.7828576564788818,-0.14216595888137817
img_0079.jpeg,mobilenetv3,resnet50,none,False,0.6860190629959106,0.6079666018486023,0.07805246114730835
img_0079.jpeg,mobilenetv3,resnet50,jpeg_q90,False,0.6860190629959106,0.6690072417259216,0.017011821269989014
img_0079.jpeg,mobilenetv3,resnet50,jpeg_q70,False,0.6860190629959106,0.6932495832443237,-0.007230520248413086
img_0079.jpeg,mobilenetv3,resnet50,resize_75pct,False,0.6860190629959106,0.24241572618484497,0.4436033368110657
img_0079.jpeg,mobilenetv3,vit,none,False,0.6406916975975037,0.6556451320648193,-0.014953434467315674
img_0079.jpeg,mobilenetv3,vit,jpeg_q90,False,0.6406916975975037,0.6286962032318115,0.011995494365692139
img_0079.jpeg,mobilenetv3,vit,jpeg_q70,False,0.6406916975975037,0.6196921467781067,0.020999550819396973
img_0079.jpeg,mobilenetv3,vit,resize_75pct,False,0.6406916975975037,0.7966382503509521,-0.1559465527534485
img_0079.jpeg,vit,resnet50,none,False,0.6860190629959106,0.6542069315910339,0.03181213140487671
img_0079.jpeg,vit,resnet50,jpeg_q90,False,0.6860190629959106,0.6221194863319397,0.06389957666397095
img_0079.jpeg,vit,resnet50,jpeg_q70,False,0.6860190629959106,0.5847582817077637,0.10126078128814697
img_0079.jpeg,vit,resnet50,resize_75pct,False,0.6860190629959106,0.25976333022117615,0.4262557327747345
img_0079.jpeg,vit,mobilenetv3,none,False,0.7183451652526855,0.6612122058868408,0.05713295936584473
img_0079.jpeg,vit,mobilenetv3,jpeg_q90,False,0.7183451652526855,0.6518052816390991,0.06653988361358643
img_0079.jpeg,vit,mobilenetv3,jpeg_q70,False,0.7183451652526855,0.6341620683670044,0.08418309688568115
img_0079.jpeg,vit,mobilenetv3,resize_75pct,False,0.7183451652526855,0.35721415281295776,0.3611310124397278
img_0080.jpeg,resnet50,mobilenetv3,none,True,0.21150286495685577,0.05539673939347267,0.1561061255633831
img_0080.jpeg,resnet50,mobilenetv3,jpeg_q90,False,0.21150286495685577,0.14200341701507568,0.06949944794178009
img_0080.jpeg,resnet50,mobilenetv3,jpeg_q70,True,0.21150286495685577,0.06807653605937958,0.1434263288974762
img_0080.jpeg,resnet50,mobilenetv3,resize_75pct,True,0.21150286495685577,0.03861157223582268,0.1728912927210331
img_0080.jpeg,resnet50,vit,none,False,0.5044769048690796,0.6683985590934753,-0.16392165422439575
img_0080.jpeg,resnet50,vit,jpeg_q90,False,0.5044769048690796,0.517569899559021,-0.013092994689941406
img_0080.jpeg,resnet50,vit,jpeg_q70,False,0.5044769048690796,0.4710271954536438,0.03344970941543579
img_0080.jpeg,resnet50,vit,resize_75pct,False,0.5044769048690796,0.6016751527786255,-0.0971982479095459
img_0080.jpeg,mobilenetv3,resnet50,none,False,0.1430104672908783,0.16573841869831085,-0.022727951407432556
img_0080.jpeg,mobilenetv3,resnet50,jpeg_q90,False,0.1430104672908783,0.13087010383605957,0.012140363454818726
img_0080.jpeg,mobilenetv3,resnet50,jpeg_q70,False,0.1430104672908783,0.14657866954803467,-0.003568202257156372
img_0080.jpeg,mobilenetv3,resnet50,resize_75pct,False,0.1430104672908783,0.21448151767253876,-0.07147105038166046
img_0080.jpeg,mobilenetv3,vit,none,False,0.5044769048690796,0.4336104094982147,0.07086649537086487
img_0080.jpeg,mobilenetv3,vit,jpeg_q90,False,0.5044769048690796,0.3400130271911621,0.16446387767791748
img_0080.jpeg,mobilenetv3,vit,jpeg_q70,False,0.5044769048690796,0.44606664776802063,0.05841025710105896
img_0080.jpeg,mobilenetv3,vit,resize_75pct,False,0.5044769048690796,0.3078092336654663,0.19666767120361328
img_0080.jpeg,vit,resnet50,none,False,0.1430104672908783,0.18276409804821014,-0.03975363075733185
img_0080.jpeg,vit,resnet50,jpeg_q90,False,0.1430104672908783,0.14789697527885437,-0.004886507987976074
img_0080.jpeg,vit,resnet50,jpeg_q70,False,0.1430104672908783,0.13046245276927948,0.012548014521598816
img_0080.jpeg,vit,resnet50,resize_75pct,False,0.1430104672908783,0.2574467062950134,-0.11443623900413513
img_0080.jpeg,vit,mobilenetv3,none,False,0.21150286495685577,0.10809911042451859,0.10340375453233719
img_0080.jpeg,vit,mobilenetv3,jpeg_q90,False,0.21150286495685577,0.21940645575523376,-0.00790359079837799
img_0080.jpeg,vit,mobilenetv3,jpeg_q70,False,0.21150286495685577,0.1965276300907135,0.014975234866142273
img_0080.jpeg,vit,mobilenetv3,resize_75pct,True,0.21150286495685577,0.03951023519039154,0.17199262976646423
img_0081.jpeg,resnet50,mobilenetv3,none,True,0.28420695662498474,0.15714627504348755,0.1270606815814972
img_0081.jpeg,resnet50,mobilenetv3,jpeg_q90,False,0.28420695662498474,0.2469085156917572,0.03729844093322754
img_0081.jpeg,resnet50,mobilenetv3,jpeg_q70,False,0.28420695662498474,0.23620979487895966,0.047997161746025085
img_0081.jpeg,resnet50,mobilenetv3,resize_75pct,True,0.28420695662498474,0.10878661274909973,0.175420343875885
img_0081.jpeg,resnet50,vit,none,False,0.866450846195221,0.7940769195556641,0.07237392663955688
img_0081.jpeg,resnet50,vit,jpeg_q90,False,0.866450846195221,0.8153783082962036,0.051072537899017334
img_0081.jpeg,resnet50,vit,jpeg_q70,False,0.866450846195221,0.8565974831581116,0.009853363037109375
img_0081.jpeg,resnet50,vit,resize_75pct,False,0.866450846195221,0.6922873854637146,0.17416346073150635
img_0081.jpeg,mobilenetv3,resnet50,none,False,0.22019466757774353,0.28265413641929626,-0.062459468841552734
img_0081.jpeg,mobilenetv3,resnet50,jpeg_q90,False,0.22019466757774353,0.251747190952301,-0.031552523374557495
img_0081.jpeg,mobilenetv3,resnet50,jpeg_q70,False,0.22019466757774353,0.16996809840202332,0.050226569175720215
img_0081.jpeg,mobilenetv3,resnet50,resize_75pct,False,0.22019466757774353,0.37113475799560547,-0.15094009041786194
img_0081.jpeg,mobilenetv3,vit,none,False,0.866450846195221,0.8217127323150635,0.04473811388015747
img_0081.jpeg,mobilenetv3,vit,jpeg_q90,False,0.866450846195221,0.8439823985099792,0.0224684476852417
img_0081.jpeg,mobilenetv3,vit,jpeg_q70,False,0.866450846195221,0.8544365763664246,0.012014269828796387
img_0081.jpeg,mobilenetv3,vit,resize_75pct,False,0.866450846195221,0.7170694470405579,0.14938139915466309
img_0081.jpeg,vit,resnet50,none,False,0.22019466757774353,0.28481441736221313,-0.0646197497844696
img_0081.jpeg,vit,resnet50,jpeg_q90,False,0.22019466757774353,0.2840736508369446,-0.06387898325920105
img_0081.jpeg,vit,resnet50,jpeg_q70,False,0.22019466757774353,0.21306589245796204,0.007128775119781494
img_0081.jpeg,vit,resnet50,resize_75pct,False,0.22019466757774353,0.376469224691391,-0.15627455711364746
img_0081.jpeg,vit,mobilenetv3,none,True,0.28420695662498474,0.1530706286430359,0.13113632798194885
img_0081.jpeg,vit,mobilenetv3,jpeg_q90,False,0.28420695662498474,0.2635420858860016,0.020664870738983154
img_0081.jpeg,vit,mobilenetv3,jpeg_q70,False,0.28420695662498474,0.22408021986484528,0.060126736760139465
img_0081.jpeg,vit,mobilenetv3,resize_75pct,True,0.28420695662498474,0.10412035882472992,0.18008659780025482
img_0082.jpeg,resnet50,mobilenetv3,none,False,0.836380660533905,0.783831000328064,0.052549660205841064
img_0082.jpeg,resnet50,mobilenetv3,jpeg_q90,False,0.836380660533905,0.8385512828826904,-0.0021706223487854004
img_0082.jpeg,resnet50,mobilenetv3,jpeg_q70,False,0.836380660533905,0.8590664863586426,-0.02268582582473755
img_0082.jpeg,resnet50,mobilenetv3,resize_75pct,False,0.836380660533905,0.789393961429596,0.04698669910430908
img_0082.jpeg,resnet50,vit,none,False,0.8983697891235352,0.8761452436447144,0.0222245454788208
img_0082.jpeg,resnet50,vit,jpeg_q90,False,0.8983697891235352,0.896682858467102,0.0016869306564331055
img_0082.jpeg,resnet50,vit,jpeg_q70,False,0.8983697891235352,0.8914152383804321,0.006954550743103027
img_0082.jpeg,resnet50,vit,resize_75pct,False,0.8983697891235352,0.8679827451705933,0.030387043952941895
img_0082.jpeg,mobilenetv3,resnet50,none,False,0.8338596224784851,0.745956301689148,0.08790332078933716
img_0082.jpeg,mobilenetv3,resnet50,jpeg_q90,False,0.8338596224784851,0.8412321209907532,-0.007372498512268066
img_0082.jpeg,mobilenetv3,resnet50,jpeg_q70,False,0.8338596224784851,0.8169896006584167,0.01687002182006836
img_0082.jpeg,mobilenetv3,resnet50,resize_75pct,False,0.8338596224784851,0.6439142227172852,0.18994539976119995
img_0082.jpeg,mobilenetv3,vit,none,False,0.8983697891235352,0.8910155892372131,0.0073541998863220215
img_0082.jpeg,mobilenetv3,vit,jpeg_q90,False,0.8983697891235352,0.9001629948616028,-0.001793205738067627
img_0082.jpeg,mobilenetv3,vit,jpeg_q70,False,0.8983697891235352,0.8999667167663574,-0.0015969276428222656
img_0082.jpeg,mobilenetv3,vit,resize_75pct,False,0.8983697891235352,0.8869339227676392,0.011435866355895996
img_0082.jpeg,vit,resnet50,none,False,0.8338596224784851,0.7750948071479797,0.05876481533050537
img_0082.jpeg,vit,resnet50,jpeg_q90,False,0.8338596224784851,0.808775007724762,0.025084614753723145
img_0082.jpeg,vit,resnet50,jpeg_q70,False,0.8338596224784851,0.7995828986167908,0.034276723861694336
img_0082.jpeg,vit,resnet50,resize_75pct,False,0.8338596224784851,0.6383333802223206,0.19552624225616455
img_0082.jpeg,vit,mobilenetv3,none,False,0.836380660533905,0.8531538844108582,-0.016773223876953125
img_0082.jpeg,vit,mobilenetv3,jpeg_q90,False,0.836380660533905,0.8894609212875366,-0.05308026075363159
img_0082.jpeg,vit,mobilenetv3,jpeg_q70,False,0.836380660533905,0.8745323419570923,-0.038151681423187256
img_0082.jpeg,vit,mobilenetv3,resize_75pct,False,0.836380660533905,0.8281965851783752,0.008184075355529785
img_0083.jpeg,resnet50,mobilenetv3,none,False,0.4460533559322357,0.41531360149383545,0.03073975443840027
img_0083.jpeg,resnet50,mobilenetv3,jpeg_q90,False,0.4460533559322357,0.42022672295570374,0.025826632976531982
img_0083.jpeg,resnet50,mobilenetv3,jpeg_q70,False,0.4460533559322357,0.427284836769104,0.018768519163131714
img_0083.jpeg,resnet50,mobilenetv3,resize_75pct,False,0.4460533559322357,0.22613117098808289,0.21992218494415283
img_0083.jpeg,resnet50,vit,none,False,0.9116513133049011,0.8995499014854431,0.012101411819458008
img_0083.jpeg,resnet50,vit,jpeg_q90,False,0.9116513133049011,0.9108204245567322,0.0008308887481689453
img_0083.jpeg,resnet50,vit,jpeg_q70,False,0.9116513133049011,0.9087775945663452,0.002873718738555908
img_0083.jpeg,resnet50,vit,resize_75pct,False,0.9116513133049011,0.8948215246200562,0.01682978868484497
img_0083.jpeg,mobilenetv3,resnet50,none,False,0.7096572518348694,0.6775000691413879,0.032157182693481445
img_0083.jpeg,mobilenetv3,resnet50,jpeg_q90,False,0.7096572518348694,0.7452024817466736,-0.0355452299118042
img_0083.jpeg,mobilenetv3,resnet50,jpeg_q70,False,0.7096572518348694,0.7523110508918762,-0.042653799057006836
img_0083.jpeg,mobilenetv3,resnet50,resize_75pct,False,0.7096572518348694,0.6557470560073853,0.05391019582748413
img_0083.jpeg,mobilenetv3,vit,none,False,0.9116513133049011,0.9066662788391113,0.004985034465789795
img_0083.jpeg,mobilenetv3,vit,jpeg_q90,False,0.9116513133049011,0.9125639200210571,-0.0009126067161560059
img_0083.jpeg,mobilenetv3,vit,jpeg_q70,False,0.9116513133049011,0.9043250679969788,0.007326245307922363
img_0083.jpeg,mobilenetv3,vit,resize_75pct,False,0.9116513133049011,0.8872503042221069,0.02440100908279419
img_0083.jpeg,vit,resnet50,none,False,0.7096572518348694,0.6240442395210266,0.08561301231384277
img_0083.jpeg,vit,resnet50,jpeg_q90,False,0.7096572518348694,0.6815500259399414,0.02810722589492798
img_0083.jpeg,vit,resnet50,jpeg_q70,False,0.7096572518348694,0.6661703586578369,0.04348689317703247
img_0083.jpeg,vit,resnet50,resize_75pct,False,0.7096572518348694,0.5029029846191406,0.20675426721572876
img_0083.jpeg,vit,mobilenetv3,none,False,0.4460533559322357,0.3190666437149048,0.12698671221733093
img_0083.jpeg,vit,mobilenetv3,jpeg_q90,False,0.4460533559322357,0.45688071846961975,-0.010827362537384033
img_0083.jpeg,vit,mobilenetv3,jpeg_q70,False,0.4460533559322357,0.33761948347091675,0.10843387246131897
img_0083.jpeg,vit,mobilenetv3,resize_75pct,False,0.4460533559322357,0.1567513346672058,0.2893020212650299
img_0084.jpeg,resnet50,mobilenetv3,none,True,0.23758265376091003,0.1815441995859146,0.05603845417499542
img_0084.jpeg,resnet50,mobilenetv3,jpeg_q90,False,0.23758265376091003,0.2559545636177063,-0.018371909856796265
img_0084.jpeg,resnet50,mobilenetv3,jpeg_q70,False,0.23758265376091003,0.25941377878189087,-0.021831125020980835
img_0084.jpeg,resnet50,mobilenetv3,resize_75pct,False,0.23758265376091003,0.24363835155963898,-0.006055697798728943
img_0084.jpeg,resnet50,vit,none,False,0.4639655351638794,0.49394047260284424,-0.029974937438964844
img_0084.jpeg,resnet50,vit,jpeg_q90,False,0.4639655351638794,0.4477604329586029,0.01620510220527649
img_0084.jpeg,resnet50,vit,jpeg_q70,False,0.4639655351638794,0.4297093451023102,0.034256190061569214
img_0084.jpeg,resnet50,vit,resize_75pct,False,0.4639655351638794,0.46818456053733826,-0.004219025373458862
img_0084.jpeg,mobilenetv3,resnet50,none,True,0.22042445838451385,0.1725401133298874,0.047884345054626465
img_0084.jpeg,mobilenetv3,resnet50,jpeg_q90,True,0.22042445838451385,0.15808480978012085,0.062339648604393005
img_0084.jpeg,mobilenetv3,resnet50,jpeg_q70,False,0.22042445838451385,0.2089853435754776,0.011439114809036255
img_0084.jpeg,mobilenetv3,resnet50,resize_75pct,True,0.22042445838451385,0.20353996753692627,0.016884490847587585
img_0084.jpeg,mobilenetv3,vit,none,False,0.4639655351638794,0.5290645956993103,-0.06509906053543091
img_0084.jpeg,mobilenetv3,vit,jpeg_q90,False,0.4639655351638794,0.4970296025276184,-0.033064067363739014
img_0084.jpeg,mobilenetv3,vit,jpeg_q70,False,0.4639655351638794,0.47681570053100586,-0.012850165367126465
img_0084.jpeg,mobilenetv3,vit,resize_75pct,False,0.4639655351638794,0.49536892771720886,-0.03140339255332947
img_0084.jpeg,vit,resnet50,none,True,0.22042445838451385,0.1650013029575348,0.055423155426979065
img_0084.jpeg,vit,resnet50,jpeg_q90,True,0.22042445838451385,0.17935730516910553,0.041067153215408325
img_0084.jpeg,vit,resnet50,jpeg_q70,False,0.22042445838451385,0.21774230897426605,0.0026821494102478027
img_0084.jpeg,vit,resnet50,resize_75pct,True,0.22042445838451385,0.21289877593517303,0.00752568244934082
img_0084.jpeg,vit,mobilenetv3,none,False,0.23758265376091003,0.28935423493385315,-0.051771581172943115
img_0084.jpeg,vit,mobilenetv3,jpeg_q90,False,0.23758265376091003,0.2992778420448303,-0.06169518828392029
img_0084.jpeg,vit,mobilenetv3,jpeg_q70,False,0.23758265376091003,0.3120792806148529,-0.07449662685394287
img_0084.jpeg,vit,mobilenetv3,resize_75pct,False,0.23758265376091003,0.3257908821105957,-0.08820822834968567
img_0085.jpeg,resnet50,mobilenetv3,none,False,0.53898686170578,0.5542738437652588,-0.01528698205947876
img_0085.jpeg,resnet50,mobilenetv3,jpeg_q90,False,0.53898686170578,0.5922356843948364,-0.053248822689056396
img_0085.jpeg,resnet50,mobilenetv3,jpeg_q70,False,0.53898686170578,0.5448815822601318,-0.005894720554351807
img_0085.jpeg,resnet50,mobilenetv3,resize_75pct,False,0.53898686170578,0.5980190634727478,-0.05903220176696777
img_0085.jpeg,resnet50,vit,none,False,0.8676722645759583,0.8521860241889954,0.01548624038696289
img_0085.jpeg,resnet50,vit,jpeg_q90,False,0.8676722645759583,0.8562157154083252,0.011456549167633057
img_0085.jpeg,resnet50,vit,jpeg_q70,False,0.8676722645759583,0.8577870726585388,0.009885191917419434
img_0085.jpeg,resnet50,vit,resize_75pct,False,0.8676722645759583,0.8451847434043884,0.022487521171569824
img_0085.jpeg,mobilenetv3,resnet50,none,False,0.380109578371048,0.40969693660736084,-0.029587358236312866
img_0085.jpeg,mobilenetv3,resnet50,jpeg_q90,False,0.380109578371048,0.3508094251155853,0.029300153255462646
img_0085.jpeg,mobilenetv3,resnet50,jpeg_q70,False,0.380109578371048,0.3767661154270172,0.0033434629440307617
img_0085.jpeg,mobilenetv3,resnet50,resize_75pct,False,0.380109578371048,0.30583134293556213,0.07427823543548584
img_0085.jpeg,mobilenetv3,vit,none,False,0.8676722645759583,0.8504977226257324,0.01717454195022583
img_0085.jpeg,mobilenetv3,vit,jpeg_q90,False,0.8676722645759583,0.8586198687553406,0.009052395820617676
img_0085.jpeg,mobilenetv3,vit,jpeg_q70,False,0.8676722645759583,0.8475301265716553,0.02014213800430298
img_0085.jpeg,mobilenetv3,vit,resize_75pct,False,0.8676722645759583,0.8488048315048218,0.018867433071136475
img_0085.jpeg,vit,resnet50,none,False,0.380109578371048,0.3648265302181244,0.015283048152923584
img_0085.jpeg,vit,resnet50,jpeg_q90,False,0.380109578371048,0.33752724528312683,0.04258233308792114
img_0085.jpeg,vit,resnet50,jpeg_q70,False,0.380109578371048,0.3981516361236572,-0.018042057752609253
img_0085.jpeg,vit,resnet50,resize_75pct,False,0.380109578371048,0.3281955122947693,0.051914066076278687
img_0085.jpeg,vit,mobilenetv3,none,False,0.53898686170578,0.5632811188697815,-0.024294257164001465
img_0085.jpeg,vit,mobilenetv3,jpeg_q90,False,0.53898686170578,0.5653861165046692,-0.02639925479888916
img_0085.jpeg,vit,mobilenetv3,jpeg_q70,False,0.53898686170578,0.525829553604126,0.013157308101654053
img_0085.jpeg,vit,mobilenetv3,resize_75pct,False,0.53898686170578,0.5800413489341736,-0.041054487228393555
img_0086.jpeg,resnet50,mobilenetv3,none,False,0.5646077394485474,0.34677639603614807,0.2178313434123993
img_0086.jpeg,resnet50,mobilenetv3,jpeg_q90,False,0.5646077394485474,0.49529901146888733,0.06930872797966003
img_0086.jpeg,resnet50,mobilenetv3,jpeg_q70,False,0.5646077394485474,0.5667659640312195,-0.002158224582672119
img_0086.jpeg,resnet50,mobilenetv3,resize_75pct,False,0.5646077394485474,0.390252023935318,0.17435571551322937
img_0086.jpeg,resnet50,vit,none,False,0.785555362701416,0.7387573719024658,0.046797990798950195
img_0086.jpeg,resnet50,vit,jpeg_q90,False,0.785555362701416,0.7593745589256287,0.026180803775787354
img_0086.jpeg,resnet50,vit,jpeg_q70,False,0.785555362701416,0.7613449692726135,0.02421039342880249
img_0086.jpeg,resnet50,vit,resize_75pct,False,0.785555362701416,0.7654873728752136,0.020067989826202393
img_0086.jpeg,mobilenetv3,resnet50,none,False,0.34287402033805847,0.3029968738555908,0.03987714648246765
img_0086.jpeg,mobilenetv3,resnet50,jpeg_q90,False,0.34287402033805847,0.360635370016098,-0.01776134967803955
img_0086.jpeg,mobilenetv3,resnet50,jpeg_q70,False,0.34287402033805847,0.36419710516929626,-0.021323084831237793
img_0086.jpeg,mobilenetv3,resnet50,resize_75pct,True,0.34287402033805847,0.25925764441490173,0.08361637592315674
img_0086.jpeg,mobilenetv3,vit,none,False,0.785555362701416,0.7198007106781006,0.06575465202331543
img_0086.jpeg,mobilenetv3,vit,jpeg_q90,False,0.785555362701416,0.7319302558898926,0.05362510681152344
img_0086.jpeg,mobilenetv3,vit,jpeg_q70,False,0.785555362701416,0.7497063875198364,0.03584897518157959
img_0086.jpeg,mobilenetv3,vit,resize_75pct,False,0.785555362701416,0.760611891746521,0.02494347095489502
img_0086.jpeg,vit,resnet50,none,False,0.34287402033805847,0.34821248054504395,-0.005338460206985474
img_0086.jpeg,vit,resnet50,jpeg_q90,False,0.34287402033805847,0.3458265960216522,-0.00295257568359375
img_0086.jpeg,vit,resnet50,jpeg_q70,False,0.34287402033805847,0.3742304742336273,-0.03135645389556885
img_0086.jpeg,vit,resnet50,resize_75pct,False,0.34287402033805847,0.31854408979415894,0.024329930543899536
img_0086.jpeg,vit,mobilenetv3,none,False,0.5646077394485474,0.5417106747627258,0.022897064685821533
img_0086.jpeg,vit,mobilenetv3,jpeg_q90,False,0.5646077394485474,0.5567872524261475,0.007820487022399902
img_0086.jpeg,vit,mobilenetv3,jpeg_q70,False,0.5646077394485474,0.5559593439102173,0.008648395538330078
img_0086.jpeg,vit,mobilenetv3,resize_75pct,False,0.5646077394485474,0.5328025817871094,0.03180515766143799
img_0087.jpeg,resnet50,mobilenetv3,none,False,0.16434432566165924,0.1768893003463745,-0.012544974684715271
img_0087.jpeg,resnet50,mobilenetv3,jpeg_q90,False,0.16434432566165924,0.22455233335494995,-0.06020800769329071
img_0087.jpeg,resnet50,mobilenetv3,jpeg_q70,False,0.16434432566165924,0.14839637279510498,0.01594795286655426
img_0087.jpeg,resnet50,mobilenetv3,resize_75pct,False,0.16434432566165924,0.19724531471729279,-0.032900989055633545
img_0087.jpeg,resnet50,vit,none,False,0.7015817761421204,0.6429398059844971,0.05864197015762329
img_0087.jpeg,resnet50,vit,jpeg_q90,False,0.7015817761421204,0.5397797226905823,0.16180205345153809
img_0087.jpeg,resnet50,vit,jpeg_q70,False,0.7015817761421204,0.6940867304801941,0.0074950456619262695
img_0087.jpeg,resnet50,vit,resize_75pct,False,0.7015817761421204,0.5251858830451965,0.17639589309692383
img_0087.jpeg,mobilenetv3,resnet50,none,False,0.2786150276660919,0.30977967381477356,-0.03116464614868164
img_0087.jpeg,mobilenetv3,resnet50,jpeg_q90,False,0.2786150276660919,0.33282095193862915,-0.05420592427253723
img_0087.jpeg,mobilenetv3,resnet50,jpeg_q70,False,0.2786150276660919,0.26242831349372864,0.01618671417236328
img_0087.jpeg,mobilenetv3,resnet50,resize_75pct,False,0.2786150276660919,0.43260878324508667,-0.15399375557899475
img_0087.jpeg,mobilenetv3,vit,none,False,0.7015817761421204,0.6963722109794617,0.005209565162658691
img_0087.jpeg,mobilenetv3,vit,jpeg_q90,False,0.7015817761421204,0.6268637180328369,0.07471805810928345
img_0087.jpeg,mobilenetv3,vit,jpeg_q70,False,0.7015817761421204,0.7559617757797241,-0.05437999963760376
img_0087.jpeg,mobilenetv3,vit,resize_75pct,False,0.7015817761421204,0.567615807056427,0.13396596908569336
img_0087.jpeg,vit,resnet50,none,False,0.2786150276660919,0.3764946162700653,-0.09787958860397339
img_0087.jpeg,vit,resnet50,jpeg_q90,False,0.2786150276660919,0.32986658811569214,-0.05125156044960022
img_0087.jpeg,vit,resnet50,jpeg_q70,False,0.2786150276660919,0.31459492444992065,-0.035979896783828735
img_0087.jpeg,vit,resnet50,resize_75pct,False,0.2786150276660919,0.42260026931762695,-0.14398524165153503
img_0087.jpeg,vit,mobilenetv3,none,False,0.16434432566165924,0.19848349690437317,-0.03413917124271393
img_0087.jpeg,vit,mobilenetv3,jpeg_q90,False,0.16434432566165924,0.21743088960647583,-0.05308656394481659
img_0087.jpeg,vit,mobilenetv3,jpeg_q70,False,0.16434432566165924,0.1575881838798523,0.006756141781806946
img_0087.jpeg,vit,mobilenetv3,resize_75pct,False,0.16434432566165924,0.1920086145401001,-0.027664288878440857
img_0088.jpeg,resnet50,mobilenetv3,none,False,0.7193496823310852,0.8802777528762817,-0.16092807054519653
img_0088.jpeg,resnet50,mobilenetv3,jpeg_q90,False,0.7193496823310852,0.8057901859283447,-0.08644050359725952
img_0088.jpeg,resnet50,mobilenetv3,jpeg_q70,False,0.7193496823310852,0.70951908826828,0.009830594062805176
img_0088.jpeg,resnet50,mobilenetv3,resize_75pct,False,0.7193496823310852,0.8559703826904297,-0.13662070035934448
img_0088.jpeg,resnet50,vit,none,False,0.8778806924819946,0.8692565560340881,0.008624136447906494
img_0088.jpeg,resnet50,vit,jpeg_q90,False,0.8778806924819946,0.8690052032470703,0.008875489234924316
img_0088.jpeg,resnet50,vit,jpeg_q70,False,0.8778806924819946,0.8921625018119812,-0.014281809329986572
img_0088.jpeg,resnet50,vit,resize_75pct,False,0.8778806924819946,0.8993307948112488,-0.02145010232925415
img_0088.jpeg,mobilenetv3,resnet50,none,False,0.8473368883132935,0.8805638551712036,-0.033226966857910156
img_0088.jpeg,mobilenetv3,resnet50,jpeg_q90,False,0.8473368883132935,0.8590010404586792,-0.011664152145385742
img_0088.jpeg,mobilenetv3,resnet50,jpeg_q70,False,0.8473368883132935,0.8535214066505432,-0.006184518337249756
img_0088.jpeg,mobilenetv3,resnet50,resize_75pct,False,0.8473368883132935,0.9078555703163147,-0.06051868200302124
img_0088.jpeg,mobilenetv3,vit,none,False,0.8778806924819946,0.8588727116584778,0.019007980823516846
img_0088.jpeg,mobilenetv3,vit,jpeg_q90,False,0.8778806924819946,0.8668603897094727,0.011020302772521973
img_0088.jpeg,mobilenetv3,vit,jpeg_q70,False,0.8778806924819946,0.8950914144515991,-0.017210721969604492
img_0088.jpeg,mobilenetv3,vit,resize_75pct,False,0.8778806924819946,0.8990316390991211,-0.021150946617126465
img_0088.jpeg,vit,resnet50,none,False,0.8473368883132935,0.8956201076507568,-0.04828321933746338
img_0088.jpeg,vit,resnet50,jpeg_q90,False,0.8473368883132935,0.8557319641113281,-0.008395075798034668
img_0088.jpeg,vit,resnet50,jpeg_q70,False,0.8473368883132935,0.8377862572669983,0.009550631046295166
img_0088.jpeg,vit,resnet50,resize_75pct,False,0.8473368883132935,0.9282676577568054,-0.08093076944351196
img_0088.jpeg,vit,mobilenetv3,none,False,0.7193496823310852,0.811301589012146,-0.09195190668106079
img_0088.jpeg,vit,mobilenetv3,jpeg_q90,False,0.7193496823310852,0.7180945873260498,0.0012550950050354004
img_0088.jpeg,vit,mobilenetv3,jpeg_q70,False,0.7193496823310852,0.6850440502166748,0.0343056321144104
img_0088.jpeg,vit,mobilenetv3,resize_75pct,False,0.7193496823310852,0.716160237789154,0.0031894445419311523
img_0089.jpeg,resnet50,mobilenetv3,none,False,0.18682309985160828,0.22077441215515137,-0.03395131230354309
img_0089.jpeg,resnet50,mobilenetv3,jpeg_q90,False,0.18682309985160828,0.23274202644824982,-0.04591892659664154
img_0089.jpeg,resnet50,mobilenetv3,jpeg_q70,True,0.18682309985160828,0.1598416417837143,0.026981458067893982
img_0089.jpeg,resnet50,mobilenetv3,resize_75pct,True,0.18682309985160828,0.09570224583148956,0.09112085402011871
img_0089.jpeg,resnet50,vit,none,False,0.8598267436027527,0.80832839012146,0.051498353481292725
img_0089.jpeg,resnet50,vit,jpeg_q90,False,0.8598267436027527,0.8021292686462402,0.05769747495651245
img_0089.jpeg,resnet50,vit,jpeg_q70,False,0.8598267436027527,0.9079681634902954,-0.048141419887542725
img_0089.jpeg,resnet50,vit,resize_75pct,False,0.8598267436027527,0.664353609085083,0.19547313451766968
img_0089.jpeg,mobilenetv3,resnet50,none,False,0.5429296493530273,0.4386720359325409,0.10425761342048645
img_0089.jpeg,mobilenetv3,resnet50,jpeg_q90,False,0.5429296493530273,0.5783334970474243,-0.03540384769439697
img_0089.jpeg,mobilenetv3,resnet50,jpeg_q70,False,0.5429296493530273,0.5117860436439514,0.031143605709075928
img_0089.jpeg,mobilenetv3,resnet50,resize_75pct,False,0.5429296493530273,0.345782607793808,0.19714704155921936
img_0089.jpeg,mobilenetv3,vit,none,False,0.8598267436027527,0.8625010251998901,-0.002674281597137451
img_0089.jpeg,mobilenetv3,vit,jpeg_q90,False,0.8598267436027527,0.8732734322547913,-0.013446688652038574
img_0089.jpeg,mobilenetv3,vit,jpeg_q70,False,0.8598267436027527,0.8444998860359192,0.015326857566833496
img_0089.jpeg,mobilenetv3,vit,resize_75pct,False,0.8598267436027527,0.6619725227355957,0.19785422086715698
img_0089.jpeg,vit,resnet50,none,False,0.5429296493530273,0.5122668743133545,0.03066277503967285
img_0089.jpeg,vit,resnet50,jpeg_q90,False,0.5429296493530273,0.5775285363197327,-0.03459888696670532
img_0089.jpeg,vit,resnet50,jpeg_q70,False,0.5429296493530273,0.4202626943588257,0.12266695499420166
img_0089.jpeg,vit,resnet50,resize_75pct,False,0.5429296493530273,0.22199669480323792,0.32093295454978943
img_0089.jpeg,vit,mobilenetv3,none,False,0.18682309985160828,0.2389620542526245,-0.052138954401016235
img_0089.jpeg,vit,mobilenetv3,jpeg_q90,True,0.18682309985160828,0.22617781162261963,-0.03935471177101135
img_0089.jpeg,vit,mobilenetv3,jpeg_q70,True,0.18682309985160828,0.20132894814014435,-0.014505848288536072
img_0089.jpeg,vit,mobilenetv3,resize_75pct,True,0.18682309985160828,0.09494511783123016,0.09187798202037811
img_0090.jpeg,resnet50,mobilenetv3,none,False,0.997132420539856,0.9915282726287842,0.005604147911071777
img_0090.jpeg,resnet50,mobilenetv3,jpeg_q90,False,0.997132420539856,0.9941866397857666,0.0029457807540893555
img_0090.jpeg,resnet50,mobilenetv3,jpeg_q70,False,0.997132420539856,0.9953473210334778,0.0017850995063781738
img_0090.jpeg,resnet50,mobilenetv3,resize_75pct,False,0.997132420539856,0.9918596148490906,0.005272805690765381
img_0090.jpeg,resnet50,vit,none,False,0.844460666179657,0.8416827321052551,0.0027779340744018555
img_0090.jpeg,resnet50,vit,jpeg_q90,False,0.844460666179657,0.8251360058784485,0.019324660301208496
img_0090.jpeg,resnet50,vit,jpeg_q70,False,0.844460666179657,0.8459863662719727,-0.0015257000923156738
img_0090.jpeg,resnet50,vit,resize_75pct,False,0.844460666179657,0.8356307744979858,0.008829891681671143
img_0090.jpeg,mobilenetv3,resnet50,none,False,0.3301887512207031,0.32752737402915955,0.002661377191543579
img_0090.jpeg,mobilenetv3,resnet50,jpeg_q90,False,0.3301887512207031,0.3604263365268707,-0.030237585306167603
img_0090.jpeg,mobilenetv3,resnet50,jpeg_q70,False,0.3301887512207031,0.366845965385437,-0.03665721416473389
img_0090.jpeg,mobilenetv3,resnet50,resize_75pct,False,0.3301887512207031,0.30593228340148926,0.024256467819213867
img_0090.jpeg,mobilenetv3,vit,none,False,0.844460666179657,0.8395786285400391,0.00488203763961792
img_0090.jpeg,mobilenetv3,vit,jpeg_q90,False,0.844460666179657,0.8453418016433716,-0.0008811354637145996
img_0090.jpeg,mobilenetv3,vit,jpeg_q70,False,0.844460666179657,0.8498914837837219,-0.005430817604064941
img_0090.jpeg,mobilenetv3,vit,resize_75pct,False,0.844460666179657,0.8513693809509277,-0.006908714771270752
img_0090.jpeg,vit,resnet50,none,False,0.3301887512207031,0.37333738803863525,-0.04314863681793213
img_0090.jpeg,vit,resnet50,jpeg_q90,False,0.3301887512207031,0.3583480417728424,-0.028159290552139282
img_0090.jpeg,vit,resnet50,jpeg_q70,False,0.3301887512207031,0.36916810274124146,-0.03897935152053833
img_0090.jpeg,vit,resnet50,resize_75pct,False,0.3301887512207031,0.39248576760292053,-0.06229701638221741
img_0090.jpeg,vit,mobilenetv3,none,False,0.997132420539856,0.9917043447494507,0.0054280757904052734
img_0090.jpeg,vit,mobilenetv3,jpeg_q90,False,0.997132420539856,0.9945182204246521,0.0026142001152038574
img_0090.jpeg,vit,mobilenetv3,jpeg_q70,False,0.997132420539856,0.9965834021568298,0.000549018383026123
img_0090.jpeg,vit,mobilenetv3,resize_75pct,False,0.997132420539856,0.9914755821228027,0.005656838417053223
img_0091.jpeg,resnet50,mobilenetv3,none,False,0.49343451857566833,0.48363620042800903,0.009798318147659302
img_0091.jpeg,resnet50,mobilenetv3,jpeg_q90,False,0.49343451857566833,0.49316537380218506,0.00026914477348327637
img_0091.jpeg,resnet50,mobilenetv3,jpeg_q70,False,0.49343451857566833,0.5129788517951965,-0.019544333219528198
img_0091.jpeg,resnet50,mobilenetv3,resize_75pct,False,0.49343451857566833,0.4503154754638672,0.04311904311180115
img_0091.jpeg,resnet50,vit,none,False,0.33808958530426025,0.35068899393081665,-0.012599408626556396
img_0091.jpeg,resnet50,vit,jpeg_q90,False,0.33808958530426025,0.35893043875694275,-0.020840853452682495
img_0091.jpeg,resnet50,vit,jpeg_q70,False,0.33808958530426025,0.3497368395328522,-0.011647254228591919
img_0091.jpeg,resnet50,vit,resize_75pct,True,0.33808958530426025,0.23685024678707123,0.10123933851718903
img_0091.jpeg,mobilenetv3,resnet50,none,False,0.3499283194541931,0.38073551654815674,-0.030807197093963623
img_0091.jpeg,mobilenetv3,resnet50,jpeg_q90,False,0.3499283194541931,0.4242236912250519,-0.07429537177085876
img_0091.jpeg,mobilenetv3,resnet50,jpeg_q70,False,0.3499283194541931,0.37100014090538025,-0.021071821451187134
img_0091.jpeg,mobilenetv3,resnet50,resize_75pct,False,0.3499283194541931,0.3764691948890686,-0.02654087543487549
img_0091.jpeg,mobilenetv3,vit,none,False,0.33808958530426025,0.3059799373149872,0.03210964798927307
img_0091.jpeg,mobilenetv3,vit,jpeg_q90,False,0.33808958530426025,0.3609713017940521,-0.02288171648979187
img_0091.jpeg,mobilenetv3,vit,jpeg_q70,False,0.33808958530426025,0.32420825958251953,0.013881325721740723
img_0091.jpeg,mobilenetv3,vit,resize_75pct,True,0.33808958530426025,0.2189023643732071,0.11918722093105316
img_0091.jpeg,vit,resnet50,none,False,0.3499283194541931,0.35614052414894104,-0.006212204694747925
img_0091.jpeg,vit,resnet50,jpeg_q90,False,0.3499283194541931,0.407334566116333,-0.05740624666213989
img_0091.jpeg,vit,resnet50,jpeg_q70,False,0.3499283194541931,0.35206496715545654,-0.0021366477012634277
img_0091.jpeg,vit,resnet50,resize_75pct,False,0.3499283194541931,0.40372854471206665,-0.053800225257873535
img_0091.jpeg,vit,mobilenetv3,none,False,0.49343451857566833,0.5380397439002991,-0.04460522532463074
img_0091.jpeg,vit,mobilenetv3,jpeg_q90,False,0.49343451857566833,0.5192652940750122,-0.025830775499343872
img_0091.jpeg,vit,mobilenetv3,jpeg_q70,False,0.49343451857566833,0.513971209526062,-0.020536690950393677
img_0091.jpeg,vit,mobilenetv3,resize_75pct,False,0.49343451857566833,0.47860845923423767,0.014826059341430664
img_0092.jpeg,resnet50,mobilenetv3,none,True,0.0951794758439064,0.05233476683497429,0.042844709008932114
img_0092.jpeg,resnet50,mobilenetv3,jpeg_q90,False,0.0951794758439064,0.12778832018375397,-0.032608844339847565
img_0092.jpeg,resnet50,mobilenetv3,jpeg_q70,False,0.0951794758439064,0.0979202464222908,-0.0027407705783843994
img_0092.jpeg,resnet50,mobilenetv3,resize_75pct,True,0.0951794758439064,0.025948267430067062,0.06923120841383934
img_0092.jpeg,resnet50,vit,none,True,0.12148738652467728,0.06874538213014603,0.05274200439453125
img_0092.jpeg,resnet50,vit,jpeg_q90,True,0.12148738652467728,0.04197043552994728,0.07951695099473
img_0092.jpeg,resnet50,vit,jpeg_q70,False,0.12148738652467728,0.09519410133361816,0.026293285191059113
img_0092.jpeg,resnet50,vit,resize_75pct,True,0.12148738652467728,0.007687263190746307,0.11380012333393097
img_0092.jpeg,mobilenetv3,resnet50,none,False,0.1091705784201622,0.19902727007865906,-0.08985669165849686
img_0092.jpeg,mobilenetv3,resnet50,jpeg_q90,False,0.1091705784201622,0.08980952948331833,0.019361048936843872
img_0092.jpeg,mobilenetv3,resnet50,jpeg_q70,False,0.1091705784201622,0.12622493505477905,-0.017054356634616852
img_0092.jpeg,mobilenetv3,resnet50,resize_75pct,False,0.1091705784201622,0.24704238772392273,-0.13787180930376053
img_0092.jpeg,mobilenetv3,vit,none,True,0.12148738652467728,0.06824318319559097,0.053244203329086304
img_0092.jpeg,mobilenetv3,vit,jpeg_q90,True,0.12148738652467728,0.10140793770551682,0.02007944881916046
img_0092.jpeg,mobilenetv3,vit,jpeg_q70,True,0.12148738652467728,0.14883553981781006,-0.027348153293132782
img_0092.jpeg,mobilenetv3,vit,resize_75pct,True,0.12148738652467728,0.008712769486010075,0.1127746170386672
img_0092.jpeg,vit,resnet50,none,False,0.1091705784201622,0.21155685186386108,-0.10238627344369888
img_0092.jpeg,vit,resnet50,jpeg_q90,False,0.1091705784201622,0.12853409349918365,-0.019363515079021454
img_0092.jpeg,vit,resnet50,jpeg_q70,True,0.1091705784201622,0.0929967537522316,0.016173824667930603
img_0092.jpeg,vit,resnet50,resize_75pct,False,0.1091705784201622,0.21667487919330597,-0.10750430077314377
img_0092.jpeg,vit,mobilenetv3,none,True,0.0951794758439064,0.024431822821497917,0.07074765302240849
img_0092.jpeg,vit,mobilenetv3,jpeg_q90,False,0.0951794758439064,0.07049468159675598,0.02468479424715042
img_0092.jpeg,vit,mobilenetv3,jpeg_q70,True,0.0951794758439064,0.07416839897632599,0.021011076867580414
img_0092.jpeg,vit,mobilenetv3,resize_75pct,True,0.0951794758439064,0.021854206919670105,0.0733252689242363
img_0093.jpeg,resnet50,mobilenetv3,none,True,0.3131323456764221,0.2460816353559494,0.06705071032047272
img_0093.jpeg,resnet50,mobilenetv3,jpeg_q90,False,0.3131323456764221,0.2968124449253082,0.01631990075111389
img_0093.jpeg,resnet50,mobilenetv3,jpeg_q70,False,0.3131323456764221,0.32883134484291077,-0.015698999166488647
img_0093.jpeg,resnet50,mobilenetv3,resize_75pct,False,0.3131323456764221,0.20088158547878265,0.11225076019763947
img_0093.jpeg,resnet50,vit,none,False,0.7368203401565552,0.7305558323860168,0.00626450777053833
img_0093.jpeg,resnet50,vit,jpeg_q90,False,0.7368203401565552,0.7583563327789307,-0.02153599262237549
img_0093.jpeg,resnet50,vit,jpeg_q70,False,0.7368203401565552,0.7779248356819153,-0.04110449552536011
img_0093.jpeg,resnet50,vit,resize_75pct,False,0.7368203401565552,0.6001083850860596,0.1367119550704956
img_0093.jpeg,mobilenetv3,resnet50,none,False,0.24025805294513702,0.22134284675121307,0.01891520619392395
img_0093.jpeg,mobilenetv3,resnet50,jpeg_q90,False,0.24025805294513702,0.21692702174186707,0.02333103120326996
img_0093.jpeg,mobilenetv3,resnet50,jpeg_q70,False,0.24025805294513702,0.22525350749492645,0.015004545450210571
img_0093.jpeg,mobilenetv3,resnet50,resize_75pct,False,0.24025805294513702,0.23000863194465637,0.010249421000480652
img_0093.jpeg,mobilenetv3,vit,none,False,0.7368203401565552,0.7248551845550537,0.011965155601501465
img_0093.jpeg,mobilenetv3,vit,jpeg_q90,False,0.7368203401565552,0.7526974081993103,-0.015877068042755127
img_0093.jpeg,mobilenetv3,vit,jpeg_q70,False,0.7368203401565552,0.7334234118461609,0.003396928310394287
img_0093.jpeg,mobilenetv3,vit,resize_75pct,False,0.7368203401565552,0.5949007868766785,0.1419195532798767
img_0093.jpeg,vit,resnet50,none,False,0.24025805294513702,0.27362775802612305,-0.03336970508098602
img_0093.jpeg,vit,resnet50,jpeg_q90,False,0.24025805294513702,0.2737540006637573,-0.0334959477186203
img_0093.jpeg,vit,resnet50,jpeg_q70,False,0.24025805294513702,0.2848188281059265,-0.04456077516078949
img_0093.jpeg,vit,resnet50,resize_75pct,False,0.24025805294513702,0.2437790334224701,-0.003520980477333069
img_0093.jpeg,vit,mobilenetv3,none,True,0.3131323456764221,0.2787569463253021,0.034375399351119995
img_0093.jpeg,vit,mobilenetv3,jpeg_q90,False,0.3131323456764221,0.29065874218940735,0.02247360348701477
img_0093.jpeg,vit,mobilenetv3,jpeg_q70,False,0.3131323456764221,0.34129732847213745,-0.028164982795715332
img_0093.jpeg,vit,mobilenetv3,resize_75pct,False,0.3131323456764221,0.24227124452590942,0.0708611011505127
img_0094.jpeg,resnet50,mobilenetv3,none,False,0.2863796055316925,0.21214509010314941,0.07423451542854309
img_0094.jpeg,resnet50,mobilenetv3,jpeg_q90,False,0.2863796055316925,0.326948881149292,-0.04056927561759949
img_0094.jpeg,resnet50,mobilenetv3,jpeg_q70,False,0.2863796055316925,0.24026279151439667,0.04611681401729584
img_0094.jpeg,resnet50,mobilenetv3,resize_75pct,False,0.2863796055316925,0.4737812578678131,-0.1874016523361206
img_0094.jpeg,resnet50,vit,none,False,0.8708569407463074,0.8154023885726929,0.0554545521736145
img_0094.jpeg,resnet50,vit,jpeg_q90,False,0.8708569407463074,0.8034446239471436,0.06741231679916382
img_0094.jpeg,resnet50,vit,jpeg_q70,False,0.8708569407463074,0.8669592142105103,0.003897726535797119
img_0094.jpeg,resnet50,vit,resize_75pct,False,0.8708569407463074,0.7311842441558838,0.13967269659042358
img_0094.jpeg,mobilenetv3,resnet50,none,False,0.3599146008491516,0.16087773442268372,0.1990368664264679
img_0094.jpeg,mobilenetv3,resnet50,jpeg_q90,False,0.3599146008491516,0.25477778911590576,0.10513681173324585
img_0094.jpeg,mobilenetv3,resnet50,jpeg_q70,False,0.3599146008491516,0.41410255432128906,-0.05418795347213745
img_0094.jpeg,mobilenetv3,resnet50,resize_75pct,False,0.3599146008491516,0.10635827481746674,0.2535563260316849
img_0094.jpeg,mobilenetv3,vit,none,False,0.8708569407463074,0.8098317384719849,0.06102520227432251
img_0094.jpeg,mobilenetv3,vit,jpeg_q90,False,0.8708569407463074,0.8781000971794128,-0.007243156433105469
img_0094.jpeg,mobilenetv3,vit,jpeg_q70,False,0.8708569407463074,0.8450225591659546,0.025834381580352783
img_0094.jpeg,mobilenetv3,vit,resize_75pct,False,0.8708569407463074,0.6720211505889893,0.19883579015731812
img_0094.jpeg,vit,resnet50,none,False,0.3599146008491516,0.27214083075523376,0.08777377009391785
img_0094.jpeg,vit,resnet50,jpeg_q90,False,0.3599146008491516,0.48375803232192993,-0.12384343147277832
img_0094.jpeg,vit,resnet50,jpeg_q70,False,0.3599146008491516,0.3729511797428131,-0.013036578893661499
img_0094.jpeg,vit,resnet50,resize_75pct,True,0.3599146008491516,0.07068917155265808,0.28922542929649353
img_0094.jpeg,vit,mobilenetv3,none,False,0.2863796055316925,0.3369904160499573,-0.05061081051826477
img_0094.jpeg,vit,mobilenetv3,jpeg_q90,False,0.2863796055316925,0.2961967885494232,-0.009817183017730713
img_0094.jpeg,vit,mobilenetv3,jpeg_q70,False,0.2863796055316925,0.3292616307735443,-0.04288202524185181
img_0094.jpeg,vit,mobilenetv3,resize_75pct,False,0.2863796055316925,0.6195662617683411,-0.33318665623664856
img_0095.jpeg,resnet50,mobilenetv3,none,False,0.30368494987487793,0.36098700761795044,-0.05730205774307251
img_0095.jpeg,resnet50,mobilenetv3,jpeg_q90,False,0.30368494987487793,0.29975131154060364,0.003933638334274292
img_0095.jpeg,resnet50,mobilenetv3,jpeg_q70,False,0.30368494987487793,0.3117654323577881,-0.008080482482910156
img_0095.jpeg,resnet50,mobilenetv3,resize_75pct,False,0.30368494987487793,0.2940479516983032,0.009636998176574707
img_0095.jpeg,resnet50,vit,none,False,0.35946235060691833,0.4067995548248291,-0.04733720421791077
img_0095.jpeg,resnet50,vit,jpeg_q90,False,0.35946235060691833,0.3778063952922821,-0.01834404468536377
img_0095.jpeg,resnet50,vit,jpeg_q70,False,0.35946235060691833,0.43666595220565796,-0.07720360159873962
img_0095.jpeg,resnet50,vit,resize_75pct,False,0.35946235060691833,0.40951094031333923,-0.0500485897064209
img_0095.jpeg,mobilenetv3,resnet50,none,False,0.19804629683494568,0.1948011815547943,0.003245115280151367
img_0095.jpeg,mobilenetv3,resnet50,jpeg_q90,False,0.19804629683494568,0.19152627885341644,0.006520017981529236
img_0095.jpeg,mobilenetv3,resnet50,jpeg_q70,False,0.19804629683494568,0.17411065101623535,0.023935645818710327
img_0095.jpeg,mobilenetv3,resnet50,resize_75pct,False,0.19804629683494568,0.2524629533290863,-0.054416656494140625
img_0095.jpeg,mobilenetv3,vit,none,False,0.35946235060691833,0.36081790924072266,-0.0013555586338043213
img_0095.jpeg,mobilenetv3,vit,jpeg_q90,False,0.35946235060691833,0.3382422626018524,0.021220088005065918
img_0095.jpeg,mobilenetv3,vit,jpeg_q70,False,0.35946235060691833,0.3602752387523651,-0.0008128881454467773
img_0095.jpeg,mobilenetv3,vit,resize_75pct,False,0.35946235060691833,0.39145323634147644,-0.031990885734558105
img_0095.jpeg,vit,resnet50,none,False,0.19804629683494568,0.2506966292858124,-0.0526503324508667
img_0095.jpeg,vit,resnet50,jpeg_q90,False,0.19804629683494568,0.2230696976184845,-0.02502340078353882
img_0095.jpeg,vit,resnet50,jpeg_q70,False,0.19804629683494568,0.20199809968471527,-0.003951802849769592
img_0095.jpeg,vit,resnet50,resize_75pct,False,0.19804629683494568,0.28466367721557617,-0.0866173803806305
img_0095.jpeg,vit,mobilenetv3,none,False,0.30368494987487793,0.32252445816993713,-0.018839508295059204
img_0095.jpeg,vit,mobilenetv3,jpeg_q90,False,0.30368494987487793,0.28734511137008667,0.01633983850479126
img_0095.jpeg,vit,mobilenetv3,jpeg_q70,False,0.30368494987487793,0.26380425691604614,0.03988069295883179
img_0095.jpeg,vit,mobilenetv3,resize_75pct,False,0.30368494987487793,0.256022572517395,0.04766237735748291
img_0096.jpeg,resnet50,mobilenetv3,none,True,0.22922472655773163,0.1296834498643875,0.09954127669334412
img_0096.jpeg,resnet50,mobilenetv3,jpeg_q90,False,0.22922472655773163,0.18716523051261902,0.04205949604511261
img_0096.jpeg,resnet50,mobilenetv3,jpeg_q70,False,0.22922472655773163,0.1982552707195282,0.03096945583820343
img_0096.jpeg,resnet50,mobilenetv3,resize_75pct,True,0.22922472655773163,0.09912094473838806,0.13010378181934357
img_0096.jpeg,resnet50,vit,none,True,0.08199284970760345,0.04256035387516022,0.03943249583244324
img_0096.jpeg,resnet50,vit,jpeg_q90,True,0.08199284970760345,0.05459209904074669,0.027400750666856766
img_0096.jpeg,resnet50,vit,jpeg_q70,True,0.08199284970760345,0.04976837709546089,0.03222447261214256
img_0096.jpeg,resnet50,vit,resize_75pct,True,0.08199284970760345,0.018814492970705032,0.06317835673689842
img_0096.jpeg,mobilenetv3,resnet50,none,True,0.0501767136156559,0.0383540503680706,0.011822663247585297
img_0096.jpeg,mobilenetv3,resnet50,jpeg_q90,False,0.0501767136156559,0.050800736993551254,-0.0006240233778953552
img_0096.jpeg,mobilenetv3,resnet50,jpeg_q70,False,0.0501767136156559,0.051511459052562714,-0.0013347454369068146
img_0096.jpeg,mobilenetv3,resnet50,resize_75pct,True,0.0501767136156559,0.02046598307788372,0.02971073053777218
img_0096.jpeg,mobilenetv3,vit,none,True,0.08199284970760345,0.02860049344599247,0.053392356261610985
img_0096.jpeg,mobilenetv3,vit,jpeg_q90,False,0.08199284970760345,0.07445468753576279,0.007538162171840668
img_0096.jpeg,mobilenetv3,vit,jpeg_q70,False,0.08199284970760345,0.0882369875907898,-0.00624413788318634
img_0096.jpeg,mobilenetv3,vit,resize_75pct,True,0.08199284970760345,0.011798961088061333,0.07019388861954212
img_0096.jpeg,vit,resnet50,none,True,0.0501767136156559,0.04602374881505966,0.004152964800596237
img_0096.jpeg,vit,resnet50,jpeg_q90,True,0.0501767136156559,0.0400892049074173,0.010087508708238602
img_0096.jpeg,vit,resnet50,jpeg_q70,True,0.0501767136156559,0.05089881271123886,-0.000722099095582962
img_0096.jpeg,vit,resnet50,resize_75pct,True,0.0501767136156559,0.0486009418964386,0.0015757717192173004
img_0096.jpeg,vit,mobilenetv3,none,False,0.22922472655773163,0.15120339393615723,0.0780213326215744
img_0096.jpeg,vit,mobilenetv3,jpeg_q90,False,0.22922472655773163,0.19940729439258575,0.029817432165145874
img_0096.jpeg,vit,mobilenetv3,jpeg_q70,False,0.22922472655773163,0.17385421693325043,0.0553705096244812
img_0096.jpeg,vit,mobilenetv3,resize_75pct,True,0.22922472655773163,0.11069173365831375,0.11853299289941788
img_0097.jpeg,resnet50,mobilenetv3,none,False,0.2660926878452301,0.21797983348369598,0.04811285436153412
img_0097.jpeg,resnet50,mobilenetv3,jpeg_q90,False,0.2660926878452301,0.26733097434043884,-0.0012382864952087402
img_0097.jpeg,resnet50,mobilenetv3,jpeg_q70,False,0.2660926878452301,0.2598429322242737,0.006249755620956421
img_0097.jpeg,resnet50,mobilenetv3,resize_75pct,False,0.2660926878452301,0.2208849936723709,0.04520769417285919
img_0097.jpeg,resnet50,vit,none,True,0.4283587336540222,0.31691864132881165,0.11144009232521057
img_0097.jpeg,resnet50,vit,jpeg_q90,True,0.4283587336540222,0.322016179561615,0.10634255409240723
img_0097.jpeg,resnet50,vit,jpeg_q70,True,0.4283587336540222,0.3604617714881897,0.06789696216583252
img_0097.jpeg,resnet50,vit,resize_75pct,True,0.4283587336540222,0.26691073179244995,0.16144800186157227
img_0097.jpeg,mobilenetv3,resnet50,none,False,0.22901350259780884,0.19600501656532288,0.03300848603248596
img_0097.jpeg,mobilenetv3,resnet50,jpeg_q90,False,0.22901350259780884,0.24758121371269226,-0.018567711114883423
img_0097.jpeg,mobilenetv3,resnet50,jpeg_q70,True,0.22901350259780884,0.12431754916906357,0.10469595342874527
img_0097.jpeg,mobilenetv3,resnet50,resize_75pct,False,0.22901350259780884,0.08875416219234467,0.14025934040546417
img_0097.jpeg,mobilenetv3,vit,none,False,0.4283587336540222,0.3571852445602417,0.07117348909378052
img_0097.jpeg,mobilenetv3,vit,jpeg_q90,True,0.4283587336540222,0.36229103803634644,0.06606769561767578
img_0097.jpeg,mobilenetv3,vit,jpeg_q70,False,0.4283587336540222,0.4084544777870178,0.019904255867004395
img_0097.jpeg,mobilenetv3,vit,resize_75pct,True,0.4283587336540222,0.2325238734483719,0.19583486020565033
img_0097.jpeg,vit,resnet50,none,False,0.22901350259780884,0.17164063453674316,0.057372868061065674
img_0097.jpeg,vit,resnet50,jpeg_q90,False,0.22901350259780884,0.18736886978149414,0.0416446328163147
img_0097.jpeg,vit,resnet50,jpeg_q70,False,0.22901350259780884,0.16451512277126312,0.06449837982654572
img_0097.jpeg,vit,resnet50,resize_75pct,True,0.22901350259780884,0.04202384501695633,0.1869896575808525
img_0097.jpeg,vit,mobilenetv3,none,False,0.2660926878452301,0.1931990683078766,0.07289361953735352
img_0097.jpeg,vit,mobilenetv3,jpeg_q90,False,0.2660926878452301,0.2113417685031891,0.054750919342041016
img_0097.jpeg,vit,mobilenetv3,jpeg_q70,False,0.2660926878452301,0.2778394818305969,-0.011746793985366821
img_0097.jpeg,vit,mobilenetv3,resize_75pct,False,0.2660926878452301,0.2179122120141983,0.0481804758310318
img_0098.jpeg,resnet50,mobilenetv3,none,False,0.5069661140441895,0.4335726201534271,0.07339349389076233
img_0098.jpeg,resnet50,mobilenetv3,jpeg_q90,False,0.5069661140441895,0.4680033326148987,0.03896278142929077
img_0098.jpeg,resnet50,mobilenetv3,jpeg_q70,False,0.5069661140441895,0.4820050597190857,0.02496105432510376
img_0098.jpeg,resnet50,mobilenetv3,resize_75pct,False,0.5069661140441895,0.47849565744400024,0.02847045660018921
img_0098.jpeg,resnet50,vit,none,False,0.4799274504184723,0.41457298398017883,0.06535446643829346
img_0098.jpeg,resnet50,vit,jpeg_q90,False,0.4799274504184723,0.47045961022377014,0.009467840194702148
img_0098.jpeg,resnet50,vit,jpeg_q70,False,0.4799274504184723,0.4497058689594269,0.03022158145904541
img_0098.jpeg,resnet50,vit,resize_75pct,False,0.4799274504184723,0.44536682963371277,0.03456062078475952
img_0098.jpeg,mobilenetv3,resnet50,none,False,0.5796576738357544,0.5016030669212341,0.07805460691452026
img_0098.jpeg,mobilenetv3,resnet50,jpeg_q90,False,0.5796576738357544,0.5884866118431091,-0.008828938007354736
img_0098.jpeg,mobilenetv3,resnet50,jpeg_q70,False,0.5796576738357544,0.5196778178215027,0.05997985601425171
img_0098.jpeg,mobilenetv3,resnet50,resize_75pct,False,0.5796576738357544,0.5631048083305359,0.016552865505218506
img_0098.jpeg,mobilenetv3,vit,none,True,0.4799274504184723,0.396925151348114,0.08300229907035828
img_0098.jpeg,mobilenetv3,vit,jpeg_q90,False,0.4799274504184723,0.46050575375556946,0.019421696662902832
img_0098.jpeg,mobilenetv3,vit,jpeg_q70,False,0.4799274504184723,0.451154887676239,0.028772562742233276
img_0098.jpeg,mobilenetv3,vit,resize_75pct,False,0.4799274504184723,0.44573765993118286,0.03418979048728943
img_0098.jpeg,vit,resnet50,none,False,0.5796576738357544,0.48105499148368835,0.09860268235206604
img_0098.jpeg,vit,resnet50,jpeg_q90,False,0.5796576738357544,0.5348821878433228,0.04477548599243164
img_0098.jpeg,vit,resnet50,jpeg_q70,False,0.5796576738357544,0.5492319464683533,0.030425727367401123
img_0098.jpeg,vit,resnet50,resize_75pct,False,0.5796576738357544,0.5272663235664368,0.05239135026931763
img_0098.jpeg,vit,mobilenetv3,none,False,0.5069661140441895,0.48269444704055786,0.024271667003631592
img_0098.jpeg,vit,mobilenetv3,jpeg_q90,False,0.5069661140441895,0.4637795388698578,0.043186575174331665
img_0098.jpeg,vit,mobilenetv3,jpeg_q70,False,0.5069661140441895,0.49810776114463806,0.008858352899551392
img_0098.jpeg,vit,mobilenetv3,resize_75pct,False,0.5069661140441895,0.49091440439224243,0.01605170965194702
img_0099.jpeg,resnet50,mobilenetv3,none,False,0.30247417092323303,0.24080289900302887,0.06167127192020416
img_0099.jpeg,resnet50,mobilenetv3,jpeg_q90,False,0.30247417092323303,0.2550310492515564,0.047443121671676636
img_0099.jpeg,resnet50,mobilenetv3,jpeg_q70,False,0.30247417092323303,0.2487064003944397,0.053767770528793335
img_0099.jpeg,resnet50,mobilenetv3,resize_75pct,False,0.30247417092323303,0.20712991058826447,0.09534426033496857
img_0099.jpeg,resnet50,vit,none,False,0.8492836356163025,0.7911058068275452,0.058177828788757324
img_0099.jpeg,resnet50,vit,jpeg_q90,False,0.8492836356163025,0.8279905319213867,0.02129310369491577
img_0099.jpeg,resnet50,vit,jpeg_q70,False,0.8492836356163025,0.8587402701377869,-0.009456634521484375
img_0099.jpeg,resnet50,vit,resize_75pct,False,0.8492836356163025,0.8363255858421326,0.012958049774169922
img_0099.jpeg,mobilenetv3,resnet50,none,False,0.310623437166214,0.23934845626354218,0.07127498090267181
img_0099.jpeg,mobilenetv3,resnet50,jpeg_q90,False,0.310623437166214,0.23757772147655487,0.07304571568965912
img_0099.jpeg,mobilenetv3,resnet50,jpeg_q70,False,0.310623437166214,0.31976836919784546,-0.00914493203163147
img_0099.jpeg,mobilenetv3,resnet50,resize_75pct,False,0.310623437166214,0.22489307820796967,0.08573035895824432
img_0099.jpeg,mobilenetv3,vit,none,False,0.8492836356163025,0.7964829206466675,0.05280071496963501
img_0099.jpeg,mobilenetv3,vit,jpeg_q90,False,0.8492836356163025,0.8003839254379272,0.048899710178375244
img_0099.jpeg,mobilenetv3,vit,jpeg_q70,False,0.8492836356163025,0.8299986720085144,0.019284963607788086
img_0099.jpeg,mobilenetv3,vit,resize_75pct,False,0.8492836356163025,0.8008155822753906,0.048468053340911865
img_0099.jpeg,vit,resnet50,none,False,0.310623437166214,0.34972962737083435,-0.03910619020462036
img_0099.jpeg,vit,resnet50,jpeg_q90,False,0.310623437166214,0.3296755254268646,-0.019052088260650635
img_0099.jpeg,vit,resnet50,jpeg_q70,False,0.310623437166214,0.38234516978263855,-0.07172173261642456
img_0099.jpeg,vit,resnet50,resize_75pct,False,0.310623437166214,0.34197574853897095,-0.03135231137275696
img_0099.jpeg,vit,mobilenetv3,none,False,0.30247417092323303,0.347969651222229,-0.04549548029899597
img_0099.jpeg,vit,mobilenetv3,jpeg_q90,False,0.30247417092323303,0.35835567116737366,-0.055881500244140625
img_0099.jpeg,vit,mobilenetv3,jpeg_q70,False,0.30247417092323303,0.2906116545200348,0.011862516403198242
img_0099.jpeg,vit,mobilenetv3,resize_75pct,False,0.30247417092323303,0.2516016364097595,0.05087253451347351
img_0100.jpeg,resnet50,mobilenetv3,none,False,0.3093532919883728,0.46961796283721924,-0.16026467084884644
img_0100.jpeg,resnet50,mobilenetv3,jpeg_q90,False,0.3093532919883728,0.2989562153816223,0.010397076606750488
img_0100.jpeg,resnet50,mobilenetv3,jpeg_q70,False,0.3093532919883728,0.33331310749053955,-0.023959815502166748
img_0100.jpeg,resnet50,mobilenetv3,resize_75pct,False,0.3093532919883728,0.23999641835689545,0.06935687363147736
img_0100.jpeg,resnet50,vit,none,False,0.8651171326637268,0.8650155067443848,0.00010162591934204102
img_0100.jpeg,resnet50,vit,jpeg_q90,False,0.8651171326637268,0.8705697059631348,-0.005452573299407959
img_0100.jpeg,resnet50,vit,jpeg_q70,False,0.8651171326637268,0.8543176054954529,0.010799527168273926
img_0100.jpeg,resnet50,vit,resize_75pct,False,0.8651171326637268,0.8300046324729919,0.03511250019073486
img_0100.jpeg,mobilenetv3,resnet50,none,False,0.21473328769207,0.2607073187828064,-0.04597403109073639
img_0100.jpeg,mobilenetv3,resnet50,jpeg_q90,False,0.21473328769207,0.21014197170734406,0.004591315984725952
img_0100.jpeg,mobilenetv3,resnet50,jpeg_q70,False,0.21473328769207,0.22249972820281982,-0.007766440510749817
img_0100.jpeg,mobilenetv3,resnet50,resize_75pct,False,0.21473328769207,0.22779671847820282,-0.013063430786132812
img_0100.jpeg,mobilenetv3,vit,none,False,0.8651171326637268,0.8403365015983582,0.024780631065368652
img_0100.jpeg,mobilenetv3,vit,jpeg_q90,False,0.8651171326637268,0.8700816631317139,-0.0049645304679870605
img_0100.jpeg,mobilenetv3,vit,jpeg_q70,False,0.8651171326637268,0.8562304377555847,0.00888669490814209
img_0100.jpeg,mobilenetv3,vit,resize_75pct,False,0.8651171326637268,0.7833965420722961,0.08172059059143066
img_0100.jpeg,vit,resnet50,none,False,0.21473328769207,0.21389234066009521,0.0008409470319747925
img_0100.jpeg,vit,resnet50,jpeg_q90,False,0.21473328769207,0.16935618221759796,0.045377105474472046
img_0100.jpeg,vit,resnet50,jpeg_q70,True,0.21473328769207,0.11622609198093414,0.09850719571113586
img_0100.jpeg,vit,resnet50,resize_75pct,False,0.21473328769207,0.22221317887306213,-0.0074798911809921265
img_0100.jpeg,vit,mobilenetv3,none,False,0.3093532919883728,0.19049081206321716,0.11886247992515564
img_0100.jpeg,vit,mobilenetv3,jpeg_q90,False,0.3093532919883728,0.21099542081356049,0.09835787117481232
img_0100.jpeg,vit,mobilenetv3,jpeg_q70,False,0.3093532919883728,0.15338657796382904,0.15596671402454376
img_0100.jpeg,vit,mobilenetv3,resize_75pct,True,0.3093532919883728,0.11697887629270554,0.19237441569566727
img_0101.jpeg,resnet50,mobilenetv3,none,True,0.13576866686344147,0.07006128132343292,0.06570738554000854
img_0101.jpeg,resnet50,mobilenetv3,jpeg_q90,False,0.13576866686344147,0.14289793372154236,-0.007129266858100891
img_0101.jpeg,resnet50,mobilenetv3,jpeg_q70,False,0.13576866686344147,0.19096896052360535,-0.05520029366016388
img_0101.jpeg,resnet50,mobilenetv3,resize_75pct,True,0.13576866686344147,0.07703075557947159,0.05873791128396988
img_0101.jpeg,resnet50,vit,none,False,0.5238613486289978,0.5968345403671265,-0.07297319173812866
img_0101.jpeg,resnet50,vit,jpeg_q90,False,0.5238613486289978,0.589735746383667,-0.06587439775466919
img_0101.jpeg,resnet50,vit,jpeg_q70,False,0.5238613486289978,0.48180556297302246,0.04205578565597534
img_0101.jpeg,resnet50,vit,resize_75pct,False,0.5238613486289978,0.5127551555633545,0.01110619306564331
img_0101.jpeg,mobilenetv3,resnet50,none,False,0.23529736697673798,0.34772130846977234,-0.11242394149303436
img_0101.jpeg,mobilenetv3,resnet50,jpeg_q90,False,0.23529736697673798,0.27104875445365906,-0.03575138747692108
img_0101.jpeg,mobilenetv3,resnet50,jpeg_q70,False,0.23529736697673798,0.31100568175315857,-0.0757083147764206
img_0101.jpeg,mobilenetv3,resnet50,resize_75pct,False,0.23529736697673798,0.31794723868370056,-0.08264987170696259
img_0101.jpeg,mobilenetv3,vit,none,False,0.5238613486289978,0.6103960871696472,-0.08653473854064941
img_0101.jpeg,mobilenetv3,vit,jpeg_q90,False,0.5238613486289978,0.5903039574623108,-0.06644260883331299
img_0101.jpeg,mobilenetv3,vit,jpeg_q70,False,0.5238613486289978,0.5963018536567688,-0.072440505027771
img_0101.jpeg,mobilenetv3,vit,resize_75pct,False,0.5238613486289978,0.5583694577217102,-0.0345081090927124
img_0101.jpeg,vit,resnet50,none,False,0.23529736697673798,0.2687075436115265,-0.03341017663478851
img_0101.jpeg,vit,resnet50,jpeg_q90,True,0.23529736697673798,0.17128148674964905,0.06401588022708893
img_0101.jpeg,vit,resnet50,jpeg_q70,True,0.23529736697673798,0.20747110247612,0.02782626450061798
img_0101.jpeg,vit,resnet50,resize_75pct,False,0.23529736697673798,0.26160329580307007,-0.026305928826332092
img_0101.jpeg,vit,mobilenetv3,none,False,0.13576866686344147,0.10799103230237961,0.02777763456106186
img_0101.jpeg,vit,mobilenetv3,jpeg_q90,False,0.13576866686344147,0.14114806056022644,-0.005379393696784973
img_0101.jpeg,vit,mobilenetv3,jpeg_q70,False,0.13576866686344147,0.13495321571826935,0.0008154511451721191
img_0101.jpeg,vit,mobilenetv3,resize_75pct,True,0.13576866686344147,0.1011132150888443,0.03465545177459717
img_0102.jpeg,resnet50,mobilenetv3,none,False,0.4421634376049042,0.26407530903816223,0.17808812856674194
img_0102.jpeg,resnet50,mobilenetv3,jpeg_q90,False,0.4421634376049042,0.3790941536426544,0.06306928396224976
img_0102.jpeg,resnet50,mobilenetv3,jpeg_q70,False,0.4421634376049042,0.38779208064079285,0.05437135696411133
img_0102.jpeg,resnet50,mobilenetv3,resize_75pct,False,0.4421634376049042,0.36978548765182495,0.07237794995307922
img_0102.jpeg,resnet50,vit,none,False,0.4168458580970764,0.4035135507583618,0.0133323073387146
img_0102.jpeg,resnet50,vit,jpeg_q90,False,0.4168458580970764,0.44597500562667847,-0.02912914752960205
img_0102.jpeg,resnet50,vit,jpeg_q70,False,0.4168458580970764,0.4252690076828003,-0.008423149585723877
img_0102.jpeg,resnet50,vit,resize_75pct,False,0.4168458580970764,0.4011472761631012,0.01569858193397522
img_0102.jpeg,mobilenetv3,resnet50,none,True,0.199977308511734,0.14054831862449646,0.05942898988723755
img_0102.jpeg,mobilenetv3,resnet50,jpeg_q90,False,0.199977308511734,0.2431168258190155,-0.043139517307281494
img_0102.jpeg,mobilenetv3,resnet50,jpeg_q70,False,0.199977308511734,0.18458299338817596,0.015394315123558044
img_0102.jpeg,mobilenetv3,resnet50,resize_75pct,False,0.199977308511734,0.17931018769741058,0.020667120814323425
img_0102.jpeg,mobilenetv3,vit,none,False,0.4168458580970764,0.3884064257144928,0.028439432382583618
img_0102.jpeg,mobilenetv3,vit,jpeg_q90,False,0.4168458580970764,0.4196091592311859,-0.002763301134109497
img_0102.jpeg,mobilenetv3,vit,jpeg_q70,False,0.4168458580970764,0.4254823327064514,-0.008636474609375
img_0102.jpeg,mobilenetv3,vit,resize_75pct,False,0.4168458580970764,0.37489303946495056,0.041952818632125854
img_0102.jpeg,vit,resnet50,none,True,0.199977308511734,0.12503871321678162,0.07493859529495239
img_0102.jpeg,vit,resnet50,jpeg_q90,True,0.199977308511734,0.17156130075454712,0.02841600775718689
img_0102.jpeg,vit,resnet50,jpeg_q70,False,0.199977308511734,0.22435162961483002,-0.02437432110309601
img_0102.jpeg,vit,resnet50,resize_75pct,True,0.199977308511734,0.1318301111459732,0.0681471973657608
img_0102.jpeg,vit,mobilenetv3,none,False,0.4421634376049042,0.33954256772994995,0.10262086987495422
img_0102.jpeg,vit,mobilenetv3,jpeg_q90,False,0.4421634376049042,0.38635504245758057,0.05580839514732361
img_0102.jpeg,vit,mobilenetv3,jpeg_q70,False,0.4421634376049042,0.36212030053138733,0.08004313707351685
img_0102.jpeg,vit,mobilenetv3,resize_75pct,False,0.4421634376049042,0.4391503632068634,0.0030130743980407715
img_0103.jpeg,resnet50,mobilenetv3,none,False,0.8523484468460083,0.7772372961044312,0.07511115074157715
img_0103.jpeg,resnet50,mobilenetv3,jpeg_q90,False,0.8523484468460083,0.82981276512146,0.02253568172454834
img_0103.jpeg,resnet50,mobilenetv3,jpeg_q70,False,0.8523484468460083,0.8612259030342102,-0.008877456188201904
img_0103.jpeg,resnet50,mobilenetv3,resize_75pct,False,0.8523484468460083,0.7988786101341248,0.053469836711883545
img_0103.jpeg,resnet50,vit,none,False,0.8698153495788574,0.8705326914787292,-0.0007173418998718262
img_0103.jpeg,resnet50,vit,jpeg_q90,False,0.8698153495788574,0.8776477575302124,-0.00783240795135498
img_0103.jpeg,resnet50,vit,jpeg_q70,False,0.8698153495788574,0.8732845187187195,-0.0034691691398620605
img_0103.jpeg,resnet50,vit,resize_75pct,False,0.8698153495788574,0.8819421529769897,-0.012126803398132324
img_0103.jpeg,mobilenetv3,resnet50,none,False,0.4028090238571167,0.49145832657814026,-0.08864930272102356
img_0103.jpeg,mobilenetv3,resnet50,jpeg_q90,False,0.4028090238571167,0.5247600674629211,-0.12195104360580444
img_0103.jpeg,mobilenetv3,resnet50,jpeg_q70,False,0.4028090238571167,0.4420619010925293,-0.0392528772354126
img_0103.jpeg,mobilenetv3,resnet50,resize_75pct,False,0.4028090238571167,0.4025879204273224,0.00022110342979431152
img_0103.jpeg,mobilenetv3,vit,none,False,0.8698153495788574,0.8734109997749329,-0.0035956501960754395
img_0103.jpeg,mobilenetv3,vit,jpeg_q90,False,0.8698153495788574,0.8744844794273376,-0.004669129848480225
img_0103.jpeg,mobilenetv3,vit,jpeg_q70,False,0.8698153495788574,0.8795744776725769,-0.009759128093719482
img_0103.jpeg,mobilenetv3,vit,resize_75pct,False,0.8698153495788574,0.883279025554657,-0.01346367597579956
img_0103.jpeg,vit,resnet50,none,False,0.4028090238571167,0.4603675305843353,-0.05755850672721863
img_0103.jpeg,vit,resnet50,jpeg_q90,False,0.4028090238571167,0.5818402171134949,-0.17903119325637817
img_0103.jpeg,vit,resnet50,jpeg_q70,False,0.4028090238571167,0.4604976773262024,-0.05768865346908569
img_0103.jpeg,vit,resnet50,resize_75pct,False,0.4028090238571167,0.46432027220726013,-0.06151124835014343
img_0103.jpeg,vit,mobilenetv3,none,False,0.8523484468460083,0.8438990712165833,0.008449375629425049
img_0103.jpeg,vit,mobilenetv3,jpeg_q90,False,0.8523484468460083,0.8427456021308899,0.009602844715118408
img_0103.jpeg,vit,mobilenetv3,jpeg_q70,False,0.8523484468460083,0.8647754192352295,-0.012426972389221191
img_0103.jpeg,vit,mobilenetv3,resize_75pct,False,0.8523484468460083,0.8502016663551331,0.002146780490875244
img_0104.jpeg,resnet50,mobilenetv3,none,False,0.29550519585609436,0.34202906489372253,-0.046523869037628174
img_0104.jpeg,resnet50,mobilenetv3,jpeg_q90,False,0.29550519585609436,0.30416277050971985,-0.008657574653625488
img_0104.jpeg,resnet50,mobilenetv3,jpeg_q70,False,0.29550519585609436,0.25107529759407043,0.044429898262023926
img_0104.jpeg,resnet50,mobilenetv3,resize_75pct,False,0.29550519585609436,0.1392366886138916,0.15626850724220276
img_0104.jpeg,resnet50,vit,none,False,0.8008581399917603,0.8151642084121704,-0.014306068420410156
img_0104.jpeg,resnet50,vit,jpeg_q90,False,0.8008581399917603,0.7774922251701355,0.023365914821624756
img_0104.jpeg,resnet50,vit,jpeg_q70,False,0.8008581399917603,0.7964779138565063,0.004380226135253906
img_0104.jpeg,resnet50,vit,resize_75pct,False,0.8008581399917603,0.861566960811615,-0.060708820819854736
img_0104.jpeg,mobilenetv3,resnet50,none,False,0.24394547939300537,0.34045660495758057,-0.0965111255645752
img_0104.jpeg,mobilenetv3,resnet50,jpeg_q90,False,0.24394547939300537,0.3983592689037323,-0.15441378951072693
img_0104.jpeg,mobilenetv3,resnet50,jpeg_q70,False,0.24394547939300537,0.30333077907562256,-0.05938529968261719
img_0104.jpeg,mobilenetv3,resnet50,resize_75pct,False,0.24394547939300537,0.24591641128063202,-0.001970931887626648
img_0104.jpeg,mobilenetv3,vit,none,False,0.8008581399917603,0.7966325879096985,0.004225552082061768
img_0104.jpeg,mobilenetv3,vit,jpeg_q90,False,0.8008581399917603,0.7773064374923706,0.02355170249938965
img_0104.jpeg,mobilenetv3,vit,jpeg_q70,False,0.8008581399917603,0.8471410870552063,-0.046282947063446045
img_0104.jpeg,mobilenetv3,vit,resize_75pct,False,0.8008581399917603,0.8245370984077454,-0.023678958415985107
img_0104.jpeg,vit,resnet50,none,False,0.24394547939300537,0.3600173890590668,-0.1160719096660614
img_0104.jpeg,vit,resnet50,jpeg_q90,False,0.24394547939300537,0.3201916813850403,-0.07624620199203491
img_0104.jpeg,vit,resnet50,jpeg_q70,False,0.24394547939300537,0.3182101249694824,-0.07426464557647705
img_0104.jpeg,vit,resnet50,resize_75pct,True,0.24394547939300537,0.1624329388141632,0.08151254057884216
img_0104.jpeg,vit,mobilenetv3,none,False,0.29550519585609436,0.2804260551929474,0.015079140663146973
img_0104.jpeg,vit,mobilenetv3,jpeg_q90,False,0.29550519585609436,0.2550138831138611,0.040491312742233276
img_0104.jpeg,vit,mobilenetv3,jpeg_q70,False,0.29550519585609436,0.2433333843946457,0.05217181146144867
img_0104.jpeg,vit,mobilenetv3,resize_75pct,False,0.29550519585609436,0.12471195310354233,0.17079324275255203
img_0105.jpeg,resnet50,mobilenetv3,none,False,0.5143888592720032,0.31109896302223206,0.20328989624977112
img_0105.jpeg,resnet50,mobilenetv3,jpeg_q90,False,0.5143888592720032,0.4253680408000946,0.08902081847190857
img_0105.jpeg,resnet50,mobilenetv3,jpeg_q70,False,0.5143888592720032,0.43124496936798096,0.08314388990402222
img_0105.jpeg,resnet50,mobilenetv3,resize_75pct,False,0.5143888592720032,0.49460887908935547,0.019779980182647705
img_0105.jpeg,resnet50,vit,none,False,0.4875614643096924,0.5491630434989929,-0.06160157918930054
img_0105.jpeg,resnet50,vit,jpeg_q90,False,0.4875614643096924,0.6141291856765747,-0.12656772136688232
img_0105.jpeg,resnet50,vit,jpeg_q70,False,0.4875614643096924,0.5543261766433716,-0.0667647123336792
img_0105.jpeg,resnet50,vit,resize_75pct,False,0.4875614643096924,0.4803463816642761,0.00721508264541626
img_0105.jpeg,mobilenetv3,resnet50,none,False,0.403265118598938,0.34641432762145996,0.05685079097747803
img_0105.jpeg,mobilenetv3,resnet50,jpeg_q90,False,0.403265118598938,0.394411563873291,0.008853554725646973
img_0105.jpeg,mobilenetv3,resnet50,jpeg_q70,False,0.403265118598938,0.3641883432865143,0.039076775312423706
img_0105.jpeg,mobilenetv3,resnet50,resize_75pct,False,0.403265118598938,0.22413897514343262,0.17912614345550537
img_0105.jpeg,mobilenetv3,vit,none,False,0.4875614643096924,0.5238111615180969,-0.03624969720840454
img_0105.jpeg,mobilenetv3,vit,jpeg_q90,False,0.4875614643096924,0.6134832501411438,-0.12592178583145142
img_0105.jpeg,mobilenetv3,vit,jpeg_q70,False,0.4875614643096924,0.5303840637207031,-0.04282259941101074
img_0105.jpeg,mobilenetv3,vit,resize_75pct,False,0.4875614643096924,0.4954627752304077,-0.007901310920715332
img_0105.jpeg,vit,resnet50,none,False,0.403265118598938,0.3513863682746887,0.05187875032424927
img_0105.jpeg,vit,resnet50,jpeg_q90,False,0.403265118598938,0.37418892979621887,0.029076188802719116
img_0105.jpeg,vit,resnet50,jpeg_q70,False,0.403265118598938,0.33845776319503784,0.06480735540390015
img_0105.jpeg,vit,resnet50,resize_75pct,False,0.403265118598938,0.2718142569065094,0.1314508616924286
img_0105.jpeg,vit,mobilenetv3,none,False,0.5143888592720032,0.3847213685512543,0.1296674907207489
img_0105.jpeg,vit,mobilenetv3,jpeg_q90,False,0.5143888592720032,0.3720286786556244,0.14236018061637878
img_0105.jpeg,vit,mobilenetv3,jpeg_q70,False,0.5143888592720032,0.3534168004989624,0.16097205877304077
img_0105.jpeg,vit,mobilenetv3,resize_75pct,False,0.5143888592720032,0.5524672865867615,-0.0380784273147583
img_0106.jpeg,resnet50,mobilenetv3,none,True,0.3588832914829254,0.22581160068511963,0.1330716907978058
img_0106.jpeg,resnet50,mobilenetv3,jpeg_q90,True,0.3588832914829254,0.21776001155376434,0.14112327992916107
img_0106.jpeg,resnet50,mobilenetv3,jpeg_q70,False,0.3588832914829254,0.30512386560440063,0.05375942587852478
img_0106.jpeg,resnet50,mobilenetv3,resize_75pct,True,0.3588832914829254,0.1747666746377945,0.18411661684513092
img_0106.jpeg,resnet50,vit,none,False,0.5049523711204529,0.47944435477256775,0.025508016347885132
img_0106.jpeg,resnet50,vit,jpeg_q90,False,0.5049523711204529,0.5081201195716858,-0.00316774845123291
img_0106.jpeg,resnet50,vit,jpeg_q70,False,0.5049523711204529,0.4950186014175415,0.009933769702911377
img_0106.jpeg,resnet50,vit,resize_75pct,False,0.5049523711204529,0.43338528275489807,0.07156708836555481
img_0106.jpeg,mobilenetv3,resnet50,none,False,0.32227879762649536,0.30275532603263855,0.01952347159385681
img_0106.jpeg,mobilenetv3,resnet50,jpeg_q90,False,0.32227879762649536,0.34861600399017334,-0.02633720636367798
img_0106.jpeg,mobilenetv3,resnet50,jpeg_q70,False,0.32227879762649536,0.36178380250930786,-0.0395050048828125
img_0106.jpeg,mobilenetv3,resnet50,resize_75pct,False,0.32227879762649536,0.27576231956481934,0.046516478061676025
img_0106.jpeg,mobilenetv3,vit,none,False,0.5049523711204529,0.5285201668739319,-0.023567795753479004
img_0106.jpeg,mobilenetv3,vit,jpeg_q90,False,0.5049523711204529,0.5172454714775085,-0.012293100357055664
img_0106.jpeg,mobilenetv3,vit,jpeg_q70,False,0.5049523711204529,0.5099858641624451,-0.0050334930419921875
img_0106.jpeg,mobilenetv3,vit,resize_75pct,False,0.5049523711204529,0.4966782033443451,0.008274167776107788
img_0106.jpeg,vit,resnet50,none,False,0.32227879762649536,0.26527345180511475,0.057005345821380615
img_0106.jpeg,vit,resnet50,jpeg_q90,False,0.32227879762649536,0.2970627546310425,0.02521604299545288
img_0106.jpeg,vit,resnet50,jpeg_q70,False,0.32227879762649536,0.34653759002685547,-0.024258792400360107
img_0106.jpeg,vit,resnet50,resize_75pct,True,0.32227879762649536,0.22903914749622345,0.09323965013027191
img_0106.jpeg,vit,mobilenetv3,none,True,0.3588832914829254,0.17056478559970856,0.18831850588321686
img_0106.jpeg,vit,mobilenetv3,jpeg_q90,True,0.3588832914829254,0.18794335424900055,0.17093993723392487
img_0106.jpeg,vit,mobilenetv3,jpeg_q70,True,0.3588832914829254,0.19879773259162903,0.1600855588912964
img_0106.jpeg,vit,mobilenetv3,resize_75pct,True,0.3588832914829254,0.1660841852426529,0.19279910624027252
img_0107.jpeg,resnet50,mobilenetv3,none,False,0.6072506904602051,0.6455376148223877,-0.03828692436218262
img_0107.jpeg,resnet50,mobilenetv3,jpeg_q90,False,0.6072506904602051,0.6432960629463196,-0.0360453724861145
img_0107.jpeg,resnet50,mobilenetv3,jpeg_q70,False,0.6072506904602051,0.6317462921142578,-0.024495601654052734
img_0107.jpeg,resnet50,mobilenetv3,resize_75pct,False,0.6072506904602051,0.37357038259506226,0.23368030786514282
img_0107.jpeg,resnet50,vit,none,False,0.8160160779953003,0.8158114552497864,0.00020462274551391602
img_0107.jpeg,resnet50,vit,jpeg_q90,False,0.8160160779953003,0.8233794569969177,-0.007363379001617432
img_0107.jpeg,resnet50,vit,jpeg_q70,False,0.8160160779953003,0.8180064558982849,-0.001990377902984619
img_0107.jpeg,resnet50,vit,resize_75pct,False,0.8160160779953003,0.7361553907394409,0.07986068725585938
img_0107.jpeg,mobilenetv3,resnet50,none,False,0.14747998118400574,0.1953703612089157,-0.04789038002490997
img_0107.jpeg,mobilenetv3,resnet50,jpeg_q90,False,0.14747998118400574,0.08956898003816605,0.05791100114583969
img_0107.jpeg,mobilenetv3,resnet50,jpeg_q70,False,0.14747998118400574,0.14768670499324799,-0.00020672380924224854
img_0107.jpeg,mobilenetv3,resnet50,resize_75pct,False,0.14747998118400574,0.05098222196102142,0.09649775922298431
img_0107.jpeg,mobilenetv3,vit,none,False,0.8160160779953003,0.7987608313560486,0.01725524663925171
img_0107.jpeg,mobilenetv3,vit,jpeg_q90,False,0.8160160779953003,0.8127625584602356,0.0032535195350646973
img_0107.jpeg,mobilenetv3,vit,jpeg_q70,False,0.8160160779953003,0.8090579509735107,0.006958127021789551
img_0107.jpeg,mobilenetv3,vit,resize_75pct,False,0.8160160779953003,0.7424210906028748,0.07359498739242554
img_0107.jpeg,vit,resnet50,none,False,0.14747998118400574,0.18166372179985046,-0.03418374061584473
img_0107.jpeg,vit,resnet50,jpeg_q90,False,0.14747998118400574,0.09537976235151291,0.05210021883249283
img_0107.jpeg,vit,resnet50,jpeg_q70,False,0.14747998118400574,0.13428352773189545,0.01319645345211029
img_0107.jpeg,vit,resnet50,resize_75pct,False,0.14747998118400574,0.04430670291185379,0.10317327827215195
img_0107.jpeg,vit,mobilenetv3,none,False,0.6072506904602051,0.6582584977149963,-0.05100780725479126
img_0107.jpeg,vit,mobilenetv3,jpeg_q90,False,0.6072506904602051,0.6568577289581299,-0.049607038497924805
img_0107.jpeg,vit,mobilenetv3,jpeg_q70,False,0.6072506904602051,0.7110288143157959,-0.10377812385559082
img_0107.jpeg,vit,mobilenetv3,resize_75pct,False,0.6072506904602051,0.43076249957084656,0.17648819088935852
img_0108.jpeg,resnet50,mobilenetv3,none,False,0.7494907975196838,0.7589371204376221,-0.009446322917938232
img_0108.jpeg,resnet50,mobilenetv3,jpeg_q90,False,0.7494907975196838,0.7986156940460205,-0.04912489652633667
img_0108.jpeg,resnet50,mobilenetv3,jpeg_q70,False,0.7494907975196838,0.7330883145332336,0.016402482986450195
img_0108.jpeg,resnet50,mobilenetv3,resize_75pct,False,0.7494907975196838,0.7343044877052307,0.015186309814453125
img_0108.jpeg,resnet50,vit,none,False,0.8672848343849182,0.8421578407287598,0.025126993656158447
img_0108.jpeg,resnet50,vit,jpeg_q90,False,0.8672848343849182,0.8604717254638672,0.006813108921051025
img_0108.jpeg,resnet50,vit,jpeg_q70,False,0.8672848343849182,0.8399563431739807,0.0273284912109375
img_0108.jpeg,resnet50,vit,resize_75pct,False,0.8672848343849182,0.8331966400146484,0.034088194370269775
img_0108.jpeg,mobilenetv3,resnet50,none,False,0.4155251979827881,0.3730361759662628,0.04248902201652527
img_0108.jpeg,mobilenetv3,resnet50,jpeg_q90,False,0.4155251979827881,0.4367825388908386,-0.021257340908050537
img_0108.jpeg,mobilenetv3,resnet50,jpeg_q70,False,0.4155251979827881,0.459474116563797,-0.04394891858100891
img_0108.jpeg,mobilenetv3,resnet50,resize_75pct,False,0.4155251979827881,0.385308176279068,0.030217021703720093
img_0108.jpeg,mobilenetv3,vit,none,False,0.8672848343849182,0.8372167348861694,0.03006809949874878
img_0108.jpeg,mobilenetv3,vit,jpeg_q90,False,0.8672848343849182,0.8550350666046143,0.012249767780303955
img_0108.jpeg,mobilenetv3,vit,jpeg_q70,False,0.8672848343849182,0.8385138511657715,0.02877098321914673
img_0108.jpeg,mobilenetv3,vit,resize_75pct,False,0.8672848343849182,0.8080747127532959,0.059210121631622314
img_0108.jpeg,vit,resnet50,none,False,0.4155251979827881,0.37321287393569946,0.04231232404708862
img_0108.jpeg,vit,resnet50,jpeg_q90,False,0.4155251979827881,0.3906116485595703,0.024913549423217773
img_0108.jpeg,vit,resnet50,jpeg_q70,False,0.4155251979827881,0.40658310055732727,0.008942097425460815
img_0108.jpeg,vit,resnet50,resize_75pct,False,0.4155251979827881,0.3635919988155365,0.05193319916725159
img_0108.jpeg,vit,mobilenetv3,none,False,0.7494907975196838,0.7359025478363037,0.013588249683380127
img_0108.jpeg,vit,mobilenetv3,jpeg_q90,False,0.7494907975196838,0.7874022722244263,-0.03791147470474243
img_0108.jpeg,vit,mobilenetv3,jpeg_q70,False,0.7494907975196838,0.745100736618042,0.004390060901641846
img_0108.jpeg,vit,mobilenetv3,resize_75pct,False,0.7494907975196838,0.7459941506385803,0.0034966468811035156
img_0109.jpeg,resnet50,mobilenetv3,none,False,0.7859315872192383,0.7940327525138855,-0.008101165294647217
img_0109.jpeg,resnet50,mobilenetv3,jpeg_q90,False,0.7859315872192383,0.7753457427024841,0.01058584451675415
img_0109.jpeg,resnet50,mobilenetv3,jpeg_q70,False,0.7859315872192383,0.7372891306877136,0.04864245653152466
img_0109.jpeg,resnet50,mobilenetv3,resize_75pct,False,0.7859315872192383,0.5654426217079163,0.22048896551132202
img_0109.jpeg,resnet50,vit,none,False,0.8845152258872986,0.8777647614479065,0.00675046443939209
img_0109.jpeg,resnet50,vit,jpeg_q90,False,0.8845152258872986,0.8865879774093628,-0.002072751522064209
img_0109.jpeg,resnet50,vit,jpeg_q70,False,0.8845152258872986,0.8724374175071716,0.012077808380126953
img_0109.jpeg,resnet50,vit,resize_75pct,False,0.8845152258872986,0.8946465849876404,-0.010131359100341797
img_0109.jpeg,mobilenetv3,resnet50,none,False,0.22693827748298645,0.24969248473644257,-0.022754207253456116
img_0109.jpeg,mobilenetv3,resnet50,jpeg_q90,False,0.22693827748298645,0.2854061424732208,-0.058467864990234375
img_0109.jpeg,mobilenetv3,resnet50,jpeg_q70,False,0.22693827748298645,0.26359468698501587,-0.03665640950202942
img_0109.jpeg,mobilenetv3,resnet50,resize_75pct,False,0.22693827748298645,0.49684637784957886,-0.2699081003665924
img_0109.jpeg,mobilenetv3,vit,none,False,0.8845152258872986,0.8821524977684021,0.0023627281188964844
img_0109.jpeg,mobilenetv3,vit,jpeg_q90,False,0.8845152258872986,0.8853715062141418,-0.0008562803268432617
img_0109.jpeg,mobilenetv3,vit,jpeg_q70,False,0.8845152258872986,0.8696364760398865,0.01487874984741211
img_0109.jpeg,mobilenetv3,vit,resize_75pct,False,0.8845152258872986,0.9043451547622681,-0.019829928874969482
img_0109.jpeg,vit,resnet50,none,False,0.22693827748298645,0.2335582971572876,-0.0066200196743011475
img_0109.jpeg,vit,resnet50,jpeg_q90,False,0.22693827748298645,0.29705917835235596,-0.0701209008693695
img_0109.jpeg,vit,resnet50,jpeg_q70,False,0.22693827748298645,0.2226831316947937,0.004255145788192749
img_0109.jpeg,vit,resnet50,resize_75pct,False,0.22693827748298645,0.4477490484714508,-0.22081077098846436
img_0109.jpeg,vit,mobilenetv3,none,False,0.7859315872192383,0.6720975637435913,0.11383402347564697
img_0109.jpeg,vit,mobilenetv3,jpeg_q90,False,0.7859315872192383,0.6723545789718628,0.11357700824737549
img_0109.jpeg,vit,mobilenetv3,jpeg_q70,False,0.7859315872192383,0.5799134969711304,0.2060180902481079
img_0109.jpeg,vit,mobilenetv3,resize_75pct,False,0.7859315872192383,0.4840535819530487,0.3018780052661896
img_0110.jpeg,resnet50,mobilenetv3,none,False,0.5058053731918335,0.32604971528053284,0.17975565791130066
img_0110.jpeg,resnet50,mobilenetv3,jpeg_q90,False,0.5058053731918335,0.4948080778121948,0.010997295379638672
img_0110.jpeg,resnet50,mobilenetv3,jpeg_q70,False,0.5058053731918335,0.5477099418640137,-0.041904568672180176
img_0110.jpeg,resnet50,mobilenetv3,resize_75pct,False,0.5058053731918335,0.5360603332519531,-0.03025496006011963
img_0110.jpeg,resnet50,vit,none,True,0.3132990002632141,0.25156721472740173,0.06173178553581238
img_0110.jpeg,resnet50,vit,jpeg_q90,False,0.3132990002632141,0.40936827659606934,-0.09606927633285522
img_0110.jpeg,resnet50,vit,jpeg_q70,False,0.3132990002632141,0.40185925364494324,-0.08856025338172913
img_0110.jpeg,resnet50,vit,resize_75pct,False,0.3132990002632141,0.20575830340385437,0.10754069685935974
img_0110.jpeg,mobilenetv3,resnet50,none,False,0.11004052311182022,0.09524773061275482,0.0147927924990654
img_0110.jpeg,mobilenetv3,resnet50,jpeg_q90,False,0.11004052311182022,0.11635040491819382,-0.006309881806373596
img_0110.jpeg,mobilenetv3,resnet50,jpeg_q70,False,0.11004052311182022,0.12451030313968658,-0.014469780027866364
img_0110.jpeg,mobilenetv3,resnet50,resize_75pct,False,0.11004052311182022,0.11968124657869339,-0.009640723466873169
img_0110.jpeg,mobilenetv3,vit,none,False,0.3132990002632141,0.28483352065086365,0.028465479612350464
img_0110.jpeg,mobilenetv3,vit,jpeg_q90,False,0.3132990002632141,0.43178194761276245,-0.11848294734954834
img_0110.jpeg,mobilenetv3,vit,jpeg_q70,False,0.3132990002632141,0.42070645093917847,-0.10740745067596436
img_0110.jpeg,mobilenetv3,vit,resize_75pct,False,0.3132990002632141,0.22204403579235077,0.09125496447086334
img_0110.jpeg,vit,resnet50,none,False,0.11004052311182022,0.12690679728984833,-0.016866274178028107
img_0110.jpeg,vit,resnet50,jpeg_q90,False,0.11004052311182022,0.1567157506942749,-0.04667522758245468
img_0110.jpeg,vit,resnet50,jpeg_q70,False,0.11004052311182022,0.13940660655498505,-0.029366083443164825
img_0110.jpeg,vit,resnet50,resize_75pct,False,0.11004052311182022,0.1357424110174179,-0.025701887905597687
img_0110.jpeg,vit,mobilenetv3,none,False,0.5058053731918335,0.5120730400085449,-0.006267666816711426
img_0110.jpeg,vit,mobilenetv3,jpeg_q90,False,0.5058053731918335,0.5235039591789246,-0.017698585987091064
img_0110.jpeg,vit,mobilenetv3,jpeg_q70,False,0.5058053731918335,0.569992184638977,-0.06418681144714355
img_0110.jpeg,vit,mobilenetv3,resize_75pct,False,0.5058053731918335,0.6582275629043579,-0.15242218971252441
img_0111.jpeg,resnet50,mobilenetv3,none,False,0.6769750118255615,0.6891923546791077,-0.012217342853546143
img_0111.jpeg,resnet50,mobilenetv3,jpeg_q90,False,0.6769750118255615,0.6663758754730225,0.010599136352539062
img_0111.jpeg,resnet50,mobilenetv3,jpeg_q70,False,0.6769750118255615,0.7216576337814331,-0.04468262195587158
img_0111.jpeg,resnet50,mobilenetv3,resize_75pct,False,0.6769750118255615,0.7319356799125671,-0.054960668087005615
img_0111.jpeg,resnet50,vit,none,False,0.861963152885437,0.8463930487632751,0.015570104122161865
img_0111.jpeg,resnet50,vit,jpeg_q90,False,0.861963152885437,0.8611518144607544,0.0008113384246826172
img_0111.jpeg,resnet50,vit,jpeg_q70,False,0.861963152885437,0.8556070923805237,0.00635606050491333
img_0111.jpeg,resnet50,vit,resize_75pct,False,0.861963152885437,0.8534331917762756,0.008529961109161377
img_0111.jpeg,mobilenetv3,resnet50,none,False,0.4182988703250885,0.3970290422439575,0.02126982808113098
img_0111.jpeg,mobilenetv3,resnet50,jpeg_q90,False,0.4182988703250885,0.4166455864906311,0.0016532838344573975
img_0111.jpeg,mobilenetv3,resnet50,jpeg_q70,False,0.4182988703250885,0.442522794008255,-0.024223923683166504
img_0111.jpeg,mobilenetv3,resnet50,resize_75pct,False,0.4182988703250885,0.35444799065589905,0.06385087966918945
img_0111.jpeg,mobilenetv3,vit,none,False,0.861963152885437,0.8464029431343079,0.01556020975112915
img_0111.jpeg,mobilenetv3,vit,jpeg_q90,False,0.861963152885437,0.84029221534729,0.021670937538146973
img_0111.jpeg,mobilenetv3,vit,jpeg_q70,False,0.861963152885437,0.8589757680892944,0.002987384796142578
img_0111.jpeg,mobilenetv3,vit,resize_75pct,False,0.861963152885437,0.8520054817199707,0.009957671165466309
img_0111.jpeg,vit,resnet50,none,False,0.4182988703250885,0.4389844238758087,-0.020685553550720215
img_0111.jpeg,vit,resnet50,jpeg_q90,False,0.4182988703250885,0.4418749511241913,-0.023576080799102783
img_0111.jpeg,vit,resnet50,jpeg_q70,False,0.4182988703250885,0.4472828805446625,-0.028984010219573975
img_0111.jpeg,vit,resnet50,resize_75pct,False,0.4182988703250885,0.40627536177635193,0.012023508548736572
img_0111.jpeg,vit,mobilenetv3,none,False,0.6769750118255615,0.7082204222679138,-0.031245410442352295
img_0111.jpeg,vit,mobilenetv3,jpeg_q90,False,0.6769750118255615,0.7024550437927246,-0.025480031967163086
img_0111.jpeg,vit,mobilenetv3,jpeg_q70,False,0.6769750118255615,0.6772394180297852,-0.0002644062042236328
img_0111.jpeg,vit,mobilenetv3,resize_75pct,False,0.6769750118255615,0.7208713293075562,-0.04389631748199463
img_0112.jpeg,resnet50,mobilenetv3,none,False,0.534027636051178,0.5352152585983276,-0.0011876225471496582
img_0112.jpeg,resnet50,mobilenetv3,jpeg_q90,False,0.534027636051178,0.5407516360282898,-0.006723999977111816
img_0112.jpeg,resnet50,mobilenetv3,jpeg_q70,False,0.534027636051178,0.5154950022697449,0.018532633781433105
img_0112.jpeg,resnet50,mobilenetv3,resize_75pct,False,0.534027636051178,0.40574735403060913,0.12828028202056885
img_0112.jpeg,resnet50,vit,none,False,0.894558310508728,0.8803648352622986,0.014193475246429443
img_0112.jpeg,resnet50,vit,jpeg_q90,False,0.894558310508728,0.8921045660972595,0.002453744411468506
img_0112.jpeg,resnet50,vit,jpeg_q70,False,0.894558310508728,0.8960127234458923,-0.0014544129371643066
img_0112.jpeg,resnet50,vit,resize_75pct,False,0.894558310508728,0.8631474375724792,0.03141087293624878
img_0112.jpeg,mobilenetv3,resnet50,none,False,0.2866145372390747,0.24648365378379822,0.04013088345527649
img_0112.jpeg,mobilenetv3,resnet50,jpeg_q90,False,0.2866145372390747,0.31002432107925415,-0.023409783840179443
img_0112.jpeg,mobilenetv3,resnet50,jpeg_q70,False,0.2866145372390747,0.2631828486919403,0.0234316885471344
img_0112.jpeg,mobilenetv3,resnet50,resize_75pct,False,0.2866145372390747,0.31169870495796204,-0.02508416771888733
img_0112.jpeg,mobilenetv3,vit,none,False,0.894558310508728,0.8553740382194519,0.03918427228927612
img_0112.jpeg,mobilenetv3,vit,jpeg_q90,False,0.894558310508728,0.8898505568504333,0.004707753658294678
img_0112.jpeg,mobilenetv3,vit,jpeg_q70,False,0.894558310508728,0.8858759999275208,0.008682310581207275
img_0112.jpeg,mobilenetv3,vit,resize_75pct,False,0.894558310508728,0.8661714196205139,0.02838689088821411
img_0112.jpeg,vit,resnet50,none,False,0.2866145372390747,0.2584094703197479,0.028205066919326782
img_0112.jpeg,vit,resnet50,jpeg_q90,False,0.2866145372390747,0.27917319536209106,0.007441341876983643
img_0112.jpeg,vit,resnet50,jpeg_q70,False,0.2866145372390747,0.273445188999176,0.013169348239898682
img_0112.jpeg,vit,resnet50,resize_75pct,False,0.2866145372390747,0.3416523039340973,-0.05503776669502258
img_0112.jpeg,vit,mobilenetv3,none,False,0.534027636051178,0.5442597270011902,-0.010232090950012207
img_0112.jpeg,vit,mobilenetv3,jpeg_q90,False,0.534027636051178,0.4698857367038727,0.0641418993473053
img_0112.jpeg,vit,mobilenetv3,jpeg_q70,False,0.534027636051178,0.5054423809051514,0.02858525514602661
img_0112.jpeg,vit,mobilenetv3,resize_75pct,False,0.534027636051178,0.421074241399765,0.11295339465141296
img_0113.jpeg,resnet50,mobilenetv3,none,False,0.7373715043067932,0.6856679320335388,0.051703572273254395
img_0113.jpeg,resnet50,mobilenetv3,jpeg_q90,False,0.7373715043067932,0.6792997121810913,0.058071792125701904
img_0113.jpeg,resnet50,mobilenetv3,jpeg_q70,False,0.7373715043067932,0.7293275594711304,0.008043944835662842
img_0113.jpeg,resnet50,mobilenetv3,resize_75pct,False,0.7373715043067932,0.6848423480987549,0.05252915620803833
img_0113.jpeg,resnet50,vit,none,False,0.8616189360618591,0.8565489649772644,0.0050699710845947266
img_0113.jpeg,resnet50,vit,jpeg_q90,False,0.8616189360618591,0.860430121421814,0.001188814640045166
img_0113.jpeg,resnet50,vit,jpeg_q70,False,0.8616189360618591,0.8619877696037292,-0.0003688335418701172
img_0113.jpeg,resnet50,vit,resize_75pct,False,0.8616189360618591,0.8816856741905212,-0.02006673812866211
img_0113.jpeg,mobilenetv3,resnet50,none,False,0.380764365196228,0.39792120456695557,-0.01715683937072754
img_0113.jpeg,mobilenetv3,resnet50,jpeg_q90,False,0.380764365196228,0.43202242255210876,-0.05125805735588074
img_0113.jpeg,mobilenetv3,resnet50,jpeg_q70,False,0.380764365196228,0.3849092423915863,-0.004144877195358276
img_0113.jpeg,mobilenetv3,resnet50,resize_75pct,False,0.380764365196228,0.3312065601348877,0.04955780506134033
img_0113.jpeg,mobilenetv3,vit,none,False,0.8616189360618591,0.8551760315895081,0.006442904472351074
img_0113.jpeg,mobilenetv3,vit,jpeg_q90,False,0.8616189360618591,0.8597781658172607,0.0018407702445983887
img_0113.jpeg,mobilenetv3,vit,jpeg_q70,False,0.8616189360618591,0.8602089285850525,0.0014100074768066406
img_0113.jpeg,mobilenetv3,vit,resize_75pct,False,0.8616189360618591,0.8843369483947754,-0.02271801233291626
img_0113.jpeg,vit,resnet50,none,False,0.380764365196228,0.3511141836643219,0.029650181531906128
img_0113.jpeg,vit,resnet50,jpeg_q90,False,0.380764365196228,0.3639239966869354,0.016840368509292603
img_0113.jpeg,vit,resnet50,jpeg_q70,False,0.380764365196228,0.3450963795185089,0.035667985677719116
img_0113.jpeg,vit,resnet50,resize_75pct,False,0.380764365196228,0.33145570755004883,0.0493086576461792
img_0113.jpeg,vit,mobilenetv3,none,False,0.7373715043067932,0.760146975517273,-0.022775471210479736
img_0113.jpeg,vit,mobilenetv3,jpeg_q90,False,0.7373715043067932,0.7587076425552368,-0.021336138248443604
img_0113.jpeg,vit,mobilenetv3,jpeg_q70,False,0.7373715043067932,0.7259447574615479,0.011426746845245361
img_0113.jpeg,vit,mobilenetv3,resize_75pct,False,0.7373715043067932,0.7619051933288574,-0.02453368902206421
img_0114.jpeg,resnet50,mobilenetv3,none,False,0.8740694522857666,0.873586118221283,0.0004833340644836426
img_0114.jpeg,resnet50,mobilenetv3,jpeg_q90,False,0.8740694522857666,0.8798452019691467,-0.005775749683380127
img_0114.jpeg,resnet50,mobilenetv3,jpeg_q70,False,0.8740694522857666,0.8940290808677673,-0.019959628582000732
img_0114.jpeg,resnet50,mobilenetv3,resize_75pct,False,0.8740694522857666,0.8561703562736511,0.01789909601211548
img_0114.jpeg,resnet50,vit,none,False,0.8963245153427124,0.8753970861434937,0.02092742919921875
img_0114.jpeg,resnet50,vit,jpeg_q90,False,0.8963245153427124,0.8971822261810303,-0.0008577108383178711
img_0114.jpeg,resnet50,vit,jpeg_q70,False,0.8963245153427124,0.896365225315094,-4.07099723815918e-05
img_0114.jpeg,resnet50,vit,resize_75pct,False,0.8963245153427124,0.8914071917533875,0.004917323589324951
img_0114.jpeg,mobilenetv3,resnet50,none,False,0.45004281401634216,0.45625317096710205,-0.006210356950759888
img_0114.jpeg,mobilenetv3,resnet50,jpeg_q90,False,0.45004281401634216,0.4777502715587616,-0.027707457542419434
img_0114.jpeg,mobilenetv3,resnet50,jpeg_q70,False,0.45004281401634216,0.46925801038742065,-0.01921519637107849
img_0114.jpeg,mobilenetv3,resnet50,resize_75pct,False,0.45004281401634216,0.45103728771209717,-0.0009944736957550049
img_0114.jpeg,mobilenetv3,vit,none,False,0.8963245153427124,0.8667351603507996,0.029589354991912842
img_0114.jpeg,mobilenetv3,vit,jpeg_q90,False,0.8963245153427124,0.8910400867462158,0.005284428596496582
img_0114.jpeg,mobilenetv3,vit,jpeg_q70,False,0.8963245153427124,0.889110267162323,0.007214248180389404
img_0114.jpeg,mobilenetv3,vit,resize_75pct,False,0.8963245153427124,0.8816983103752136,0.01462620496749878
img_0114.jpeg,vit,resnet50,none,False,0.45004281401634216,0.4374437630176544,0.012599050998687744
img_0114.jpeg,vit,resnet50,jpeg_q90,False,0.45004281401634216,0.42825186252593994,0.02179095149040222
img_0114.jpeg,vit,resnet50,jpeg_q70,False,0.45004281401634216,0.4504443407058716,-0.00040152668952941895
img_0114.jpeg,vit,resnet50,resize_75pct,False,0.45004281401634216,0.46492430567741394,-0.014881491661071777
img_0114.jpeg,vit,mobilenetv3,none,False,0.8740694522857666,0.8897667527198792,-0.01569730043411255
img_0114.jpeg,vit,mobilenetv3,jpeg_q90,False,0.8740694522857666,0.8851553797721863,-0.011085927486419678
img_0114.jpeg,vit,mobilenetv3,jpeg_q70,False,0.8740694522857666,0.8856674432754517,-0.011597990989685059
img_0114.jpeg,vit,mobilenetv3,resize_75pct,False,0.8740694522857666,0.878859281539917,-0.004789829254150391
img_0115.jpeg,resnet50,mobilenetv3,none,False,0.18881835043430328,0.12469711154699326,0.06412123888731003
img_0115.jpeg,resnet50,mobilenetv3,jpeg_q90,False,0.18881835043430328,0.16973593831062317,0.019082412123680115
img_0115.jpeg,resnet50,mobilenetv3,jpeg_q70,False,0.18881835043430328,0.22827637195587158,-0.0394580215215683
img_0115.jpeg,resnet50,mobilenetv3,resize_75pct,False,0.18881835043430328,0.16905659437179565,0.01976175606250763
img_0115.jpeg,resnet50,vit,none,False,0.8915119767189026,0.9174244403839111,-0.025912463665008545
img_0115.jpeg,resnet50,vit,jpeg_q90,False,0.8915119767189026,0.9035065174102783,-0.011994540691375732
img_0115.jpeg,resnet50,vit,jpeg_q70,False,0.8915119767189026,0.8921473622322083,-0.0006353855133056641
img_0115.jpeg,resnet50,vit,resize_75pct,False,0.8915119767189026,0.9114593863487244,-0.019947409629821777
img_0115.jpeg,mobilenetv3,resnet50,none,False,0.18739348649978638,0.25239789485931396,-0.06500440835952759
img_0115.jpeg,mobilenetv3,resnet50,jpeg_q90,False,0.18739348649978638,0.19636178016662598,-0.0089682936668396
img_0115.jpeg,mobilenetv3,resnet50,jpeg_q70,False,0.18739348649978638,0.18262247741222382,0.004771009087562561
img_0115.jpeg,mobilenetv3,resnet50,resize_75pct,False,0.18739348649978638,0.17791815102100372,0.009475335478782654
img_0115.jpeg,mobilenetv3,vit,none,False,0.8915119767189026,0.9320579171180725,-0.04054594039916992
img_0115.jpeg,mobilenetv3,vit,jpeg_q90,False,0.8915119767189026,0.9175031185150146,-0.02599114179611206
img_0115.jpeg,mobilenetv3,vit,jpeg_q70,False,0.8915119767189026,0.9000457525253296,-0.008533775806427002
img_0115.jpeg,mobilenetv3,vit,resize_75pct,False,0.8915119767189026,0.927528977394104,-0.036017000675201416
img_0115.jpeg,vit,resnet50,none,False,0.18739348649978638,0.19035941362380981,-0.0029659271240234375
img_0115.jpeg,vit,resnet50,jpeg_q90,False,0.18739348649978638,0.19625353813171387,-0.00886005163192749
img_0115.jpeg,vit,resnet50,jpeg_q70,False,0.18739348649978638,0.1836492121219635,0.003744274377822876
img_0115.jpeg,vit,resnet50,resize_75pct,False,0.18739348649978638,0.14606289565563202,0.04133059084415436
img_0115.jpeg,vit,mobilenetv3,none,False,0.18881835043430328,0.12039511650800705,0.06842323392629623
img_0115.jpeg,vit,mobilenetv3,jpeg_q90,False,0.18881835043430328,0.19642876088619232,-0.007610410451889038
img_0115.jpeg,vit,mobilenetv3,jpeg_q70,False,0.18881835043430328,0.12027332186698914,0.06854502856731415
img_0115.jpeg,vit,mobilenetv3,resize_75pct,True,0.18881835043430328,0.0891142338514328,0.09970411658287048
img_0116.jpeg,resnet50,mobilenetv3,none,False,0.7406238317489624,0.6518288254737854,0.088795006275177
img_0116.jpeg,resnet50,mobilenetv3,jpeg_q90,False,0.7406238317489624,0.7141450643539429,0.02647876739501953
img_0116.jpeg,resnet50,mobilenetv3,jpeg_q70,False,0.7406238317489624,0.7010149955749512,0.03960883617401123
img_0116.jpeg,resnet50,mobilenetv3,resize_75pct,False,0.7406238317489624,0.7440664172172546,-0.0034425854682922363
img_0116.jpeg,resnet50,vit,none,False,0.9109207391738892,0.8907246589660645,0.020196080207824707
img_0116.jpeg,resnet50,vit,jpeg_q90,False,0.9109207391738892,0.8988692164421082,0.012051522731781006
img_0116.jpeg,resnet50,vit,jpeg_q70,False,0.9109207391738892,0.900146484375,0.01077425479888916
img_0116.jpeg,resnet50,vit,resize_75pct,False,0.9109207391738892,0.9082441926002502,0.002676546573638916
img_0116.jpeg,mobilenetv3,resnet50,none,False,0.4237285256385803,0.3812186121940613,0.04250991344451904
img_0116.jpeg,mobilenetv3,resnet50,jpeg_q90,False,0.4237285256385803,0.41675952076911926,0.00696900486946106
img_0116.jpeg,mobilenetv3,resnet50,jpeg_q70,False,0.4237285256385803,0.4143798053264618,0.00934872031211853
img_0116.jpeg,mobilenetv3,resnet50,resize_75pct,False,0.4237285256385803,0.4110037088394165,0.012724816799163818
img_0116.jpeg,mobilenetv3,vit,none,False,0.9109207391738892,0.8732156157493591,0.03770512342453003
img_0116.jpeg,mobilenetv3,vit,jpeg_q90,False,0.9109207391738892,0.8947317004203796,0.01618903875350952
img_0116.jpeg,mobilenetv3,vit,jpeg_q70,False,0.9109207391738892,0.903080403804779,0.007840335369110107
img_0116.jpeg,mobilenetv3,vit,resize_75pct,False,0.9109207391738892,0.8996696472167969,0.011251091957092285
img_0116.jpeg,vit,resnet50,none,False,0.4237285256385803,0.24450530111789703,0.1792232245206833
img_0116.jpeg,vit,resnet50,jpeg_q90,False,0.4237285256385803,0.2866761386394501,0.13705238699913025
img_0116.jpeg,vit,resnet50,jpeg_q70,False,0.4237285256385803,0.3102811574935913,0.11344736814498901
img_0116.jpeg,vit,resnet50,resize_75pct,False,0.4237285256385803,0.26232582330703735,0.16140270233154297
img_0116.jpeg,vit,mobilenetv3,none,False,0.7406238317489624,0.5605825185775757,0.18004131317138672
img_0116.jpeg,vit,mobilenetv3,jpeg_q90,False,0.7406238317489624,0.6997041702270508,0.04091966152191162
img_0116.jpeg,vit,mobilenetv3,jpeg_q70,False,0.7406238317489624,0.6891287565231323,0.05149507522583008
img_0116.jpeg,vit,mobilenetv3,resize_75pct,False,0.7406238317489624,0.6155897974967957,0.12503403425216675
img_0117.jpeg,resnet50,mobilenetv3,none,False,0.6397388577461243,0.8297232389450073,-0.18998438119888306
img_0117.jpeg,resnet50,mobilenetv3,jpeg_q90,False,0.6397388577461243,0.7301608920097351,-0.09042203426361084
img_0117.jpeg,resnet50,mobilenetv3,jpeg_q70,False,0.6397388577461243,0.6918115019798279,-0.05207264423370361
img_0117.jpeg,resnet50,mobilenetv3,resize_75pct,False,0.6397388577461243,0.7463566660881042,-0.10661780834197998
img_0117.jpeg,resnet50,vit,none,False,0.9089864492416382,0.8718974590301514,0.037088990211486816
img_0117.jpeg,resnet50,vit,jpeg_q90,False,0.9089864492416382,0.9041190147399902,0.004867434501647949
img_0117.jpeg,resnet50,vit,jpeg_q70,False,0.9089864492416382,0.9041715264320374,0.00481492280960083
img_0117.jpeg,resnet50,vit,resize_75pct,False,0.9089864492416382,0.9070028066635132,0.001983642578125
img_0117.jpeg,mobilenetv3,resnet50,none,False,0.5474511384963989,0.5984481573104858,-0.050997018814086914
img_0117.jpeg,mobilenetv3,resnet50,jpeg_q90,False,0.5474511384963989,0.6600912809371948,-0.1126401424407959
img_0117.jpeg,mobilenetv3,resnet50,jpeg_q70,False,0.5474511384963989,0.596328854560852,-0.048877716064453125
img_0117.jpeg,mobilenetv3,resnet50,resize_75pct,False,0.5474511384963989,0.58403480052948,-0.036583662033081055
img_0117.jpeg,mobilenetv3,vit,none,False,0.9089864492416382,0.8756046891212463,0.033381760120391846
img_0117.jpeg,mobilenetv3,vit,jpeg_q90,False,0.9089864492416382,0.8865042924880981,0.02248215675354004
img_0117.jpeg,mobilenetv3,vit,jpeg_q70,False,0.9089864492416382,0.896955132484436,0.012031316757202148
img_0117.jpeg,mobilenetv3,vit,resize_75pct,False,0.9089864492416382,0.9038528800010681,0.005133569240570068
img_0117.jpeg,vit,resnet50,none,False,0.5474511384963989,0.656606912612915,-0.10915577411651611
img_0117.jpeg,vit,resnet50,jpeg_q90,False,0.5474511384963989,0.6687242984771729,-0.12127315998077393
img_0117.jpeg,vit,resnet50,jpeg_q70,False,0.5474511384963989,0.6800673604011536,-0.13261622190475464
img_0117.jpeg,vit,resnet50,resize_75pct,False,0.5474511384963989,0.6162821650505066,-0.06883102655410767
img_0117.jpeg,vit,mobilenetv3,none,False,0.6397388577461243,0.661108136177063,-0.02136927843093872
img_0117.jpeg,vit,mobilenetv3,jpeg_q90,False,0.6397388577461243,0.6184406280517578,0.021298229694366455
img_0117.jpeg,vit,mobilenetv3,jpeg_q70,False,0.6397388577461243,0.6865259408950806,-0.0467870831489563
img_0117.jpeg,vit,mobilenetv3,resize_75pct,False,0.6397388577461243,0.6102400422096252,0.029498815536499023
img_0118.jpeg,resnet50,mobilenetv3,none,True,0.08985751867294312,0.04945513233542442,0.04040238633751869
img_0118.jpeg,resnet50,mobilenetv3,jpeg_q90,False,0.08985751867294312,0.08958925306797028,0.00026826560497283936
img_0118.jpeg,resnet50,mobilenetv3,jpeg_q70,False,0.08985751867294312,0.10081305354833603,-0.010955534875392914
img_0118.jpeg,resnet50,mobilenetv3,resize_75pct,True,0.08985751867294312,0.013490202836692333,0.07636731583625078
img_0118.jpeg,resnet50,vit,none,False,0.8824599981307983,0.866590678691864,0.015869319438934326
img_0118.jpeg,resnet50,vit,jpeg_q90,False,0.8824599981307983,0.86211097240448,0.02034902572631836
img_0118.jpeg,resnet50,vit,jpeg_q70,False,0.8824599981307983,0.8702530860900879,0.01220691204071045
img_0118.jpeg,resnet50,vit,resize_75pct,False,0.8824599981307983,0.844805896282196,0.037654101848602295
img_0118.jpeg,mobilenetv3,resnet50,none,True,0.16758309304714203,0.052914656698703766,0.11466843634843826
img_0118.jpeg,mobilenetv3,resnet50,jpeg_q90,False,0.16758309304714203,0.15831653773784637,0.009266555309295654
img_0118.jpeg,mobilenetv3,resnet50,jpeg_q70,True,0.16758309304714203,0.20485638082027435,-0.037273287773132324
img_0118.jpeg,mobilenetv3,resnet50,resize_75pct,True,0.16758309304714203,0.11415217816829681,0.053430914878845215
img_0118.jpeg,mobilenetv3,vit,none,False,0.8824599981307983,0.8819414973258972,0.000518500804901123
img_0118.jpeg,mobilenetv3,vit,jpeg_q90,False,0.8824599981307983,0.8743095993995667,0.00815039873123169
img_0118.jpeg,mobilenetv3,vit,jpeg_q70,False,0.8824599981307983,0.8838019371032715,-0.0013419389724731445
img_0118.jpeg,mobilenetv3,vit,resize_75pct,False,0.8824599981307983,0.8531796336174011,0.029280364513397217
img_0118.jpeg,vit,resnet50,none,True,0.16758309304714203,0.07320986688137054,0.09437322616577148
img_0118.jpeg,vit,resnet50,jpeg_q90,False,0.16758309304714203,0.13729387521743774,0.030289217829704285
img_0118.jpeg,vit,resnet50,jpeg_q70,False,0.16758309304714203,0.19494222104549408,-0.02735912799835205
img_0118.jpeg,vit,resnet50,resize_75pct,True,0.16758309304714203,0.14689013361930847,0.020692959427833557
img_0118.jpeg,vit,mobilenetv3,none,True,0.08985751867294312,0.039008475840091705,0.05084904283285141
img_0118.jpeg,vit,mobilenetv3,jpeg_q90,False,0.08985751867294312,0.06701388210058212,0.022843636572360992
img_0118.jpeg,vit,mobilenetv3,jpeg_q70,False,0.08985751867294312,0.0788343995809555,0.01102311909198761
img_0118.jpeg,vit,mobilenetv3,resize_75pct,True,0.08985751867294312,0.014474275521934032,0.07538324315100908
img_0119.jpeg,resnet50,mobilenetv3,none,False,0.20062001049518585,0.18915694952011108,0.011463060975074768
img_0119.jpeg,resnet50,mobilenetv3,jpeg_q90,False,0.20062001049518585,0.1787208765745163,0.021899133920669556
img_0119.jpeg,resnet50,mobilenetv3,jpeg_q70,False,0.20062001049518585,0.16254359483718872,0.03807641565799713
img_0119.jpeg,resnet50,mobilenetv3,resize_75pct,False,0.20062001049518585,0.3624745011329651,-0.16185449063777924
img_0119.jpeg,resnet50,vit,none,False,0.5780043601989746,0.52289879322052,0.05510556697845459
img_0119.jpeg,resnet50,vit,jpeg_q90,False,0.5780043601989746,0.5679101943969727,0.010094165802001953
img_0119.jpeg,resnet50,vit,jpeg_q70,False,0.5780043601989746,0.6455090045928955,-0.0675046443939209
img_0119.jpeg,resnet50,vit,resize_75pct,False,0.5780043601989746,0.26026207208633423,0.3177422881126404
img_0119.jpeg,mobilenetv3,resnet50,none,False,0.04601017385721207,0.056402537971735,-0.010392364114522934
img_0119.jpeg,mobilenetv3,resnet50,jpeg_q90,True,0.04601017385721207,0.040691107511520386,0.005319066345691681
img_0119.jpeg,mobilenetv3,resnet50,jpeg_q70,True,0.04601017385721207,0.027717601507902145,0.01829257234930992
img_0119.jpeg,mobilenetv3,resnet50,resize_75pct,False,0.04601017385721207,0.09427810460329056,-0.04826793074607849
img_0119.jpeg,mobilenetv3,vit,none,False,0.5780043601989746,0.6165809035301208,-0.03857654333114624
img_0119.jpeg,mobilenetv3,vit,jpeg_q90,False,0.5780043601989746,0.5275000333786011,0.050504326820373535
img_0119.jpeg,mobilenetv3,vit,jpeg_q70,False,0.5780043601989746,0.6092676520347595,-0.03126329183578491
img_0119.jpeg,mobilenetv3,vit,resize_75pct,False,0.5780043601989746,0.34969568252563477,0.22830867767333984
img_0119.jpeg,vit,resnet50,none,True,0.04601017385721207,0.04262761399149895,0.0033825598657131195
img_0119.jpeg,vit,resnet50,jpeg_q90,True,0.04601017385721207,0.03905163332819939,0.00695854052901268
img_0119.jpeg,vit,resnet50,jpeg_q70,True,0.04601017385721207,0.027639014646410942,0.018371159210801125
img_0119.jpeg,vit,resnet50,resize_75pct,False,0.04601017385721207,0.08111761510372162,-0.03510744124650955
img_0119.jpeg,vit,mobilenetv3,none,False,0.20062001049518585,0.19915904104709625,0.0014609694480895996
img_0119.jpeg,vit,mobilenetv3,jpeg_q90,True,0.20062001049518585,0.13310353457927704,0.06751647591590881
img_0119.jpeg,vit,mobilenetv3,jpeg_q70,True,0.20062001049518585,0.10857243835926056,0.09204757213592529
img_0119.jpeg,vit,mobilenetv3,resize_75pct,False,0.20062001049518585,0.31280648708343506,-0.1121864765882492
