image,source_model,target_model,method,strength,epsilon,source_misclassified,source_confidence_drop,target_original_class,target_cloaked_class,target_original_confidence,target_cloaked_original_class_confidence,target_confidence_drop,prediction_changed
img_0000.jpeg,resnet50,mobilenetv3,fgsm,1.0,0.06,False,0.02766132354736328,482,482,0.27185437083244324,0.20963530242443085,0.06221906840801239,False
img_0000.jpeg,resnet50,vit,fgsm,1.0,0.06,False,0.02766132354736328,482,482,0.7213671207427979,0.6613239049911499,0.06004321575164795,False
img_0000.jpeg,mobilenetv3,resnet50,fgsm,1.0,0.06,True,0.08531992137432098,482,482,0.14567895233631134,0.11791101098060608,0.02776794135570526,False
img_0000.jpeg,mobilenetv3,vit,fgsm,1.0,0.06,True,0.08531992137432098,482,482,0.7213671207427979,0.692162811756134,0.02920430898666382,False
img_0000.jpeg,vit,resnet50,fgsm,1.0,0.06,False,0.08521974086761475,482,482,0.14567895233631134,0.14281412959098816,0.002864822745323181,False
img_0000.jpeg,vit,mobilenetv3,fgsm,1.0,0.06,False,0.08521974086761475,482,453,0.27185437083244324,0.17131121456623077,0.10054315626621246,True
img_0001.jpeg,resnet50,mobilenetv3,fgsm,1.0,0.06,False,0.037615448236465454,232,232,0.22546091675758362,0.1607239842414856,0.06473693251609802,False
img_0001.jpeg,resnet50,vit,fgsm,1.0,0.06,False,0.037615448236465454,232,232,0.4235841929912567,0.2813854217529297,0.14219877123832703,False
img_0001.jpeg,mobilenetv3,resnet50,fgsm,1.0,0.06,True,0.07967199385166168,232,157,0.24780040979385376,0.10322904586791992,0.14457136392593384,True
img_0001.jpeg,mobilenetv3,vit,fgsm,1.0,0.06,True,0.07967199385166168,232,232,0.4235841929912567,0.2866717278957367,0.13691246509552002,False
img_0001.jpeg,vit,resnet50,fgsm,1.0,0.06,False,0.19875115156173706,232,232,0.24780040979385376,0.16111761331558228,0.08668279647827148,False
img_0001.jpeg,vit,mobilenetv3,fgsm,1.0,0.06,False,0.19875115156173706,232,232,0.22546091675758362,0.22066007554531097,0.004800841212272644,False
img_0002.jpeg,resnet50,mobilenetv3,fgsm,1.0,0.06,False,0.006446421146392822,0,0,0.7345413565635681,0.7523926496505737,-0.017851293087005615,False
img_0002.jpeg,resnet50,vit,fgsm,1.0,0.06,False,0.006446421146392822,0,0,0.8932769894599915,0.8652113080024719,0.02806568145751953,False
img_0002.jpeg,mobilenetv3,resnet50,fgsm,1.0,0.06,False,0.03752315044403076,0,0,0.4373414218425751,0.43063974380493164,0.006701678037643433,False
img_0002.jpeg,mobilenetv3,vit,fgsm,1.0,0.06,False,0.03752315044403076,0,0,0.8932769894599915,0.8808784484863281,0.01239854097366333,False
img_0002.jpeg,vit,resnet50,fgsm,1.0,0.06,False,0.03647661209106445,0,0,0.4373414218425751,0.4933450222015381,-0.05600360035896301,False
img_0002.jpeg,vit,mobilenetv3,fgsm,1.0,0.06,False,0.03647661209106445,0,0,0.7345413565635681,0.7065135836601257,0.028027772903442383,False
img_0003.jpeg,resnet50,mobilenetv3,fgsm,1.0,0.06,False,-0.0074780285358428955,569,569,0.42584559321403503,0.39975249767303467,0.026093095541000366,False
img_0003.jpeg,resnet50,vit,fgsm,1.0,0.06,False,-0.0074780285358428955,569,569,0.8617902994155884,0.835199773311615,0.02659052610397339,False
img_0003.jpeg,mobilenetv3,resnet50,fgsm,1.0,0.06,False,0.17561930418014526,569,569,0.3127364218235016,0.3394402265548706,-0.02670380473136902,False
img_0003.jpeg,mobilenetv3,vit,fgsm,1.0,0.06,False,0.17561930418014526,569,569,0.8617902994155884,0.8450727462768555,0.01671755313873291,False
img_0003.jpeg,vit,resnet50,fgsm,1.0,0.06,False,0.01845461130142212,569,569,0.3127364218235016,0.35400691628456116,-0.04127049446105957,False
img_0003.jpeg,vit,mobilenetv3,fgsm,1.0,0.06,False,0.01845461130142212,569,569,0.42584559321403503,0.3551042377948761,0.07074135541915894,False
img_0004.jpeg,resnet50,mobilenetv3,fgsm,1.0,0.06,False,0.08855107426643372,406,406,0.2784748375415802,0.28720057010650635,-0.008725732564926147,False
img_0004.jpeg,resnet50,vit,fgsm,1.0,0.06,False,0.08855107426643372,884,884,0.27468007802963257,0.2584242820739746,0.01625579595565796,False
img_0004.jpeg,mobilenetv3,resnet50,fgsm,1.0,0.06,False,-0.013935565948486328,884,884,0.467404842376709,0.3932206630706787,0.07418417930603027,False
img_0004.jpeg,mobilenetv3,vit,fgsm,1.0,0.06,False,-0.013935565948486328,884,884,0.27468007802963257,0.2695430815219879,0.005136996507644653,False
img_0004.jpeg,vit,resnet50,fgsm,1.0,0.06,True,0.04485662281513214,884,884,0.467404842376709,0.40767553448677063,0.059729307889938354,False
img_0004.jpeg,vit,mobilenetv3,fgsm,1.0,0.06,True,0.04485662281513214,406,406,0.2784748375415802,0.24278277158737183,0.035692065954208374,False
img_0005.jpeg,resnet50,mobilenetv3,fgsm,1.0,0.06,False,-0.07427722215652466,497,497,0.23404084146022797,0.286197692155838,-0.052156850695610046,False
img_0005.jpeg,resnet50,vit,fgsm,1.0,0.06,False,-0.07427722215652466,497,497,0.5768123269081116,0.6337385177612305,-0.056926190853118896,False
img_0005.jpeg,mobilenetv3,resnet50,fgsm,1.0,0.06,True,0.06224869191646576,497,497,0.2710399031639099,0.37072378396987915,-0.09968388080596924,False
img_0005.jpeg,mobilenetv3,vit,fgsm,1.0,0.06,True,0.06224869191646576,497,497,0.5768123269081116,0.6731138229370117,-0.09630149602890015,False
img_0005.jpeg,vit,resnet50,fgsm,1.0,0.06,False,0.0661497712135315,497,497,0.2710399031639099,0.28810229897499084,-0.017062395811080933,False
img_0005.jpeg,vit,mobilenetv3,fgsm,1.0,0.06,False,0.0661497712135315,497,483,0.23404084146022797,0.19053278863430023,0.043508052825927734,True
img_0006.jpeg,resnet50,mobilenetv3,fgsm,1.0,0.06,False,-0.09597241878509521,491,847,0.38460424542427063,0.15883447229862213,0.2257697731256485,True
img_0006.jpeg,resnet50,vit,fgsm,1.0,0.06,False,-0.09597241878509521,491,491,0.666441023349762,0.6333040595054626,0.033136963844299316,False
img_0006.jpeg,mobilenetv3,resnet50,fgsm,1.0,0.06,True,0.29314371198415756,491,491,0.43073588609695435,0.5643932819366455,-0.13365739583969116,False
img_0006.jpeg,mobilenetv3,vit,fgsm,1.0,0.06,True,0.29314371198415756,491,491,0.666441023349762,0.682040274143219,-0.015599250793457031,False
img_0006.jpeg,vit,resnet50,fgsm,1.0,0.06,False,7.730722427368164e-05,491,491,0.43073588609695435,0.5465089678764343,-0.11577308177947998,False
img_0006.jpeg,vit,mobilenetv3,fgsm,1.0,0.06,False,7.730722427368164e-05,491,847,0.38460424542427063,0.09466032683849335,0.2899439185857773,True
img_0007.jpeg,resnet50,mobilenetv3,fgsm,1.0,0.06,False,0.008235752582550049,763,763,0.1475001573562622,0.2343202531337738,-0.0868200957775116,False
img_0007.jpeg,resnet50,vit,fgsm,1.0,0.06,False,0.008235752582550049,482,482,0.7166397571563721,0.6853116750717163,0.03132808208465576,False
img_0007.jpeg,mobilenetv3,resnet50,fgsm,1.0,0.06,False,-0.05307662487030029,482,482,0.45530715584754944,0.4337596893310547,0.02154746651649475,False
img_0007.jpeg,mobilenetv3,vit,fgsm,1.0,0.06,False,-0.05307662487030029,482,482,0.7166397571563721,0.6689306497573853,0.047709107398986816,False
img_0007.jpeg,vit,resnet50,fgsm,1.0,0.06,False,0.03991788625717163,482,482,0.45530715584754944,0.4554213881492615,-0.00011423230171203613,False
img_0007.jpeg,vit,mobilenetv3,fgsm,1.0,0.06,False,0.03991788625717163,763,763,0.1475001573562622,0.20851966738700867,-0.06101951003074646,False
img_0008.jpeg,resnet50,mobilenetv3,fgsm,1.0,0.06,False,-0.01848304271697998,569,569,0.36780688166618347,0.31647706031799316,0.05132982134819031,False
img_0008.jpeg,resnet50,vit,fgsm,1.0,0.06,False,-0.01848304271697998,569,569,0.8918245434761047,0.8795821070671082,0.012242436408996582,False
img_0008.jpeg,mobilenetv3,resnet50,fgsm,1.0,0.06,False,0.09569233655929565,569,569,0.6156153678894043,0.6279284358024597,-0.01231306791305542,False
img_0008.jpeg,mobilenetv3,vit,fgsm,1.0,0.06,False,0.09569233655929565,569,569,0.8918245434761047,0.8770360946655273,0.014788448810577393,False
img_0008.jpeg,vit,resnet50,fgsm,1.0,0.06,False,0.02951204776763916,569,569,0.6156153678894043,0.6381918787956238,-0.022576510906219482,False
img_0008.jpeg,vit,mobilenetv3,fgsm,1.0,0.06,False,0.02951204776763916,569,569,0.36780688166618347,0.3546338975429535,0.01317298412322998,False
img_0009.jpeg,resnet50,mobilenetv3,fgsm,1.0,0.06,False,0.06090015172958374,188,210,0.22045673429965973,0.19345512986183167,0.027001604437828064,True
img_0009.jpeg,resnet50,vit,fgsm,1.0,0.06,False,0.06090015172958374,217,217,0.5610753893852234,0.5555709600448608,0.005504429340362549,False
img_0009.jpeg,mobilenetv3,resnet50,fgsm,1.0,0.06,False,0.004450500011444092,218,218,0.19858364760875702,0.19546286761760712,0.0031207799911499023,False
img_0009.jpeg,mobilenetv3,vit,fgsm,1.0,0.06,False,0.004450500011444092,217,217,0.5610753893852234,0.5491946339607239,0.011880755424499512,False
img_0009.jpeg,vit,resnet50,fgsm,1.0,0.06,False,0.040257275104522705,218,218,0.19858364760875702,0.21467041969299316,-0.016086772084236145,False
img_0009.jpeg,vit,mobilenetv3,fgsm,1.0,0.06,False,0.040257275104522705,188,210,0.22045673429965973,0.1464458853006363,0.07401084899902344,True
img_0010.jpeg,resnet50,mobilenetv3,fgsm,1.0,0.06,False,0.010938555002212524,884,884,0.19457533955574036,0.2612876892089844,-0.06671234965324402,False
img_0010.jpeg,resnet50,vit,fgsm,1.0,0.06,False,0.010938555002212524,884,884,0.4084884226322174,0.34579017758369446,0.06269824504852295,False
img_0010.jpeg,mobilenetv3,resnet50,fgsm,1.0,0.06,False,-0.08033356070518494,884,884,0.29947182536125183,0.3222208619117737,-0.02274903655052185,False
img_0010.jpeg,mobilenetv3,vit,fgsm,1.0,0.06,False,-0.08033356070518494,884,884,0.4084884226322174,0.3184792697429657,0.09000915288925171,False
img_0010.jpeg,vit,resnet50,fgsm,1.0,0.06,False,0.07541313767433167,884,884,0.29947182536125183,0.32087019085884094,-0.02139836549758911,False
img_0010.jpeg,vit,mobilenetv3,fgsm,1.0,0.06,False,0.07541313767433167,884,884,0.19457533955574036,0.2666530907154083,-0.07207775115966797,False
img_0011.jpeg,resnet50,mobilenetv3,fgsm,1.0,0.06,False,-0.045630455017089844,867,867,0.352973073720932,0.5671157836914062,-0.21414270997047424,False
img_0011.jpeg,resnet50,vit,fgsm,1.0,0.06,False,-0.045630455017089844,569,569,0.7350980639457703,0.6783777475357056,0.0567203164100647,False
img_0011.jpeg,mobilenetv3,resnet50,fgsm,1.0,0.06,False,-0.043020397424697876,569,569,0.2015279233455658,0.21539579331874847,-0.013867869973182678,False
img_0011.jpeg,mobilenetv3,vit,fgsm,1.0,0.06,False,-0.043020397424697876,569,569,0.7350980639457703,0.534788966178894,0.20030909776687622,False
img_0011.jpeg,vit,resnet50,fgsm,1.0,0.06,True,0.46260491013526917,569,569,0.2015279233455658,0.2329101860523224,-0.03138226270675659,False
img_0011.jpeg,vit,mobilenetv3,fgsm,1.0,0.06,True,0.46260491013526917,867,867,0.352973073720932,0.46285682916641235,-0.10988375544548035,False
img_0012.jpeg,resnet50,mobilenetv3,fgsm,1.0,0.06,False,0.10484066605567932,701,701,0.9062068462371826,0.9193229675292969,-0.013116121292114258,False
img_0012.jpeg,resnet50,vit,fgsm,1.0,0.06,False,0.10484066605567932,701,701,0.9007989168167114,0.8664798736572266,0.03431904315948486,False
img_0012.jpeg,mobilenetv3,resnet50,fgsm,1.0,0.06,False,-0.011072218418121338,701,701,0.454108864068985,0.3132483959197998,0.14086046814918518,False
img_0012.jpeg,mobilenetv3,vit,fgsm,1.0,0.06,False,-0.011072218418121338,701,701,0.9007989168167114,0.8715446591377258,0.029254257678985596,False
img_0012.jpeg,vit,resnet50,fgsm,1.0,0.06,False,0.017423689365386963,701,701,0.454108864068985,0.3499123752117157,0.10419648885726929,False
img_0012.jpeg,vit,mobilenetv3,fgsm,1.0,0.06,False,0.017423689365386963,701,701,0.9062068462371826,0.909292995929718,-0.0030861496925354004,False
img_0013.jpeg,resnet50,mobilenetv3,fgsm,1.0,0.06,False,-0.07231466472148895,217,217,0.3951875865459442,0.655936598777771,-0.2607490122318268,False
img_0013.jpeg,resnet50,vit,fgsm,1.0,0.06,False,-0.07231466472148895,217,217,0.6164732575416565,0.6862753033638,-0.06980204582214355,False
img_0013.jpeg,mobilenetv3,resnet50,fgsm,1.0,0.06,False,-0.23509874939918518,217,217,0.2327602058649063,0.34198805689811707,-0.10922785103321075,False
img_0013.jpeg,mobilenetv3,vit,fgsm,1.0,0.06,False,-0.23509874939918518,217,217,0.6164732575416565,0.6763685941696167,-0.059895336627960205,False
img_0013.jpeg,vit,resnet50,fgsm,1.0,0.06,False,-0.05572092533111572,217,217,0.2327602058649063,0.3423338830471039,-0.10957367718219757,False
img_0013.jpeg,vit,mobilenetv3,fgsm,1.0,0.06,False,-0.05572092533111572,217,217,0.3951875865459442,0.5480965375900269,-0.15290895104408264,False
img_0014.jpeg,resnet50,mobilenetv3,fgsm,1.0,0.06,False,-0.0781216025352478,0,0,0.8776636123657227,0.8594075441360474,0.018256068229675293,False
img_0014.jpeg,resnet50,vit,fgsm,1.0,0.06,False,-0.0781216025352478,0,0,0.9145781993865967,0.9031776189804077,0.011400580406188965,False
img_0014.jpeg,mobilenetv3,resnet50,fgsm,1.0,0.06,False,0.033827245235443115,0,0,0.7798291444778442,0.8482059836387634,-0.06837683916091919,False
img_0014.jpeg,mobilenetv3,vit,fgsm,1.0,0.06,False,0.033827245235443115,0,0,0.9145781993865967,0.903460681438446,0.011117517948150635,False
img_0014.jpeg,vit,resnet50,fgsm,1.0,0.06,False,0.02156078815460205,0,0,0.7798291444778442,0.8427901268005371,-0.06296098232269287,False
img_0014.jpeg,vit,mobilenetv3,fgsm,1.0,0.06,False,0.02156078815460205,0,0,0.8776636123657227,0.8287429809570312,0.048920631408691406,False
img_0015.jpeg,resnet50,mobilenetv3,fgsm,1.0,0.06,False,0.01340949535369873,571,571,0.916464626789093,0.9196680784225464,-0.003203451633453369,False
img_0015.jpeg,resnet50,vit,fgsm,1.0,0.06,False,0.01340949535369873,571,571,0.9133005738258362,0.9094999432563782,0.003800630569458008,False
img_0015.jpeg,mobilenetv3,resnet50,fgsm,1.0,0.06,False,0.002229452133178711,571,571,0.5917394161224365,0.5805838704109192,0.011155545711517334,False
img_0015.jpeg,mobilenetv3,vit,fgsm,1.0,0.06,False,0.002229452133178711,571,571,0.9133005738258362,0.8954193592071533,0.01788121461868286,False
img_0015.jpeg,vit,resnet50,fgsm,1.0,0.06,False,0.014109432697296143,571,571,0.5917394161224365,0.5931103229522705,-0.0013709068298339844,False
img_0015.jpeg,vit,mobilenetv3,fgsm,1.0,0.06,False,0.014109432697296143,571,571,0.916464626789093,0.9283242225646973,-0.011859595775604248,False
img_0016.jpeg,resnet50,mobilenetv3,fgsm,1.0,0.06,False,-0.003731638193130493,0,0,0.7447482943534851,0.7539927363395691,-0.009244441986083984,False
img_0016.jpeg,resnet50,vit,fgsm,1.0,0.06,False,-0.003731638193130493,0,0,0.8905162811279297,0.8826730847358704,0.007843196392059326,False
img_0016.jpeg,mobilenetv3,resnet50,fgsm,1.0,0.06,False,-0.009397625923156738,0,0,0.44532355666160583,0.4167827367782593,0.028540819883346558,False
img_0016.jpeg,mobilenetv3,vit,fgsm,1.0,0.06,False,-0.009397625923156738,0,0,0.8905162811279297,0.8596524596214294,0.030863821506500244,False
img_0016.jpeg,vit,resnet50,fgsm,1.0,0.06,False,0.025852084159851074,0,0,0.44532355666160583,0.4385264813899994,0.006797075271606445,False
img_0016.jpeg,vit,mobilenetv3,fgsm,1.0,0.06,False,0.025852084159851074,0,0,0.7447482943534851,0.7441487908363342,0.0005995035171508789,False
img_0017.jpeg,resnet50,mobilenetv3,fgsm,1.0,0.06,True,0.012390293180942535,739,420,0.07435683161020279,0.044828806072473526,0.029528025537729263,True
img_0017.jpeg,resnet50,vit,fgsm,1.0,0.06,True,0.012390293180942535,0,0,0.8444274067878723,0.8150995969772339,0.029327809810638428,False
img_0017.jpeg,mobilenetv3,resnet50,fgsm,1.0,0.06,True,0.04614598676562309,653,653,0.09427524358034134,0.08847493678331375,0.005800306797027588,False
img_0017.jpeg,mobilenetv3,vit,fgsm,1.0,0.06,True,0.04614598676562309,0,0,0.8444274067878723,0.8104449510574341,0.03398245573043823,False
img_0017.jpeg,vit,resnet50,fgsm,1.0,0.06,False,0.06440311670303345,653,469,0.09427524358034134,0.08386613428592682,0.01040910929441452,True
img_0017.jpeg,vit,mobilenetv3,fgsm,1.0,0.06,False,0.06440311670303345,739,428,0.07435683161020279,0.037314124405384064,0.037042707204818726,True
img_0018.jpeg,resnet50,mobilenetv3,fgsm,1.0,0.06,False,-0.09337274730205536,648,217,0.0719422996044159,0.05680745840072632,0.015134841203689575,True
img_0018.jpeg,resnet50,vit,fgsm,1.0,0.06,False,-0.09337274730205536,217,217,0.7764161229133606,0.8306947350502014,-0.05427861213684082,False
img_0018.jpeg,mobilenetv3,resnet50,fgsm,1.0,0.06,True,0.04408862255513668,217,217,0.1944044977426529,0.2662848234176636,-0.07188032567501068,False
img_0018.jpeg,mobilenetv3,vit,fgsm,1.0,0.06,True,0.04408862255513668,217,217,0.7764161229133606,0.8712854385375977,-0.09486931562423706,False
img_0018.jpeg,vit,resnet50,fgsm,1.0,0.06,False,0.15804654359817505,217,217,0.1944044977426529,0.3201653063297272,-0.12576080858707428,False
img_0018.jpeg,vit,mobilenetv3,fgsm,1.0,0.06,False,0.15804654359817505,648,217,0.0719422996044159,0.025159381330013275,0.04678291827440262,True
img_0019.jpeg,resnet50,mobilenetv3,fgsm,1.0,0.06,False,-0.06878936290740967,491,491,0.4223373532295227,0.14065535366535187,0.28168199956417084,False
img_0019.jpeg,resnet50,vit,fgsm,1.0,0.06,False,-0.06878936290740967,491,491,0.9183352589607239,0.9106641411781311,0.0076711177825927734,False
img_0019.jpeg,mobilenetv3,resnet50,fgsm,1.0,0.06,False,-0.042435795068740845,491,491,0.5885186195373535,0.623446524143219,-0.03492790460586548,False
img_0019.jpeg,mobilenetv3,vit,fgsm,1.0,0.06,False,-0.042435795068740845,491,491,0.9183352589607239,0.9263600707054138,-0.008024811744689941,False
img_0019.jpeg,vit,resnet50,fgsm,1.0,0.06,False,0.021613657474517822,491,491,0.5885186195373535,0.6226019263267517,-0.03408330678939819,False
img_0019.jpeg,vit,mobilenetv3,fgsm,1.0,0.06,False,0.021613657474517822,491,491,0.4223373532295227,0.1751757562160492,0.2471615970134735,False
img_0020.jpeg,resnet50,mobilenetv3,fgsm,1.0,0.06,True,0.07302156277000904,663,497,0.40874314308166504,0.1218341737985611,0.28690896928310394,True
img_0020.jpeg,resnet50,vit,fgsm,1.0,0.06,True,0.07302156277000904,807,663,0.39242100715637207,0.08316490799188614,0.30925609916448593,True
img_0020.jpeg,mobilenetv3,resnet50,fgsm,1.0,0.06,False,0.1992986649274826,663,497,0.10012073814868927,0.035841990262269974,0.0642787478864193,True
img_0020.jpeg,mobilenetv3,vit,fgsm,1.0,0.06,False,0.1992986649274826,807,663,0.39242100715637207,0.1513485163450241,0.24107249081134796,True
img_0020.jpeg,vit,resnet50,fgsm,1.0,0.06,True,0.30214956402778625,663,497,0.10012073814868927,0.026220718398690224,0.07390001974999905,True
img_0020.jpeg,vit,mobilenetv3,fgsm,1.0,0.06,True,0.30214956402778625,663,663,0.40874314308166504,0.19455482065677643,0.2141883224248886,False
img_0021.jpeg,resnet50,mobilenetv3,fgsm,1.0,0.06,False,0.06939661502838135,574,574,0.7744113206863403,0.7831293940544128,-0.00871807336807251,False
img_0021.jpeg,resnet50,vit,fgsm,1.0,0.06,False,0.06939661502838135,574,574,0.8766041994094849,0.861269474029541,0.015334725379943848,False
img_0021.jpeg,mobilenetv3,resnet50,fgsm,1.0,0.06,False,-0.07171142101287842,574,574,0.3328618109226227,0.3093471825122833,0.023514628410339355,False
img_0021.jpeg,mobilenetv3,vit,fgsm,1.0,0.06,False,-0.07171142101287842,574,574,0.8766041994094849,0.873623251914978,0.002980947494506836,False
img_0021.jpeg,vit,resnet50,fgsm,1.0,0.06,False,0.0023835301399230957,574,574,0.3328618109226227,0.3476346731185913,-0.014772862195968628,False
img_0021.jpeg,vit,mobilenetv3,fgsm,1.0,0.06,False,0.0023835301399230957,574,574,0.7744113206863403,0.8175272345542908,-0.04311591386795044,False
img_0022.jpeg,resnet50,mobilenetv3,fgsm,1.0,0.06,False,-0.0034995079040527344,217,217,0.1740800440311432,0.2185703068971634,-0.0444902628660202,False
img_0022.jpeg,resnet50,vit,fgsm,1.0,0.06,False,-0.0034995079040527344,250,537,0.3731960356235504,0.3000944256782532,0.07310160994529724,True
img_0022.jpeg,mobilenetv3,resnet50,fgsm,1.0,0.06,False,-0.05624040961265564,472,147,0.058511536568403244,0.043907247483730316,0.014604289084672928,True
img_0022.jpeg,mobilenetv3,vit,fgsm,1.0,0.06,False,-0.05624040961265564,250,250,0.3731960356235504,0.3056641221046448,0.06753191351890564,False
img_0022.jpeg,vit,resnet50,fgsm,1.0,0.06,False,0.047263652086257935,472,147,0.058511536568403244,0.06229323148727417,-0.003781694918870926,True
img_0022.jpeg,vit,mobilenetv3,fgsm,1.0,0.06,False,0.047263652086257935,217,217,0.1740800440311432,0.19584710896015167,-0.021767064929008484,False
img_0023.jpeg,resnet50,mobilenetv3,fgsm,1.0,0.06,False,0.029957294464111328,0,0,0.844376802444458,0.8611578941345215,-0.016781091690063477,False
img_0023.jpeg,resnet50,vit,fgsm,1.0,0.06,False,0.029957294464111328,0,0,0.8780374526977539,0.8697903752326965,0.008247077465057373,False
img_0023.jpeg,mobilenetv3,resnet50,fgsm,1.0,0.06,False,-0.013750076293945312,0,0,0.518490195274353,0.5010881423950195,0.017402052879333496,False
img_0023.jpeg,mobilenetv3,vit,fgsm,1.0,0.06,False,-0.013750076293945312,0,0,0.8780374526977539,0.8731204867362976,0.004916965961456299,False
img_0023.jpeg,vit,resnet50,fgsm,1.0,0.06,False,0.0057485103607177734,0,0,0.518490195274353,0.5145152807235718,0.00397491455078125,False
img_0023.jpeg,vit,mobilenetv3,fgsm,1.0,0.06,False,0.0057485103607177734,0,0,0.844376802444458,0.8607239723205566,-0.016347169876098633,False
img_0024.jpeg,resnet50,mobilenetv3,fgsm,1.0,0.06,False,0.07309085130691528,701,701,0.7754389643669128,0.77544105052948,-2.086162567138672e-06,False
img_0024.jpeg,resnet50,vit,fgsm,1.0,0.06,False,0.07309085130691528,701,701,0.9046617150306702,0.8825284838676453,0.022133231163024902,False
img_0024.jpeg,mobilenetv3,resnet50,fgsm,1.0,0.06,False,-0.09607845544815063,701,701,0.4782409369945526,0.5242704153060913,-0.046029478311538696,False
img_0024.jpeg,mobilenetv3,vit,fgsm,1.0,0.06,False,-0.09607845544815063,701,701,0.9046617150306702,0.8888442516326904,0.015817463397979736,False
img_0024.jpeg,vit,resnet50,fgsm,1.0,0.06,False,0.01713871955871582,701,701,0.4782409369945526,0.37898731231689453,0.09925362467765808,False
img_0024.jpeg,vit,mobilenetv3,fgsm,1.0,0.06,False,0.01713871955871582,701,701,0.7754389643669128,0.8536648154258728,-0.07822585105895996,False
img_0025.jpeg,resnet50,mobilenetv3,fgsm,1.0,0.06,False,0.010315582156181335,389,702,0.0925757884979248,0.02021472342312336,0.07236106507480145,True
img_0025.jpeg,resnet50,vit,fgsm,1.0,0.06,False,0.010315582156181335,602,602,0.7670961022377014,0.8240819573402405,-0.05698585510253906,False
img_0025.jpeg,mobilenetv3,resnet50,fgsm,1.0,0.06,True,0.02642190456390381,602,602,0.06587880849838257,0.08055170625448227,-0.014672897756099701,False
img_0025.jpeg,mobilenetv3,vit,fgsm,1.0,0.06,True,0.02642190456390381,602,602,0.7670961022377014,0.774585485458374,-0.007489383220672607,False
img_0025.jpeg,vit,resnet50,fgsm,1.0,0.06,False,0.010973811149597168,602,602,0.06587880849838257,0.08552014082670212,-0.01964133232831955,False
img_0025.jpeg,vit,mobilenetv3,fgsm,1.0,0.06,False,0.010973811149597168,389,389,0.0925757884979248,0.11737443506717682,-0.024798646569252014,False
img_0026.jpeg,resnet50,mobilenetv3,fgsm,1.0,0.06,False,0.05229771137237549,566,566,0.7186495065689087,0.7170170545578003,0.0016324520111083984,False
img_0026.jpeg,resnet50,vit,fgsm,1.0,0.06,False,0.05229771137237549,566,566,0.9155893921852112,0.9128171801567078,0.002772212028503418,False
img_0026.jpeg,mobilenetv3,resnet50,fgsm,1.0,0.06,False,-0.02327185869216919,566,566,0.5961117148399353,0.5624213814735413,0.03369033336639404,False
img_0026.jpeg,mobilenetv3,vit,fgsm,1.0,0.06,False,-0.02327185869216919,566,566,0.9155893921852112,0.9135341644287109,0.002055227756500244,False
img_0026.jpeg,vit,resnet50,fgsm,1.0,0.06,False,0.009879231452941895,566,566,0.5961117148399353,0.5411367416381836,0.05497497320175171,False
img_0026.jpeg,vit,mobilenetv3,fgsm,1.0,0.06,False,0.009879231452941895,566,566,0.7186495065689087,0.7501822113990784,-0.03153270483016968,False
img_0027.jpeg,resnet50,mobilenetv3,fgsm,1.0,0.06,False,0.10153478384017944,491,491,0.7264399528503418,0.6609092354774475,0.06553071737289429,False
img_0027.jpeg,resnet50,vit,fgsm,1.0,0.06,False,0.10153478384017944,491,491,0.8764698505401611,0.8926570415496826,-0.016187191009521484,False
img_0027.jpeg,mobilenetv3,resnet50,fgsm,1.0,0.06,False,0.02692282199859619,491,491,0.4263151288032532,0.3929911255836487,0.03332400321960449,False
img_0027.jpeg,mobilenetv3,vit,fgsm,1.0,0.06,False,0.02692282199859619,491,491,0.8764698505401611,0.8811060190200806,-0.004636168479919434,False
img_0027.jpeg,vit,resnet50,fgsm,1.0,0.06,False,0.013220608234405518,491,491,0.4263151288032532,0.30842143297195435,0.11789369583129883,False
img_0027.jpeg,vit,mobilenetv3,fgsm,1.0,0.06,False,0.013220608234405518,491,491,0.7264399528503418,0.6501792669296265,0.07626068592071533,False
img_0028.jpeg,resnet50,mobilenetv3,fgsm,1.0,0.06,False,0.024224475026130676,566,566,0.26678574085235596,0.3133912682533264,-0.04660552740097046,False
img_0028.jpeg,resnet50,vit,fgsm,1.0,0.06,False,0.024224475026130676,566,566,0.8607192039489746,0.8283068537712097,0.03241235017776489,False
img_0028.jpeg,mobilenetv3,resnet50,fgsm,1.0,0.06,False,-0.007801413536071777,566,566,0.24450711905956268,0.21876822412014008,0.025738894939422607,False
img_0028.jpeg,mobilenetv3,vit,fgsm,1.0,0.06,False,-0.007801413536071777,566,566,0.8607192039489746,0.8398352861404419,0.020883917808532715,False
img_0028.jpeg,vit,resnet50,fgsm,1.0,0.06,False,0.03418850898742676,566,566,0.24450711905956268,0.22130855917930603,0.023198559880256653,False
img_0028.jpeg,vit,mobilenetv3,fgsm,1.0,0.06,False,0.03418850898742676,566,776,0.26678574085235596,0.2490064948797226,0.017779245972633362,True
img_0029.jpeg,resnet50,mobilenetv3,fgsm,1.0,0.06,False,0.03578692674636841,701,701,0.8806757926940918,0.7461257576942444,0.1345500349998474,False
img_0029.jpeg,resnet50,vit,fgsm,1.0,0.06,False,0.03578692674636841,701,701,0.9112939834594727,0.8947569727897644,0.016537010669708252,False
img_0029.jpeg,mobilenetv3,resnet50,fgsm,1.0,0.06,False,0.11847060918807983,701,701,0.5498722195625305,0.6057062745094299,-0.055834054946899414,False
img_0029.jpeg,mobilenetv3,vit,fgsm,1.0,0.06,False,0.11847060918807983,701,701,0.9112939834594727,0.8914434909820557,0.019850492477416992,False
img_0029.jpeg,vit,resnet50,fgsm,1.0,0.06,False,0.043930768966674805,701,701,0.5498722195625305,0.5451812744140625,0.004690945148468018,False
img_0029.jpeg,vit,mobilenetv3,fgsm,1.0,0.06,False,0.043930768966674805,701,701,0.8806757926940918,0.7934274673461914,0.08724832534790039,False
img_0030.jpeg,resnet50,mobilenetv3,fgsm,1.0,0.06,False,-0.11469215154647827,571,571,0.6362495422363281,0.3011557459831238,0.33509379625320435,False
img_0030.jpeg,resnet50,vit,fgsm,1.0,0.06,False,-0.11469215154647827,571,571,0.8743847012519836,0.8380557894706726,0.036328911781311035,False
img_0030.jpeg,mobilenetv3,resnet50,fgsm,1.0,0.06,False,0.44497476518154144,571,571,0.38147982954978943,0.47723588347435,-0.09575605392456055,False
img_0030.jpeg,mobilenetv3,vit,fgsm,1.0,0.06,False,0.44497476518154144,571,571,0.8743847012519836,0.8816066384315491,-0.00722193717956543,False
img_0030.jpeg,vit,resnet50,fgsm,1.0,0.06,False,0.015352785587310791,571,571,0.38147982954978943,0.3774479925632477,0.004031836986541748,False
img_0030.jpeg,vit,mobilenetv3,fgsm,1.0,0.06,False,0.015352785587310791,571,571,0.6362495422363281,0.4472837448120117,0.1889657974243164,False
img_0031.jpeg,resnet50,mobilenetv3,fgsm,1.0,0.06,False,-0.03941750526428223,491,491,0.2863629162311554,0.3695237934589386,-0.0831608772277832,False
img_0031.jpeg,resnet50,vit,fgsm,1.0,0.06,False,-0.03941750526428223,491,491,0.836679995059967,0.8267646431922913,0.009915351867675781,False
img_0031.jpeg,mobilenetv3,resnet50,fgsm,1.0,0.06,True,0.06554380059242249,491,491,0.22027871012687683,0.2380990833044052,-0.01782037317752838,False
img_0031.jpeg,mobilenetv3,vit,fgsm,1.0,0.06,True,0.06554380059242249,491,491,0.836679995059967,0.7922763228416443,0.044403672218322754,False
img_0031.jpeg,vit,resnet50,fgsm,1.0,0.06,False,0.012701809406280518,491,491,0.22027871012687683,0.21130751073360443,0.0089711993932724,False
img_0031.jpeg,vit,mobilenetv3,fgsm,1.0,0.06,False,0.012701809406280518,491,491,0.2863629162311554,0.29452812671661377,-0.008165210485458374,False
img_0032.jpeg,resnet50,mobilenetv3,fgsm,1.0,0.06,False,0.02562814950942993,571,571,0.8710216879844666,0.9102127552032471,-0.03919106721878052,False
img_0032.jpeg,resnet50,vit,fgsm,1.0,0.06,False,0.02562814950942993,571,571,0.8983063101768494,0.8987336158752441,-0.0004273056983947754,False
img_0032.jpeg,mobilenetv3,resnet50,fgsm,1.0,0.06,False,-0.014667153358459473,571,571,0.7350123524665833,0.7427839636802673,-0.007771611213684082,False
img_0032.jpeg,mobilenetv3,vit,fgsm,1.0,0.06,False,-0.014667153358459473,571,571,0.8983063101768494,0.9070640206336975,-0.008757710456848145,False
img_0032.jpeg,vit,resnet50,fgsm,1.0,0.06,False,-0.0048372745513916016,571,571,0.7350123524665833,0.7440575957298279,-0.009045243263244629,False
img_0032.jpeg,vit,mobilenetv3,fgsm,1.0,0.06,False,-0.0048372745513916016,571,571,0.8710216879844666,0.8986406922340393,-0.027619004249572754,False
img_0033.jpeg,resnet50,mobilenetv3,fgsm,1.0,0.06,False,0.06014752388000488,0,0,0.8261221051216125,0.8270742297172546,-0.0009521245956420898,False
img_0033.jpeg,resnet50,vit,fgsm,1.0,0.06,False,0.06014752388000488,0,0,0.9004624485969543,0.8850279450416565,0.015434503555297852,False
img_0033.jpeg,mobilenetv3,resnet50,fgsm,1.0,0.06,False,-0.004028975963592529,0,0,0.5546080470085144,0.5240983366966248,0.03050971031188965,False
img_0033.jpeg,mobilenetv3,vit,fgsm,1.0,0.06,False,-0.004028975963592529,0,0,0.9004624485969543,0.8635220527648926,0.03694039583206177,False
img_0033.jpeg,vit,resnet50,fgsm,1.0,0.06,False,0.030624806880950928,0,0,0.5546080470085144,0.5428040027618408,0.011804044246673584,False
img_0033.jpeg,vit,mobilenetv3,fgsm,1.0,0.06,False,0.030624806880950928,0,0,0.8261221051216125,0.8108789324760437,0.015243172645568848,False
img_0034.jpeg,resnet50,mobilenetv3,fgsm,1.0,0.06,False,-0.0520862340927124,497,497,0.22843582928180695,0.26500555872917175,-0.03656972944736481,False
img_0034.jpeg,resnet50,vit,fgsm,1.0,0.06,False,-0.0520862340927124,497,497,0.7016157507896423,0.6125031113624573,0.08911263942718506,False
img_0034.jpeg,mobilenetv3,resnet50,fgsm,1.0,0.06,False,0.0328398197889328,497,497,0.1809162050485611,0.2225034534931183,-0.04158724844455719,False
img_0034.jpeg,mobilenetv3,vit,fgsm,1.0,0.06,False,0.0328398197889328,497,497,0.7016157507896423,0.6856756210327148,0.01594012975692749,False
img_0034.jpeg,vit,resnet50,fgsm,1.0,0.06,False,0.08675199747085571,497,497,0.1809162050485611,0.20026519894599915,-0.01934899389743805,False
img_0034.jpeg,vit,mobilenetv3,fgsm,1.0,0.06,False,0.08675199747085571,497,497,0.22843582928180695,0.1783507764339447,0.050085052847862244,False
img_0035.jpeg,resnet50,mobilenetv3,fgsm,1.0,0.06,False,0.03728356957435608,701,701,0.6816260814666748,0.8617784976959229,-0.18015241622924805,False
img_0035.jpeg,resnet50,vit,fgsm,1.0,0.06,False,0.03728356957435608,701,701,0.9058637619018555,0.8858318328857422,0.02003192901611328,False
img_0035.jpeg,mobilenetv3,resnet50,fgsm,1.0,0.06,False,-0.1477678418159485,701,701,0.46979373693466187,0.45937487483024597,0.010418862104415894,False
img_0035.jpeg,mobilenetv3,vit,fgsm,1.0,0.06,False,-0.1477678418159485,701,701,0.9058637619018555,0.8954358696937561,0.010427892208099365,False
img_0035.jpeg,vit,resnet50,fgsm,1.0,0.06,False,0.013056337833404541,701,701,0.46979373693466187,0.4693635404109955,0.00043019652366638184,False
img_0035.jpeg,vit,mobilenetv3,fgsm,1.0,0.06,False,0.013056337833404541,701,701,0.6816260814666748,0.5960286259651184,0.0855974555015564,False
img_0036.jpeg,resnet50,mobilenetv3,fgsm,1.0,0.06,False,-0.0354783833026886,0,0,0.7959108352661133,0.8008401989936829,-0.00492936372756958,False
img_0036.jpeg,resnet50,vit,fgsm,1.0,0.06,False,-0.0354783833026886,0,0,0.8786519765853882,0.8645231127738953,0.01412886381149292,False
img_0036.jpeg,mobilenetv3,resnet50,fgsm,1.0,0.06,False,-0.002431809902191162,0,0,0.30187323689460754,0.32223209738731384,-0.0203588604927063,False
img_0036.jpeg,mobilenetv3,vit,fgsm,1.0,0.06,False,-0.002431809902191162,0,0,0.8786519765853882,0.8741896748542786,0.004462301731109619,False
img_0036.jpeg,vit,resnet50,fgsm,1.0,0.06,False,0.00924217700958252,0,0,0.30187323689460754,0.32184070348739624,-0.019967466592788696,False
img_0036.jpeg,vit,mobilenetv3,fgsm,1.0,0.06,False,0.00924217700958252,0,0,0.7959108352661133,0.7941666841506958,0.0017441511154174805,False
img_0037.jpeg,resnet50,mobilenetv3,fgsm,1.0,0.06,False,-0.015717923641204834,621,621,0.12296920269727707,0.13239601254463196,-0.009426809847354889,False
img_0037.jpeg,resnet50,vit,fgsm,1.0,0.06,False,-0.015717923641204834,571,571,0.879620373249054,0.8482478260993958,0.0313725471496582,False
img_0037.jpeg,mobilenetv3,resnet50,fgsm,1.0,0.06,False,0.022392086684703827,571,571,0.7208507657051086,0.7549422979354858,-0.0340915322303772,False
img_0037.jpeg,mobilenetv3,vit,fgsm,1.0,0.06,False,0.022392086684703827,571,571,0.879620373249054,0.8442232012748718,0.03539717197418213,False
img_0037.jpeg,vit,resnet50,fgsm,1.0,0.06,False,0.008324801921844482,571,571,0.7208507657051086,0.738569438457489,-0.01771867275238037,False
img_0037.jpeg,vit,mobilenetv3,fgsm,1.0,0.06,False,0.008324801921844482,621,621,0.12296920269727707,0.12429662048816681,-0.00132741779088974,False
img_0038.jpeg,resnet50,mobilenetv3,fgsm,1.0,0.06,False,0.03707459568977356,701,701,0.6036242246627808,0.43458303809165955,0.16904118657112122,False
img_0038.jpeg,resnet50,vit,fgsm,1.0,0.06,False,0.03707459568977356,701,701,0.8884575963020325,0.886113703250885,0.002343893051147461,False
img_0038.jpeg,mobilenetv3,resnet50,fgsm,1.0,0.06,False,0.030140221118927002,701,701,0.2210792750120163,0.1823001205921173,0.03877915441989899,False
img_0038.jpeg,mobilenetv3,vit,fgsm,1.0,0.06,False,0.030140221118927002,701,701,0.8884575963020325,0.8848730325698853,0.003584563732147217,False
img_0038.jpeg,vit,resnet50,fgsm,1.0,0.06,False,0.00526958703994751,701,701,0.2210792750120163,0.24386203289031982,-0.022782757878303528,False
img_0038.jpeg,vit,mobilenetv3,fgsm,1.0,0.06,False,0.00526958703994751,701,701,0.6036242246627808,0.5497428774833679,0.05388134717941284,False
img_0039.jpeg,resnet50,mobilenetv3,fgsm,1.0,0.06,False,0.009580790996551514,482,482,0.6792068481445312,0.6969327330589294,-0.017725884914398193,False
img_0039.jpeg,resnet50,vit,fgsm,1.0,0.06,False,0.009580790996551514,482,482,0.873366117477417,0.8502203226089478,0.02314579486846924,False
img_0039.jpeg,mobilenetv3,resnet50,fgsm,1.0,0.06,False,0.004834890365600586,482,482,0.8004207611083984,0.7671751976013184,0.03324556350708008,False
img_0039.jpeg,mobilenetv3,vit,fgsm,1.0,0.06,False,0.004834890365600586,482,482,0.873366117477417,0.855137288570404,0.01822882890701294,False
img_0039.jpeg,vit,resnet50,fgsm,1.0,0.06,False,0.037606000900268555,482,482,0.8004207611083984,0.7779462337493896,0.02247452735900879,False
img_0039.jpeg,vit,mobilenetv3,fgsm,1.0,0.06,False,0.037606000900268555,482,482,0.6792068481445312,0.749788761138916,-0.07058191299438477,False
img_0040.jpeg,resnet50,mobilenetv3,fgsm,1.0,0.06,False,0.004482090473175049,566,566,0.8241838812828064,0.8234250545501709,0.000758826732635498,False
img_0040.jpeg,resnet50,vit,fgsm,1.0,0.06,False,0.004482090473175049,566,566,0.9081261157989502,0.8941766023635864,0.01394951343536377,False
img_0040.jpeg,mobilenetv3,resnet50,fgsm,1.0,0.06,False,-0.0020402073860168457,566,566,0.6230971217155457,0.6581714749336243,-0.03507435321807861,False
img_0040.jpeg,mobilenetv3,vit,fgsm,1.0,0.06,False,-0.0020402073860168457,566,566,0.9081261157989502,0.9064545035362244,0.00167161226272583,False
img_0040.jpeg,vit,resnet50,fgsm,1.0,0.06,False,0.003934264183044434,566,566,0.6230971217155457,0.6427353024482727,-0.01963818073272705,False
img_0040.jpeg,vit,mobilenetv3,fgsm,1.0,0.06,False,0.003934264183044434,566,566,0.8241838812828064,0.833225667476654,-0.009041786193847656,False
img_0041.jpeg,resnet50,mobilenetv3,fgsm,1.0,0.06,False,-0.03277158737182617,571,571,0.8934749960899353,0.9292567372322083,-0.03578174114227295,False
img_0041.jpeg,resnet50,vit,fgsm,1.0,0.06,False,-0.03277158737182617,571,571,0.9046093225479126,0.8968538641929626,0.007755458354949951,False
img_0041.jpeg,mobilenetv3,resnet50,fgsm,1.0,0.06,False,-0.03558027744293213,571,571,0.40779027342796326,0.4257565438747406,-0.017966270446777344,False
img_0041.jpeg,mobilenetv3,vit,fgsm,1.0,0.06,False,-0.03558027744293213,571,571,0.9046093225479126,0.8800013065338135,0.02460801601409912,False
img_0041.jpeg,vit,resnet50,fgsm,1.0,0.06,False,0.008122146129608154,571,571,0.40779027342796326,0.4382511377334595,-0.030460864305496216,False
img_0041.jpeg,vit,mobilenetv3,fgsm,1.0,0.06,False,0.008122146129608154,571,571,0.8934749960899353,0.912691593170166,-0.019216597080230713,False
img_0042.jpeg,resnet50,mobilenetv3,fgsm,1.0,0.06,False,0.05386507511138916,566,566,0.40780699253082275,0.4874071776866913,-0.07960018515586853,False
img_0042.jpeg,resnet50,vit,fgsm,1.0,0.06,False,0.05386507511138916,566,566,0.8472879528999329,0.8136882185935974,0.03359973430633545,False
img_0042.jpeg,mobilenetv3,resnet50,fgsm,1.0,0.06,False,-0.04394713044166565,566,566,0.41136375069618225,0.39890584349632263,0.01245790719985962,False
img_0042.jpeg,mobilenetv3,vit,fgsm,1.0,0.06,False,-0.04394713044166565,566,566,0.8472879528999329,0.8270134329795837,0.02027451992034912,False
img_0042.jpeg,vit,resnet50,fgsm,1.0,0.06,False,0.04674839973449707,566,566,0.41136375069618225,0.41672125458717346,-0.005357503890991211,False
img_0042.jpeg,vit,mobilenetv3,fgsm,1.0,0.06,False,0.04674839973449707,566,566,0.40780699253082275,0.413540780544281,-0.005733788013458252,False
img_0043.jpeg,resnet50,mobilenetv3,fgsm,1.0,0.06,False,0.05308704078197479,663,663,0.4956151843070984,0.4782664477825165,0.01734873652458191,False
img_0043.jpeg,resnet50,vit,fgsm,1.0,0.06,False,0.05308704078197479,663,406,0.3235841393470764,0.24054434895515442,0.083039790391922,True
img_0043.jpeg,mobilenetv3,resnet50,fgsm,1.0,0.06,False,0.005980014801025391,663,663,0.28095200657844543,0.2244613766670227,0.05649062991142273,False
img_0043.jpeg,mobilenetv3,vit,fgsm,1.0,0.06,False,0.005980014801025391,663,663,0.3235841393470764,0.26064375042915344,0.06294038891792297,False
img_0043.jpeg,vit,resnet50,fgsm,1.0,0.06,False,0.06359317898750305,663,663,0.28095200657844543,0.22474661469459534,0.0562053918838501,False
img_0043.jpeg,vit,mobilenetv3,fgsm,1.0,0.06,False,0.06359317898750305,663,663,0.4956151843070984,0.5148401260375977,-0.019224941730499268,False
img_0044.jpeg,resnet50,mobilenetv3,fgsm,1.0,0.06,False,0.08973321318626404,485,485,0.44048237800598145,0.4351067841053009,0.005375593900680542,False
img_0044.jpeg,resnet50,vit,fgsm,1.0,0.06,False,0.08973321318626404,482,482,0.5020248293876648,0.3902837038040161,0.11174112558364868,False
img_0044.jpeg,mobilenetv3,resnet50,fgsm,1.0,0.06,False,-0.016711652278900146,482,482,0.32171428203582764,0.26200953125953674,0.059704750776290894,False
img_0044.jpeg,mobilenetv3,vit,fgsm,1.0,0.06,False,-0.016711652278900146,482,482,0.5020248293876648,0.3706921935081482,0.1313326358795166,False
img_0044.jpeg,vit,resnet50,fgsm,1.0,0.06,False,0.20122385025024414,482,482,0.32171428203582764,0.23623134195804596,0.08548294007778168,False
img_0044.jpeg,vit,mobilenetv3,fgsm,1.0,0.06,False,0.20122385025024414,485,485,0.44048237800598145,0.45006105303764343,-0.009578675031661987,False
img_0045.jpeg,resnet50,mobilenetv3,fgsm,1.0,0.06,False,-0.038958191871643066,491,491,0.9773426055908203,0.9573413729667664,0.020001232624053955,False
img_0045.jpeg,resnet50,vit,fgsm,1.0,0.06,False,-0.038958191871643066,491,491,0.9186056852340698,0.923176109790802,-0.004570424556732178,False
img_0045.jpeg,mobilenetv3,resnet50,fgsm,1.0,0.06,False,0.021077096462249756,491,491,0.2796010971069336,0.3235892355442047,-0.04398813843727112,False
img_0045.jpeg,mobilenetv3,vit,fgsm,1.0,0.06,False,0.021077096462249756,491,491,0.9186056852340698,0.9151949286460876,0.0034107565879821777,False
img_0045.jpeg,vit,resnet50,fgsm,1.0,0.06,False,-0.0009975433349609375,491,491,0.2796010971069336,0.33626067638397217,-0.056659579277038574,False
img_0045.jpeg,vit,mobilenetv3,fgsm,1.0,0.06,False,-0.0009975433349609375,491,491,0.9773426055908203,0.9692696332931519,0.008072972297668457,False
img_0046.jpeg,resnet50,mobilenetv3,fgsm,1.0,0.06,False,0.012193918228149414,571,571,0.8183420896530151,0.7022018432617188,0.11614024639129639,False
img_0046.jpeg,resnet50,vit,fgsm,1.0,0.06,False,0.012193918228149414,571,571,0.8189462423324585,0.7997402548789978,0.019205987453460693,False
img_0046.jpeg,mobilenetv3,resnet50,fgsm,1.0,0.06,False,0.1086341142654419,571,571,0.5594557523727417,0.5579132437705994,0.001542508602142334,False
img_0046.jpeg,mobilenetv3,vit,fgsm,1.0,0.06,False,0.1086341142654419,571,571,0.8189462423324585,0.8190042972564697,-5.805492401123047e-05,False
img_0046.jpeg,vit,resnet50,fgsm,1.0,0.06,False,0.02203059196472168,571,571,0.5594557523727417,0.4811469316482544,0.0783088207244873,False
img_0046.jpeg,vit,mobilenetv3,fgsm,1.0,0.06,False,0.02203059196472168,571,571,0.8183420896530151,0.8093541264533997,0.008987963199615479,False
img_0047.jpeg,resnet50,mobilenetv3,fgsm,1.0,0.06,False,0.024557650089263916,566,566,0.7470846176147461,0.7516615390777588,-0.004576921463012695,False
img_0047.jpeg,resnet50,vit,fgsm,1.0,0.06,False,0.024557650089263916,566,566,0.9055694937705994,0.8870106935501099,0.018558800220489502,False
img_0047.jpeg,mobilenetv3,resnet50,fgsm,1.0,0.06,False,0.013360381126403809,566,566,0.4053751230239868,0.4337180256843567,-0.028342902660369873,False
img_0047.jpeg,mobilenetv3,vit,fgsm,1.0,0.06,False,0.013360381126403809,566,566,0.9055694937705994,0.888451099395752,0.017118394374847412,False
img_0047.jpeg,vit,resnet50,fgsm,1.0,0.06,False,0.029272854328155518,566,566,0.4053751230239868,0.4287296235561371,-0.02335450053215027,False
img_0047.jpeg,vit,mobilenetv3,fgsm,1.0,0.06,False,0.029272854328155518,566,566,0.7470846176147461,0.7832741141319275,-0.036189496517181396,False
img_0048.jpeg,resnet50,mobilenetv3,fgsm,1.0,0.06,False,-0.03234153985977173,217,217,0.19844302535057068,0.2966914474964142,-0.0982484221458435,False
img_0048.jpeg,resnet50,vit,fgsm,1.0,0.06,False,-0.03234153985977173,217,217,0.8877972364425659,0.9161326289176941,-0.028335392475128174,False
img_0048.jpeg,mobilenetv3,resnet50,fgsm,1.0,0.06,False,-0.16729050874710083,217,217,0.15676920115947723,0.21632735431194305,-0.05955815315246582,False
img_0048.jpeg,mobilenetv3,vit,fgsm,1.0,0.06,False,-0.16729050874710083,217,217,0.8877972364425659,0.9238695502281189,-0.03607231378555298,False
img_0048.jpeg,vit,resnet50,fgsm,1.0,0.06,False,-0.020759880542755127,217,217,0.15676920115947723,0.14690959453582764,0.009859606623649597,False
img_0048.jpeg,vit,mobilenetv3,fgsm,1.0,0.06,False,-0.020759880542755127,217,217,0.19844302535057068,0.22472023963928223,-0.026277214288711548,False
img_0049.jpeg,resnet50,mobilenetv3,fgsm,1.0,0.06,False,-0.058003947138786316,217,217,0.672355055809021,0.7692893743515015,-0.09693431854248047,False
img_0049.jpeg,resnet50,vit,fgsm,1.0,0.06,False,-0.058003947138786316,217,217,0.6813379526138306,0.7466405630111694,-0.06530261039733887,False
img_0049.jpeg,mobilenetv3,resnet50,fgsm,1.0,0.06,False,-0.11055117845535278,217,217,0.23336081206798553,0.30955418944358826,-0.07619337737560272,False
img_0049.jpeg,mobilenetv3,vit,fgsm,1.0,0.06,False,-0.11055117845535278,217,217,0.6813379526138306,0.7744631767272949,-0.09312522411346436,False
img_0049.jpeg,vit,resnet50,fgsm,1.0,0.06,False,0.0421409010887146,217,217,0.23336081206798553,0.28999561071395874,-0.056634798645973206,False
img_0049.jpeg,vit,mobilenetv3,fgsm,1.0,0.06,False,0.0421409010887146,217,217,0.672355055809021,0.7094568610191345,-0.037101805210113525,False
img_0050.jpeg,resnet50,mobilenetv3,fgsm,1.0,0.06,False,-0.07453721761703491,867,867,0.07702046632766724,0.10833075642585754,-0.03131029009819031,False
img_0050.jpeg,resnet50,vit,fgsm,1.0,0.06,False,-0.07453721761703491,569,569,0.8630295991897583,0.8304098844528198,0.03261971473693848,False
img_0050.jpeg,mobilenetv3,resnet50,fgsm,1.0,0.06,True,-0.018460698425769806,569,569,0.4496908187866211,0.5455547571182251,-0.095863938331604,False
img_0050.jpeg,mobilenetv3,vit,fgsm,1.0,0.06,True,-0.018460698425769806,569,569,0.8630295991897583,0.8312042355537415,0.031825363636016846,False
img_0050.jpeg,vit,resnet50,fgsm,1.0,0.06,False,0.051055073738098145,569,569,0.4496908187866211,0.3934939503669739,0.05619686841964722,False
img_0050.jpeg,vit,mobilenetv3,fgsm,1.0,0.06,False,0.051055073738098145,867,867,0.07702046632766724,0.08693139255046844,-0.009910926222801208,False
img_0051.jpeg,resnet50,mobilenetv3,fgsm,1.0,0.06,False,0.007097259163856506,217,217,0.2980855405330658,0.38973504304885864,-0.09164950251579285,False
img_0051.jpeg,resnet50,vit,fgsm,1.0,0.06,False,0.007097259163856506,217,217,0.5414739847183228,0.6040967106819153,-0.06262272596359253,False
img_0051.jpeg,mobilenetv3,resnet50,fgsm,1.0,0.06,False,-0.13178223371505737,217,217,0.17949342727661133,0.19243450462818146,-0.01294107735157013,False
img_0051.jpeg,mobilenetv3,vit,fgsm,1.0,0.06,False,-0.13178223371505737,217,217,0.5414739847183228,0.5911908745765686,-0.04971688985824585,False
img_0051.jpeg,vit,resnet50,fgsm,1.0,0.06,False,-0.012936055660247803,217,217,0.17949342727661133,0.15152952075004578,0.027963906526565552,False
img_0051.jpeg,vit,mobilenetv3,fgsm,1.0,0.06,False,-0.012936055660247803,217,217,0.2980855405330658,0.3694261908531189,-0.0713406503200531,False
img_0052.jpeg,resnet50,mobilenetv3,fgsm,1.0,0.06,False,0.055673301219940186,675,675,0.48658445477485657,0.5154962539672852,-0.02891179919242859,False
img_0052.jpeg,resnet50,vit,fgsm,1.0,0.06,False,0.055673301219940186,569,569,0.6351425051689148,0.6320757269859314,0.0030667781829833984,False
img_0052.jpeg,mobilenetv3,resnet50,fgsm,1.0,0.06,False,-0.03042539954185486,675,675,0.35227856040000916,0.3591800034046173,-0.006901443004608154,False
img_0052.jpeg,mobilenetv3,vit,fgsm,1.0,0.06,False,-0.03042539954185486,569,569,0.6351425051689148,0.5978317856788635,0.03731071949005127,False
img_0052.jpeg,vit,resnet50,fgsm,1.0,0.06,False,0.03719228506088257,675,675,0.35227856040000916,0.3482471704483032,0.004031389951705933,False
img_0052.jpeg,vit,mobilenetv3,fgsm,1.0,0.06,False,0.03719228506088257,675,675,0.48658445477485657,0.5172820091247559,-0.030697554349899292,False
img_0053.jpeg,resnet50,mobilenetv3,fgsm,1.0,0.06,False,-0.029798388481140137,566,566,0.8930761218070984,0.8887004256248474,0.0043756961822509766,False
img_0053.jpeg,resnet50,vit,fgsm,1.0,0.06,False,-0.029798388481140137,566,566,0.8646544814109802,0.871907651424408,-0.007253170013427734,False
img_0053.jpeg,mobilenetv3,resnet50,fgsm,1.0,0.06,False,-0.002214491367340088,566,566,0.5877607464790344,0.5753774642944336,0.01238328218460083,False
img_0053.jpeg,mobilenetv3,vit,fgsm,1.0,0.06,False,-0.002214491367340088,566,566,0.8646544814109802,0.8739150166511536,-0.00926053524017334,False
img_0053.jpeg,vit,resnet50,fgsm,1.0,0.06,False,0.02588033676147461,566,566,0.5877607464790344,0.6048629879951477,-0.01710224151611328,False
img_0053.jpeg,vit,mobilenetv3,fgsm,1.0,0.06,False,0.02588033676147461,566,566,0.8930761218070984,0.8816410303115845,0.011435091495513916,False
img_0054.jpeg,resnet50,mobilenetv3,fgsm,1.0,0.06,False,0.023883283138275146,218,218,0.29074040055274963,0.278048038482666,0.012692362070083618,False
img_0054.jpeg,resnet50,vit,fgsm,1.0,0.06,False,0.023883283138275146,217,217,0.4183747470378876,0.654033362865448,-0.23565861582756042,False
img_0054.jpeg,mobilenetv3,resnet50,fgsm,1.0,0.06,False,0.01792752742767334,218,217,0.23276405036449432,0.14197152853012085,0.09079252183437347,True
img_0054.jpeg,mobilenetv3,vit,fgsm,1.0,0.06,False,0.01792752742767334,217,217,0.4183747470378876,0.6940054893493652,-0.27563074231147766,False
img_0054.jpeg,vit,resnet50,fgsm,1.0,0.06,False,-0.12831464409828186,218,218,0.23276405036449432,0.19817420840263367,0.03458984196186066,False
img_0054.jpeg,vit,mobilenetv3,fgsm,1.0,0.06,False,-0.12831464409828186,218,218,0.29074040055274963,0.26179084181785583,0.0289495587348938,False
img_0055.jpeg,resnet50,mobilenetv3,fgsm,1.0,0.06,False,0.18597766757011414,663,483,0.3298478126525879,0.16911642253398895,0.16073139011859894,True
img_0055.jpeg,resnet50,vit,fgsm,1.0,0.06,False,0.18597766757011414,663,698,0.3253239393234253,0.07457897812128067,0.2507449612021446,True
img_0055.jpeg,mobilenetv3,resnet50,fgsm,1.0,0.06,True,0.1368432193994522,663,663,0.3638160824775696,0.2226129025220871,0.14120317995548248,False
img_0055.jpeg,mobilenetv3,vit,fgsm,1.0,0.06,True,0.1368432193994522,663,698,0.3253239393234253,0.055010221898555756,0.27031371742486954,True
img_0055.jpeg,vit,resnet50,fgsm,1.0,0.06,True,0.2773095592856407,663,663,0.3638160824775696,0.1601269394159317,0.20368914306163788,False
img_0055.jpeg,vit,mobilenetv3,fgsm,1.0,0.06,True,0.2773095592856407,663,483,0.3298478126525879,0.1552591323852539,0.17458868026733398,True
img_0056.jpeg,resnet50,mobilenetv3,fgsm,1.0,0.06,False,0.24781262874603271,701,701,0.7451712489128113,0.47857335209846497,0.2665978968143463,False
img_0056.jpeg,resnet50,vit,fgsm,1.0,0.06,False,0.24781262874603271,701,701,0.9226757287979126,0.8970176577568054,0.025658071041107178,False
img_0056.jpeg,mobilenetv3,resnet50,fgsm,1.0,0.06,False,0.1349954605102539,701,701,0.6397291421890259,0.4684861898422241,0.17124295234680176,False
img_0056.jpeg,mobilenetv3,vit,fgsm,1.0,0.06,False,0.1349954605102539,701,701,0.9226757287979126,0.9042560458183289,0.01841968297958374,False
img_0056.jpeg,vit,resnet50,fgsm,1.0,0.06,False,0.01825469732284546,701,701,0.6397291421890259,0.2854870557785034,0.35424208641052246,False
img_0056.jpeg,vit,mobilenetv3,fgsm,1.0,0.06,False,0.01825469732284546,701,701,0.7451712489128113,0.4825693368911743,0.26260191202163696,False
img_0057.jpeg,resnet50,mobilenetv3,fgsm,1.0,0.06,False,-0.03063341975212097,0,0,0.8739657998085022,0.8738340735435486,0.00013172626495361328,False
img_0057.jpeg,resnet50,vit,fgsm,1.0,0.06,False,-0.03063341975212097,0,0,0.8726766705513,0.8715739250183105,0.001102745532989502,False
img_0057.jpeg,mobilenetv3,resnet50,fgsm,1.0,0.06,False,-0.0007968544960021973,0,0,0.4666602313518524,0.4494003355503082,0.01725989580154419,False
img_0057.jpeg,mobilenetv3,vit,fgsm,1.0,0.06,False,-0.0007968544960021973,0,0,0.8726766705513,0.8707438707351685,0.0019327998161315918,False
img_0057.jpeg,vit,resnet50,fgsm,1.0,0.06,False,0.03877425193786621,0,0,0.4666602313518524,0.4917925000190735,-0.02513226866722107,False
img_0057.jpeg,vit,mobilenetv3,fgsm,1.0,0.06,False,0.03877425193786621,0,0,0.8739657998085022,0.8793622255325317,-0.005396425724029541,False
img_0058.jpeg,resnet50,mobilenetv3,fgsm,1.0,0.06,False,-0.07558459043502808,569,569,0.7093473672866821,0.7147209644317627,-0.005373597145080566,False
img_0058.jpeg,resnet50,vit,fgsm,1.0,0.06,False,-0.07558459043502808,569,569,0.9157935976982117,0.9136465191841125,0.002147078514099121,False
img_0058.jpeg,mobilenetv3,resnet50,fgsm,1.0,0.06,False,-0.06600606441497803,569,569,0.3042413294315338,0.3966227173805237,-0.09238138794898987,False
img_0058.jpeg,mobilenetv3,vit,fgsm,1.0,0.06,False,-0.06600606441497803,569,569,0.9157935976982117,0.9110236167907715,0.0047699809074401855,False
img_0058.jpeg,vit,resnet50,fgsm,1.0,0.06,False,0.008636891841888428,569,569,0.3042413294315338,0.4304061532020569,-0.12616482377052307,False
img_0058.jpeg,vit,mobilenetv3,fgsm,1.0,0.06,False,0.008636891841888428,569,569,0.7093473672866821,0.8346630334854126,-0.12531566619873047,False
img_0059.jpeg,resnet50,mobilenetv3,fgsm,1.0,0.06,False,-0.159723699092865,571,571,0.49938681721687317,0.6591380834579468,-0.1597512662410736,False
img_0059.jpeg,resnet50,vit,fgsm,1.0,0.06,False,-0.159723699092865,571,571,0.8997272849082947,0.8861734867095947,0.013553798198699951,False
img_0059.jpeg,mobilenetv3,resnet50,fgsm,1.0,0.06,False,-0.09156295657157898,571,571,0.6028074026107788,0.6850845813751221,-0.08227717876434326,False
img_0059.jpeg,mobilenetv3,vit,fgsm,1.0,0.06,False,-0.09156295657157898,571,571,0.8997272849082947,0.885292649269104,0.014434635639190674,False
img_0059.jpeg,vit,resnet50,fgsm,1.0,0.06,False,0.011414766311645508,571,571,0.6028074026107788,0.6576301455497742,-0.05482274293899536,False
img_0059.jpeg,vit,mobilenetv3,fgsm,1.0,0.06,False,0.011414766311645508,571,571,0.49938681721687317,0.6227905750274658,-0.12340375781059265,False
img_0060.jpeg,resnet50,mobilenetv3,fgsm,1.0,0.06,False,0.1274874210357666,701,701,0.7643488049507141,0.7201477289199829,0.0442010760307312,False
img_0060.jpeg,resnet50,vit,fgsm,1.0,0.06,False,0.1274874210357666,701,701,0.8684702515602112,0.8639663457870483,0.004503905773162842,False
img_0060.jpeg,mobilenetv3,resnet50,fgsm,1.0,0.06,False,0.020316600799560547,701,701,0.6573088765144348,0.6273986101150513,0.029910266399383545,False
img_0060.jpeg,mobilenetv3,vit,fgsm,1.0,0.06,False,0.020316600799560547,701,701,0.8684702515602112,0.859320342540741,0.009149909019470215,False
img_0060.jpeg,vit,resnet50,fgsm,1.0,0.06,False,0.013203978538513184,701,701,0.6573088765144348,0.5491165518760681,0.1081923246383667,False
img_0060.jpeg,vit,mobilenetv3,fgsm,1.0,0.06,False,0.013203978538513184,701,701,0.7643488049507141,0.7809242010116577,-0.016575396060943604,False
img_0061.jpeg,resnet50,mobilenetv3,fgsm,1.0,0.06,False,-0.054602622985839844,481,481,0.745200514793396,0.8017047643661499,-0.056504249572753906,False
img_0061.jpeg,resnet50,vit,fgsm,1.0,0.06,False,-0.054602622985839844,481,481,0.8244221806526184,0.8132508993148804,0.011171281337738037,False
img_0061.jpeg,mobilenetv3,resnet50,fgsm,1.0,0.06,False,-0.018760502338409424,481,481,0.5343917608261108,0.5365558862686157,-0.002164125442504883,False
img_0061.jpeg,mobilenetv3,vit,fgsm,1.0,0.06,False,-0.018760502338409424,481,481,0.8244221806526184,0.7865768074989319,0.03784537315368652,False
img_0061.jpeg,vit,resnet50,fgsm,1.0,0.06,False,0.015398561954498291,481,481,0.5343917608261108,0.49571603536605835,0.03867572546005249,False
img_0061.jpeg,vit,mobilenetv3,fgsm,1.0,0.06,False,0.015398561954498291,481,481,0.745200514793396,0.8515925407409668,-0.1063920259475708,False
img_0062.jpeg,resnet50,mobilenetv3,fgsm,1.0,0.06,False,0.040202945470809937,867,867,0.31845155358314514,0.3386988937854767,-0.020247340202331543,False
img_0062.jpeg,resnet50,vit,fgsm,1.0,0.06,False,0.040202945470809937,569,569,0.9043743014335632,0.8923558592796326,0.012018442153930664,False
img_0062.jpeg,mobilenetv3,resnet50,fgsm,1.0,0.06,False,-0.020663589239120483,569,569,0.30604660511016846,0.2708588242530823,0.03518778085708618,False
img_0062.jpeg,mobilenetv3,vit,fgsm,1.0,0.06,False,-0.020663589239120483,569,569,0.9043743014335632,0.89103764295578,0.013336658477783203,False
img_0062.jpeg,vit,resnet50,fgsm,1.0,0.06,False,0.012838184833526611,569,569,0.30604660511016846,0.3376249670982361,-0.03157836198806763,False
img_0062.jpeg,vit,mobilenetv3,fgsm,1.0,0.06,False,0.012838184833526611,867,867,0.31845155358314514,0.30699968338012695,0.011451870203018188,False
img_0063.jpeg,resnet50,mobilenetv3,fgsm,1.0,0.06,True,0.06796868145465851,164,164,0.2783464789390564,0.1382608711719513,0.1400856077671051,False
img_0063.jpeg,resnet50,vit,fgsm,1.0,0.06,True,0.06796868145465851,166,166,0.20137178897857666,0.09477677941322327,0.1065950095653534,False
img_0063.jpeg,mobilenetv3,resnet50,fgsm,1.0,0.06,False,0.16553086787462234,166,166,0.15576383471488953,0.11571209132671356,0.040051743388175964,False
img_0063.jpeg,mobilenetv3,vit,fgsm,1.0,0.06,False,0.16553086787462234,166,276,0.20137178897857666,0.09802061319351196,0.1033511757850647,True
img_0063.jpeg,vit,resnet50,fgsm,1.0,0.06,True,0.13277440518140793,166,232,0.15576383471488953,0.04298152029514313,0.1127823144197464,True
img_0063.jpeg,vit,mobilenetv3,fgsm,1.0,0.06,True,0.13277440518140793,164,166,0.2783464789390564,0.11026495695114136,0.16808152198791504,True
img_0064.jpeg,resnet50,mobilenetv3,fgsm,1.0,0.06,False,-0.046406179666519165,417,978,0.16505274176597595,0.04297212138772011,0.12208062037825584,True
img_0064.jpeg,resnet50,vit,fgsm,1.0,0.06,False,-0.046406179666519165,701,701,0.807965874671936,0.7681069374084473,0.03985893726348877,False
img_0064.jpeg,mobilenetv3,resnet50,fgsm,1.0,0.06,True,0.11864688247442245,701,701,0.27318045496940613,0.3148598372936249,-0.04167938232421875,False
img_0064.jpeg,mobilenetv3,vit,fgsm,1.0,0.06,True,0.11864688247442245,701,701,0.807965874671936,0.7701050043106079,0.037860870361328125,False
img_0064.jpeg,vit,resnet50,fgsm,1.0,0.06,False,0.06207698583602905,701,701,0.27318045496940613,0.27424314618110657,-0.0010626912117004395,False
img_0064.jpeg,vit,mobilenetv3,fgsm,1.0,0.06,False,0.06207698583602905,417,978,0.16505274176597595,0.09479288756847382,0.07025985419750214,True
img_0065.jpeg,resnet50,mobilenetv3,fgsm,1.0,0.06,False,0.0166245698928833,566,566,0.779832124710083,0.8010463118553162,-0.021214187145233154,False
img_0065.jpeg,resnet50,vit,fgsm,1.0,0.06,False,0.0166245698928833,566,566,0.8918935060501099,0.8930026292800903,-0.0011091232299804688,False
img_0065.jpeg,mobilenetv3,resnet50,fgsm,1.0,0.06,False,-0.03961557149887085,566,566,0.49207592010498047,0.5408697128295898,-0.048793792724609375,False
img_0065.jpeg,mobilenetv3,vit,fgsm,1.0,0.06,False,-0.03961557149887085,566,566,0.8918935060501099,0.8948734998703003,-0.0029799938201904297,False
img_0065.jpeg,vit,resnet50,fgsm,1.0,0.06,False,0.007409214973449707,566,566,0.49207592010498047,0.47069862484931946,0.02137729525566101,False
img_0065.jpeg,vit,mobilenetv3,fgsm,1.0,0.06,False,0.007409214973449707,566,566,0.779832124710083,0.6753321290016174,0.10449999570846558,False
img_0066.jpeg,resnet50,mobilenetv3,fgsm,1.0,0.06,False,0.051002055406570435,482,482,0.5487504601478577,0.3981330990791321,0.15061736106872559,False
img_0066.jpeg,resnet50,vit,fgsm,1.0,0.06,False,0.051002055406570435,482,482,0.815360963344574,0.8104279041290283,0.004933059215545654,False
img_0066.jpeg,mobilenetv3,resnet50,fgsm,1.0,0.06,False,0.10685569047927856,482,482,0.512143075466156,0.5217186808586121,-0.009575605392456055,False
img_0066.jpeg,mobilenetv3,vit,fgsm,1.0,0.06,False,0.10685569047927856,482,482,0.815360963344574,0.8068416118621826,0.008519351482391357,False
img_0066.jpeg,vit,resnet50,fgsm,1.0,0.06,False,0.02485811710357666,482,482,0.512143075466156,0.5241744518280029,-0.012031376361846924,False
img_0066.jpeg,vit,mobilenetv3,fgsm,1.0,0.06,False,0.02485811710357666,482,482,0.5487504601478577,0.4622310400009155,0.08651942014694214,False
img_0067.jpeg,resnet50,mobilenetv3,fgsm,1.0,0.06,False,-0.05939984321594238,217,217,0.39378100633621216,0.661291778087616,-0.2675107717514038,False
img_0067.jpeg,resnet50,vit,fgsm,1.0,0.06,False,-0.05939984321594238,217,217,0.8448240756988525,0.8245725035667419,0.020251572132110596,False
img_0067.jpeg,mobilenetv3,resnet50,fgsm,1.0,0.06,False,-0.19145500659942627,217,217,0.3071976602077484,0.32946494221687317,-0.022267282009124756,False
img_0067.jpeg,mobilenetv3,vit,fgsm,1.0,0.06,False,-0.19145500659942627,217,217,0.8448240756988525,0.8015221357345581,0.043301939964294434,False
img_0067.jpeg,vit,resnet50,fgsm,1.0,0.06,False,0.05345970392227173,217,217,0.3071976602077484,0.3641798198223114,-0.05698215961456299,False
img_0067.jpeg,vit,mobilenetv3,fgsm,1.0,0.06,False,0.05345970392227173,217,217,0.39378100633621216,0.5012272596359253,-0.10744625329971313,False
img_0068.jpeg,resnet50,mobilenetv3,fgsm,1.0,0.06,False,0.03746381402015686,856,856,0.37911665439605713,0.4009546637535095,-0.021838009357452393,False
img_0068.jpeg,resnet50,vit,fgsm,1.0,0.06,False,0.03746381402015686,569,569,0.8466658592224121,0.8673791885375977,-0.020713329315185547,False
img_0068.jpeg,mobilenetv3,resnet50,fgsm,1.0,0.06,False,0.011162817478179932,856,569,0.3599669635295868,0.2276858240365982,0.1322811394929886,True
img_0068.jpeg,mobilenetv3,vit,fgsm,1.0,0.06,False,0.011162817478179932,569,569,0.8466658592224121,0.8690878748893738,-0.02242201566696167,False
img_0068.jpeg,vit,resnet50,fgsm,1.0,0.06,False,0.017553091049194336,856,856,0.3599669635295868,0.32547903060913086,0.03448793292045593,False
img_0068.jpeg,vit,mobilenetv3,fgsm,1.0,0.06,False,0.017553091049194336,856,856,0.37911665439605713,0.3342949151992798,0.044821739196777344,False
img_0069.jpeg,resnet50,mobilenetv3,fgsm,1.0,0.06,True,0.03426755219697952,645,830,0.1669350266456604,0.16379983723163605,0.003135189414024353,True
img_0069.jpeg,resnet50,vit,fgsm,1.0,0.06,True,0.03426755219697952,701,701,0.4393456280231476,0.4700087606906891,-0.030663132667541504,False
img_0069.jpeg,mobilenetv3,resnet50,fgsm,1.0,0.06,False,-0.044865772128105164,830,645,0.1435173749923706,0.13459181785583496,0.008925557136535645,True
img_0069.jpeg,mobilenetv3,vit,fgsm,1.0,0.06,False,-0.044865772128105164,701,701,0.4393456280231476,0.4632728695869446,-0.023927241563796997,False
img_0069.jpeg,vit,resnet50,fgsm,1.0,0.06,False,0.16256070137023926,830,645,0.1435173749923706,0.13073326647281647,0.012784108519554138,True
img_0069.jpeg,vit,mobilenetv3,fgsm,1.0,0.06,False,0.16256070137023926,645,830,0.1669350266456604,0.14540037512779236,0.021534651517868042,True
img_0070.jpeg,resnet50,mobilenetv3,fgsm,1.0,0.06,False,0.09480506181716919,491,491,0.5140941739082336,0.2340347319841385,0.28005944192409515,False
img_0070.jpeg,resnet50,vit,fgsm,1.0,0.06,False,0.09480506181716919,491,491,0.9424271583557129,0.8887602686882019,0.053666889667510986,False
img_0070.jpeg,mobilenetv3,resnet50,fgsm,1.0,0.06,False,0.29095491766929626,491,491,0.3495003879070282,0.306581974029541,0.04291841387748718,False
img_0070.jpeg,mobilenetv3,vit,fgsm,1.0,0.06,False,0.29095491766929626,491,491,0.9424271583557129,0.8913544416427612,0.05107271671295166,False
img_0070.jpeg,vit,resnet50,fgsm,1.0,0.06,False,0.05016607046127319,491,491,0.3495003879070282,0.46279433369636536,-0.11329394578933716,False
img_0070.jpeg,vit,mobilenetv3,fgsm,1.0,0.06,False,0.05016607046127319,491,491,0.5140941739082336,0.39559218287467957,0.11850199103355408,False
img_0071.jpeg,resnet50,mobilenetv3,fgsm,1.0,0.06,False,0.014811590313911438,831,831,0.3337253928184509,0.30506306886672974,0.02866232395172119,False
img_0071.jpeg,resnet50,vit,fgsm,1.0,0.06,False,0.014811590313911438,831,831,0.5560789108276367,0.5689325332641602,-0.012853622436523438,False
img_0071.jpeg,mobilenetv3,resnet50,fgsm,1.0,0.06,False,-0.007253766059875488,566,566,0.21231940388679504,0.1843612790107727,0.02795812487602234,False
img_0071.jpeg,mobilenetv3,vit,fgsm,1.0,0.06,False,-0.007253766059875488,831,831,0.5560789108276367,0.5780099034309387,-0.021930992603302002,False
img_0071.jpeg,vit,resnet50,fgsm,1.0,0.06,False,0.013301730155944824,566,566,0.21231940388679504,0.2887929379940033,-0.07647353410720825,False
img_0071.jpeg,vit,mobilenetv3,fgsm,1.0,0.06,False,0.013301730155944824,831,831,0.3337253928184509,0.47158628702163696,-0.13786089420318604,False
img_0072.jpeg,resnet50,mobilenetv3,fgsm,1.0,0.06,False,0.014192730188369751,217,217,0.3143158555030823,0.3227282762527466,-0.008412420749664307,False
img_0072.jpeg,resnet50,vit,fgsm,1.0,0.06,False,0.014192730188369751,217,217,0.7604318857192993,0.7431252598762512,0.017306625843048096,False
img_0072.jpeg,mobilenetv3,resnet50,fgsm,1.0,0.06,False,-0.07554560899734497,217,217,0.2859746217727661,0.29767972230911255,-0.011705100536346436,False
img_0072.jpeg,mobilenetv3,vit,fgsm,1.0,0.06,False,-0.07554560899734497,217,217,0.7604318857192993,0.720389723777771,0.04004216194152832,False
img_0072.jpeg,vit,resnet50,fgsm,1.0,0.06,False,0.047155022621154785,217,217,0.2859746217727661,0.24527359008789062,0.04070103168487549,False
img_0072.jpeg,vit,mobilenetv3,fgsm,1.0,0.06,False,0.047155022621154785,217,217,0.3143158555030823,0.31362655758857727,0.0006892979145050049,False
img_0073.jpeg,resnet50,mobilenetv3,fgsm,1.0,0.06,False,-0.01930662989616394,0,0,0.9034243822097778,0.9028677344322205,0.000556647777557373,False
img_0073.jpeg,resnet50,vit,fgsm,1.0,0.06,False,-0.01930662989616394,0,0,0.8997332453727722,0.9017769694328308,-0.0020437240600585938,False
img_0073.jpeg,mobilenetv3,resnet50,fgsm,1.0,0.06,False,0.008675694465637207,0,0,0.4525326192378998,0.4884074032306671,-0.035874783992767334,False
img_0073.jpeg,mobilenetv3,vit,fgsm,1.0,0.06,False,0.008675694465637207,0,0,0.8997332453727722,0.889452338218689,0.010280907154083252,False
img_0073.jpeg,vit,resnet50,fgsm,1.0,0.06,False,0.01645529270172119,0,0,0.4525326192378998,0.47860175371170044,-0.02606913447380066,False
img_0073.jpeg,vit,mobilenetv3,fgsm,1.0,0.06,False,0.01645529270172119,0,0,0.9034243822097778,0.896801233291626,0.0066231489181518555,False
img_0074.jpeg,resnet50,mobilenetv3,fgsm,1.0,0.06,False,-0.007736504077911377,491,491,0.6688280701637268,0.5297920107841492,0.13903605937957764,False
img_0074.jpeg,resnet50,vit,fgsm,1.0,0.06,False,-0.007736504077911377,491,491,0.8806677460670471,0.8755196928977966,0.005148053169250488,False
img_0074.jpeg,mobilenetv3,resnet50,fgsm,1.0,0.06,False,0.23440083861351013,491,491,0.281386137008667,0.3055092394351959,-0.02412310242652893,False
img_0074.jpeg,mobilenetv3,vit,fgsm,1.0,0.06,False,0.23440083861351013,491,491,0.8806677460670471,0.8795264959335327,0.0011412501335144043,False
img_0074.jpeg,vit,resnet50,fgsm,1.0,0.06,False,0.006109297275543213,491,491,0.281386137008667,0.3109753429889679,-0.029589205980300903,False
img_0074.jpeg,vit,mobilenetv3,fgsm,1.0,0.06,False,0.006109297275543213,491,491,0.6688280701637268,0.3132402002811432,0.3555878698825836,False
img_0075.jpeg,resnet50,mobilenetv3,fgsm,1.0,0.06,False,0.019282549619674683,491,491,0.388253778219223,0.3137046992778778,0.07454907894134521,False
img_0075.jpeg,resnet50,vit,fgsm,1.0,0.06,False,0.019282549619674683,491,491,0.8907321691513062,0.8871265053749084,0.003605663776397705,False
img_0075.jpeg,mobilenetv3,resnet50,fgsm,1.0,0.06,False,-0.011775791645050049,491,491,0.3341771066188812,0.30035606026649475,0.033821046352386475,False
img_0075.jpeg,mobilenetv3,vit,fgsm,1.0,0.06,False,-0.011775791645050049,491,491,0.8907321691513062,0.8882001638412476,0.0025320053100585938,False
img_0075.jpeg,vit,resnet50,fgsm,1.0,0.06,False,0.005867600440979004,491,491,0.3341771066188812,0.29156655073165894,0.04261055588722229,False
img_0075.jpeg,vit,mobilenetv3,fgsm,1.0,0.06,False,0.005867600440979004,491,491,0.388253778219223,0.31545257568359375,0.07280120253562927,False
img_0076.jpeg,resnet50,mobilenetv3,fgsm,1.0,0.06,False,0.08745607733726501,574,574,0.8576608300209045,0.8814722299575806,-0.023811399936676025,False
img_0076.jpeg,resnet50,vit,fgsm,1.0,0.06,False,0.08745607733726501,574,574,0.8944455981254578,0.8747291564941406,0.01971644163131714,False
img_0076.jpeg,mobilenetv3,resnet50,fgsm,1.0,0.06,False,-0.011247992515563965,574,574,0.5120223164558411,0.4054125249385834,0.10660979151725769,False
img_0076.jpeg,mobilenetv3,vit,fgsm,1.0,0.06,False,-0.011247992515563965,574,574,0.8944455981254578,0.8774470686912537,0.0169985294342041,False
img_0076.jpeg,vit,resnet50,fgsm,1.0,0.06,False,0.023002684116363525,574,574,0.5120223164558411,0.40179306268692017,0.1102292537689209,False
img_0076.jpeg,vit,mobilenetv3,fgsm,1.0,0.06,False,0.023002684116363525,574,574,0.8576608300209045,0.8434596061706543,0.014201223850250244,False
img_0077.jpeg,resnet50,mobilenetv3,fgsm,1.0,0.06,False,0.017275720834732056,566,566,0.7014821171760559,0.7376577258110046,-0.03617560863494873,False
img_0077.jpeg,resnet50,vit,fgsm,1.0,0.06,False,0.017275720834732056,566,566,0.7739822268486023,0.8058487772941589,-0.03186655044555664,False
img_0077.jpeg,mobilenetv3,resnet50,fgsm,1.0,0.06,False,-0.016506195068359375,566,566,0.49674397706985474,0.4815130829811096,0.015230894088745117,False
img_0077.jpeg,mobilenetv3,vit,fgsm,1.0,0.06,False,-0.016506195068359375,566,566,0.7739822268486023,0.820198118686676,-0.04621589183807373,False
img_0077.jpeg,vit,resnet50,fgsm,1.0,0.06,False,-0.044012248516082764,566,566,0.49674397706985474,0.4996431767940521,-0.0028991997241973877,False
img_0077.jpeg,vit,mobilenetv3,fgsm,1.0,0.06,False,-0.044012248516082764,566,566,0.7014821171760559,0.7179620862007141,-0.016479969024658203,False
img_0078.jpeg,resnet50,mobilenetv3,fgsm,1.0,0.06,False,-0.01747944951057434,219,219,0.15175394713878632,0.2675817608833313,-0.11582781374454498,False
img_0078.jpeg,resnet50,vit,fgsm,1.0,0.06,False,-0.01747944951057434,217,217,0.4256356954574585,0.5093275904655457,-0.08369189500808716,False
img_0078.jpeg,mobilenetv3,resnet50,fgsm,1.0,0.06,False,-0.07610420882701874,217,217,0.2790396809577942,0.3562038540840149,-0.0771641731262207,False
img_0078.jpeg,mobilenetv3,vit,fgsm,1.0,0.06,False,-0.07610420882701874,217,217,0.4256356954574585,0.5460577011108398,-0.12042200565338135,False
img_0078.jpeg,vit,resnet50,fgsm,1.0,0.06,False,-0.07742565870285034,217,217,0.2790396809577942,0.333984375,-0.05494469404220581,False
img_0078.jpeg,vit,mobilenetv3,fgsm,1.0,0.06,False,-0.07742565870285034,219,219,0.15175394713878632,0.29113513231277466,-0.13938118517398834,False
img_0079.jpeg,resnet50,mobilenetv3,fgsm,1.0,0.06,False,0.010055184364318848,975,975,0.7183451652526855,0.6799486875534058,0.038396477699279785,False
img_0079.jpeg,resnet50,vit,fgsm,1.0,0.06,False,0.010055184364318848,975,975,0.6406916975975037,0.7066781520843506,-0.06598645448684692,False
img_0079.jpeg,mobilenetv3,resnet50,fgsm,1.0,0.06,False,0.038220107555389404,975,975,0.6860190629959106,0.6079666018486023,0.07805246114730835,False
img_0079.jpeg,mobilenetv3,vit,fgsm,1.0,0.06,False,0.038220107555389404,975,975,0.6406916975975037,0.6556451320648193,-0.014953434467315674,False
img_0079.jpeg,vit,resnet50,fgsm,1.0,0.06,False,0.12169498205184937,975,975,0.6860190629959106,0.6542069315910339,0.03181213140487671,False
img_0079.jpeg,vit,mobilenetv3,fgsm,1.0,0.06,False,0.12169498205184937,975,975,0.7183451652526855,0.6612122058868408,0.05713295936584473,False
img_0080.jpeg,resnet50,mobilenetv3,fgsm,1.0,0.06,False,-0.06382830440998077,210,217,0.21150286495685577,0.05539673939347267,0.1561061255633831,True
img_0080.jpeg,resnet50,vit,fgsm,1.0,0.06,False,-0.06382830440998077,217,217,0.5044769048690796,0.6683985590934753,-0.16392165422439575,False
img_0080.jpeg,mobilenetv3,resnet50,fgsm,1.0,0.06,True,0.15355657786130905,217,217,0.1430104672908783,0.16573841869831085,-0.022727951407432556,False
img_0080.jpeg,mobilenetv3,vit,fgsm,1.0,0.06,True,0.15355657786130905,217,217,0.5044769048690796,0.4336104094982147,0.07086649537086487,False
img_0080.jpeg,vit,resnet50,fgsm,1.0,0.06,False,0.003564119338989258,217,217,0.1430104672908783,0.18276409804821014,-0.03975363075733185,False
img_0080.jpeg,vit,mobilenetv3,fgsm,1.0,0.06,False,0.003564119338989258,210,210,0.21150286495685577,0.10809911042451859,0.10340375453233719,False
img_0081.jpeg,resnet50,mobilenetv3,fgsm,1.0,0.06,False,-0.0920003354549408,675,864,0.28420695662498474,0.15714627504348755,0.1270606815814972,True
img_0081.jpeg,resnet50,vit,fgsm,1.0,0.06,False,-0.0920003354549408,569,569,0.866450846195221,0.7940769195556641,0.07237392663955688,False
img_0081.jpeg,mobilenetv3,resnet50,fgsm,1.0,0.06,False,0.08736608922481537,569,569,0.22019466757774353,0.28265413641929626,-0.062459468841552734,False
img_0081.jpeg,mobilenetv3,vit,fgsm,1.0,0.06,False,0.08736608922481537,569,569,0.866450846195221,0.8217127323150635,0.04473811388015747,False
img_0081.jpeg,vit,resnet50,fgsm,1.0,0.06,False,0.03347080945968628,569,569,0.22019466757774353,0.28481441736221313,-0.0646197497844696,False
img_0081.jpeg,vit,mobilenetv3,fgsm,1.0,0.06,False,0.03347080945968628,675,864,0.28420695662498474,0.1530706286430359,0.13113632798194885,True
img_0082.jpeg,resnet50,mobilenetv3,fgsm,1.0,0.06,False,0.08964240550994873,663,663,0.836380660533905,0.783831000328064,0.052549660205841064,False
img_0082.jpeg,resnet50,vit,fgsm,1.0,0.06,False,0.08964240550994873,663,663,0.8983697891235352,0.8761452436447144,0.0222245454788208,False
img_0082.jpeg,mobilenetv3,resnet50,fgsm,1.0,0.06,False,0.016348958015441895,663,663,0.8338596224784851,0.745956301689148,0.08790332078933716,False
img_0082.jpeg,mobilenetv3,vit,fgsm,1.0,0.06,False,0.016348958015441895,663,663,0.8983697891235352,0.8910155892372131,0.0073541998863220215,False
img_0082.jpeg,vit,resnet50,fgsm,1.0,0.06,False,0.03342437744140625,663,663,0.8338596224784851,0.7750948071479797,0.05876481533050537,False
img_0082.jpeg,vit,mobilenetv3,fgsm,1.0,0.06,False,0.03342437744140625,663,663,0.836380660533905,0.8531538844108582,-0.016773223876953125,False
img_0083.jpeg,resnet50,mobilenetv3,fgsm,1.0,0.06,False,0.05077928304672241,571,571,0.4460533559322357,0.41531360149383545,0.03073975443840027,False
img_0083.jpeg,resnet50,vit,fgsm,1.0,0.06,False,0.05077928304672241,571,571,0.9116513133049011,0.8995499014854431,0.012101411819458008,False
img_0083.jpeg,mobilenetv3,resnet50,fgsm,1.0,0.06,False,0.06608915328979492,571,571,0.7096572518348694,0.6775000691413879,0.032157182693481445,False
img_0083.jpeg,mobilenetv3,vit,fgsm,1.0,0.06,False,0.06608915328979492,571,571,0.9116513133049011,0.9066662788391113,0.004985034465789795,False
img_0083.jpeg,vit,resnet50,fgsm,1.0,0.06,False,0.011386692523956299,571,571,0.7096572518348694,0.6240442395210266,0.08561301231384277,False
img_0083.jpeg,vit,mobilenetv3,fgsm,1.0,0.06,False,0.011386692523956299,571,571,0.4460533559322357,0.3190666437149048,0.12698671221733093,False
img_0084.jpeg,resnet50,mobilenetv3,fgsm,1.0,0.06,False,0.04213874042034149,848,754,0.23758265376091003,0.1815441995859146,0.05603845417499542,True
img_0084.jpeg,resnet50,vit,fgsm,1.0,0.06,False,0.04213874042034149,848,848,0.4639655351638794,0.49394047260284424,-0.029974937438964844,False
img_0084.jpeg,mobilenetv3,resnet50,fgsm,1.0,0.06,False,0.0053974539041519165,482,848,0.22042445838451385,0.1725401133298874,0.047884345054626465,True
img_0084.jpeg,mobilenetv3,vit,fgsm,1.0,0.06,False,0.0053974539041519165,848,848,0.4639655351638794,0.5290645956993103,-0.06509906053543091,False
img_0084.jpeg,vit,resnet50,fgsm,1.0,0.06,False,-0.08265966176986694,482,848,0.22042445838451385,0.1650013029575348,0.055423155426979065,True
img_0084.jpeg,vit,mobilenetv3,fgsm,1.0,0.06,False,-0.08265966176986694,848,848,0.23758265376091003,0.28935423493385315,-0.051771581172943115,False
img_0085.jpeg,resnet50,mobilenetv3,fgsm,1.0,0.06,False,0.013650208711624146,569,569,0.53898686170578,0.5542738437652588,-0.01528698205947876,False
img_0085.jpeg,resnet50,vit,fgsm,1.0,0.06,False,0.013650208711624146,569,569,0.8676722645759583,0.8521860241889954,0.01548624038696289,False
img_0085.jpeg,mobilenetv3,resnet50,fgsm,1.0,0.06,False,0.04916831851005554,569,569,0.380109578371048,0.40969693660736084,-0.029587358236312866,False
img_0085.jpeg,mobilenetv3,vit,fgsm,1.0,0.06,False,0.04916831851005554,569,569,0.8676722645759583,0.8504977226257324,0.01717454195022583,False
img_0085.jpeg,vit,resnet50,fgsm,1.0,0.06,False,0.01984250545501709,569,569,0.380109578371048,0.3648265302181244,0.015283048152923584,False
img_0085.jpeg,vit,mobilenetv3,fgsm,1.0,0.06,False,0.01984250545501709,569,569,0.53898686170578,0.5632811188697815,-0.024294257164001465,False
img_0086.jpeg,resnet50,mobilenetv3,fgsm,1.0,0.06,False,0.05067571997642517,482,482,0.5646077394485474,0.34677639603614807,0.2178313434123993,False
img_0086.jpeg,resnet50,vit,fgsm,1.0,0.06,False,0.05067571997642517,482,482,0.785555362701416,0.7387573719024658,0.046797990798950195,False
img_0086.jpeg,mobilenetv3,resnet50,fgsm,1.0,0.06,False,0.13508176803588867,482,482,0.34287402033805847,0.3029968738555908,0.03987714648246765,False
img_0086.jpeg,mobilenetv3,vit,fgsm,1.0,0.06,False,0.13508176803588867,482,482,0.785555362701416,0.7198007106781006,0.06575465202331543,False
img_0086.jpeg,vit,resnet50,fgsm,1.0,0.06,False,0.08807617425918579,482,482,0.34287402033805847,0.34821248054504395,-0.005338460206985474,False
img_0086.jpeg,vit,mobilenetv3,fgsm,1.0,0.06,False,0.08807617425918579,482,482,0.5646077394485474,0.5417106747627258,0.022897064685821533,False
img_0087.jpeg,resnet50,mobilenetv3,fgsm,1.0,0.06,False,-0.029196858406066895,867,867,0.16434432566165924,0.1768893003463745,-0.012544974684715271,False
img_0087.jpeg,resnet50,vit,fgsm,1.0,0.06,False,-0.029196858406066895,569,569,0.7015817761421204,0.6429398059844971,0.05864197015762329,False
img_0087.jpeg,mobilenetv3,resnet50,fgsm,1.0,0.06,False,0.006869569420814514,569,569,0.2786150276660919,0.30977967381477356,-0.03116464614868164,False
img_0087.jpeg,mobilenetv3,vit,fgsm,1.0,0.06,False,0.006869569420814514,569,569,0.7015817761421204,0.6963722109794617,0.005209565162658691,False
img_0087.jpeg,vit,resnet50,fgsm,1.0,0.06,False,0.08464550971984863,569,569,0.2786150276660919,0.3764946162700653,-0.09787958860397339,False
img_0087.jpeg,vit,mobilenetv3,fgsm,1.0,0.06,False,0.08464550971984863,867,867,0.16434432566165924,0.19848349690437317,-0.03413917124271393,False
img_0088.jpeg,resnet50,mobilenetv3,fgsm,1.0,0.06,False,0.012286841869354248,569,569,0.7193496823310852,0.8802777528762817,-0.16092807054519653,False
img_0088.jpeg,resnet50,vit,fgsm,1.0,0.06,False,0.012286841869354248,569,569,0.8778806924819946,0.8692565560340881,0.008624136447906494,False
img_0088.jpeg,mobilenetv3,resnet50,fgsm,1.0,0.06,False,-0.08491253852844238,569,569,0.8473368883132935,0.8805638551712036,-0.033226966857910156,False
img_0088.jpeg,mobilenetv3,vit,fgsm,1.0,0.06,False,-0.08491253852844238,569,569,0.8778806924819946,0.8588727116584778,0.019007980823516846,False
img_0088.jpeg,vit,resnet50,fgsm,1.0,0.06,False,-0.0012492537498474121,569,569,0.8473368883132935,0.8956201076507568,-0.04828321933746338,False
img_0088.jpeg,vit,mobilenetv3,fgsm,1.0,0.06,False,-0.0012492537498474121,569,569,0.7193496823310852,0.811301589012146,-0.09195190668106079,False
img_0089.jpeg,resnet50,mobilenetv3,fgsm,1.0,0.06,False,-0.010768234729766846,788,788,0.18682309985160828,0.22077441215515137,-0.03395131230354309,False
img_0089.jpeg,resnet50,vit,fgsm,1.0,0.06,False,-0.010768234729766846,491,491,0.8598267436027527,0.80832839012146,0.051498353481292725,False
img_0089.jpeg,mobilenetv3,resnet50,fgsm,1.0,0.06,True,0.033847346901893616,491,491,0.5429296493530273,0.4386720359325409,0.10425761342048645,False
img_0089.jpeg,mobilenetv3,vit,fgsm,1.0,0.06,True,0.033847346901893616,491,491,0.8598267436027527,0.8625010251998901,-0.002674281597137451,False
img_0089.jpeg,vit,resnet50,fgsm,1.0,0.06,False,0.23148822784423828,491,491,0.5429296493530273,0.5122668743133545,0.03066277503967285,False
img_0089.jpeg,vit,mobilenetv3,fgsm,1.0,0.06,False,0.23148822784423828,788,788,0.18682309985160828,0.2389620542526245,-0.052138954401016235,False
img_0090.jpeg,resnet50,mobilenetv3,fgsm,1.0,0.06,False,0.008087158203125,491,491,0.997132420539856,0.9915282726287842,0.005604147911071777,False
img_0090.jpeg,resnet50,vit,fgsm,1.0,0.06,False,0.008087158203125,491,491,0.844460666179657,0.8416827321052551,0.0027779340744018555,False
img_0090.jpeg,mobilenetv3,resnet50,fgsm,1.0,0.06,False,0.008010327816009521,491,491,0.3301887512207031,0.32752737402915955,0.002661377191543579,False
img_0090.jpeg,mobilenetv3,vit,fgsm,1.0,0.06,False,0.008010327816009521,491,491,0.844460666179657,0.8395786285400391,0.00488203763961792,False
img_0090.jpeg,vit,resnet50,fgsm,1.0,0.06,False,0.02638697624206543,491,491,0.3301887512207031,0.37333738803863525,-0.04314863681793213,False
img_0090.jpeg,vit,mobilenetv3,fgsm,1.0,0.06,False,0.02638697624206543,491,491,0.997132420539856,0.9917043447494507,0.0054280757904052734,False
img_0091.jpeg,resnet50,mobilenetv3,fgsm,1.0,0.06,False,0.021496862173080444,884,884,0.49343451857566833,0.48363620042800903,0.009798318147659302,False
img_0091.jpeg,resnet50,vit,fgsm,1.0,0.06,False,0.021496862173080444,884,884,0.33808958530426025,0.35068899393081665,-0.012599408626556396,False
img_0091.jpeg,mobilenetv3,resnet50,fgsm,1.0,0.06,False,0.0004394948482513428,884,884,0.3499283194541931,0.38073551654815674,-0.030807197093963623,False
img_0091.jpeg,mobilenetv3,vit,fgsm,1.0,0.06,False,0.0004394948482513428,884,884,0.33808958530426025,0.3059799373149872,0.03210964798927307,False
img_0091.jpeg,vit,resnet50,fgsm,1.0,0.06,False,0.03331899642944336,884,884,0.3499283194541931,0.35614052414894104,-0.006212204694747925,False
img_0091.jpeg,vit,mobilenetv3,fgsm,1.0,0.06,False,0.03331899642944336,884,884,0.49343451857566833,0.5380397439002991,-0.04460522532463074,False
img_0092.jpeg,resnet50,mobilenetv3,fgsm,1.0,0.06,True,-0.004271127283573151,556,706,0.0951794758439064,0.05233476683497429,0.042844709008932114,True
img_0092.jpeg,resnet50,vit,fgsm,1.0,0.06,True,-0.004271127283573151,566,706,0.12148738652467728,0.06874538213014603,0.05274200439453125,True
img_0092.jpeg,mobilenetv3,resnet50,fgsm,1.0,0.06,True,0.05878681689500809,513,513,0.1091705784201622,0.19902727007865906,-0.08985669165849686,False
img_0092.jpeg,mobilenetv3,vit,fgsm,1.0,0.06,True,0.05878681689500809,566,776,0.12148738652467728,0.06824318319559097,0.053244203329086304,True
img_0092.jpeg,vit,resnet50,fgsm,1.0,0.06,True,-0.012500278651714325,513,513,0.1091705784201622,0.21155685186386108,-0.10238627344369888,False
img_0092.jpeg,vit,mobilenetv3,fgsm,1.0,0.06,True,-0.012500278651714325,556,566,0.0951794758439064,0.024431822821497917,0.07074765302240849,True
img_0093.jpeg,resnet50,mobilenetv3,fgsm,1.0,0.06,False,0.038238734006881714,442,497,0.3131323456764221,0.2460816353559494,0.06705071032047272,True
img_0093.jpeg,resnet50,vit,fgsm,1.0,0.06,False,0.038238734006881714,442,442,0.7368203401565552,0.7305558323860168,0.00626450777053833,False
img_0093.jpeg,mobilenetv3,resnet50,fgsm,1.0,0.06,True,0.10069805383682251,442,442,0.24025805294513702,0.22134284675121307,0.01891520619392395,False
img_0093.jpeg,mobilenetv3,vit,fgsm,1.0,0.06,True,0.10069805383682251,442,442,0.7368203401565552,0.7248551845550537,0.011965155601501465,False
img_0093.jpeg,vit,resnet50,fgsm,1.0,0.06,False,0.06817418336868286,442,442,0.24025805294513702,0.27362775802612305,-0.03336970508098602,False
img_0093.jpeg,vit,mobilenetv3,fgsm,1.0,0.06,False,0.06817418336868286,442,497,0.3131323456764221,0.2787569463253021,0.034375399351119995,True
img_0094.jpeg,resnet50,mobilenetv3,fgsm,1.0,0.06,False,0.07711276412010193,830,830,0.2863796055316925,0.21214509010314941,0.07423451542854309,False
img_0094.jpeg,resnet50,vit,fgsm,1.0,0.06,False,0.07711276412010193,491,491,0.8708569407463074,0.8154023885726929,0.0554545521736145,False
img_0094.jpeg,mobilenetv3,resnet50,fgsm,1.0,0.06,False,0.06384515762329102,491,491,0.3599146008491516,0.16087773442268372,0.1990368664264679,False
img_0094.jpeg,mobilenetv3,vit,fgsm,1.0,0.06,False,0.06384515762329102,491,491,0.8708569407463074,0.8098317384719849,0.06102520227432251,False
img_0094.jpeg,vit,resnet50,fgsm,1.0,0.06,False,0.17024654150009155,491,491,0.3599146008491516,0.27214083075523376,0.08777377009391785,False
img_0094.jpeg,vit,mobilenetv3,fgsm,1.0,0.06,False,0.17024654150009155,830,830,0.2863796055316925,0.3369904160499573,-0.05061081051826477,False
img_0095.jpeg,resnet50,mobilenetv3,fgsm,1.0,0.06,False,-0.018909335136413574,217,217,0.30368494987487793,0.36098700761795044,-0.05730205774307251,False
img_0095.jpeg,resnet50,vit,fgsm,1.0,0.06,False,-0.018909335136413574,217,217,0.35946235060691833,0.4067995548248291,-0.04733720421791077,False
img_0095.jpeg,mobilenetv3,resnet50,fgsm,1.0,0.06,False,0.014963090419769287,217,217,0.19804629683494568,0.1948011815547943,0.003245115280151367,False
img_0095.jpeg,mobilenetv3,vit,fgsm,1.0,0.06,False,0.014963090419769287,217,217,0.35946235060691833,0.36081790924072266,-0.0013555586338043213,False
img_0095.jpeg,vit,resnet50,fgsm,1.0,0.06,False,0.0210588276386261,217,217,0.19804629683494568,0.2506966292858124,-0.0526503324508667,False
img_0095.jpeg,vit,mobilenetv3,fgsm,1.0,0.06,False,0.0210588276386261,217,217,0.30368494987487793,0.32252445816993713,-0.018839508295059204,False
img_0096.jpeg,resnet50,mobilenetv3,fgsm,1.0,0.06,True,0.001156441867351532,250,232,0.22922472655773163,0.1296834498643875,0.09954127669334412,True
img_0096.jpeg,resnet50,vit,fgsm,1.0,0.06,True,0.001156441867351532,220,246,0.08199284970760345,0.04256035387516022,0.03943249583244324,True
img_0096.jpeg,mobilenetv3,resnet50,fgsm,1.0,0.06,False,0.03202228248119354,217,250,0.0501767136156559,0.0383540503680706,0.011822663247585297,True
img_0096.jpeg,mobilenetv3,vit,fgsm,1.0,0.06,False,0.03202228248119354,220,246,0.08199284970760345,0.02860049344599247,0.053392356261610985,True
img_0096.jpeg,vit,resnet50,fgsm,1.0,0.06,True,0.03171425312757492,217,232,0.0501767136156559,0.04602374881505966,0.004152964800596237,True
img_0096.jpeg,vit,mobilenetv3,fgsm,1.0,0.06,True,0.03171425312757492,250,250,0.22922472655773163,0.15120339393615723,0.0780213326215744,False
img_0097.jpeg,resnet50,mobilenetv3,fgsm,1.0,0.06,False,0.05798168480396271,482,482,0.2660926878452301,0.21797983348369598,0.04811285436153412,False
img_0097.jpeg,resnet50,vit,fgsm,1.0,0.06,False,0.05798168480396271,481,482,0.4283587336540222,0.31691864132881165,0.11144009232521057,True
img_0097.jpeg,mobilenetv3,resnet50,fgsm,1.0,0.06,False,0.05162148177623749,481,481,0.22901350259780884,0.19600501656532288,0.03300848603248596,False
img_0097.jpeg,mobilenetv3,vit,fgsm,1.0,0.06,False,0.05162148177623749,481,481,0.4283587336540222,0.3571852445602417,0.07117348909378052,False
img_0097.jpeg,vit,resnet50,fgsm,1.0,0.06,True,0.14520582556724548,481,481,0.22901350259780884,0.17164063453674316,0.057372868061065674,False
img_0097.jpeg,vit,mobilenetv3,fgsm,1.0,0.06,True,0.14520582556724548,482,482,0.2660926878452301,0.1931990683078766,0.07289361953735352,False
img_0098.jpeg,resnet50,mobilenetv3,fgsm,1.0,0.06,False,0.10985592007637024,482,482,0.5069661140441895,0.4335726201534271,0.07339349389076233,False
img_0098.jpeg,resnet50,vit,fgsm,1.0,0.06,False,0.10985592007637024,482,482,0.4799274504184723,0.41457298398017883,0.06535446643829346,False
img_0098.jpeg,mobilenetv3,resnet50,fgsm,1.0,0.06,False,0.08683320879936218,482,482,0.5796576738357544,0.5016030669212341,0.07805460691452026,False
img_0098.jpeg,mobilenetv3,vit,fgsm,1.0,0.06,False,0.08683320879936218,482,848,0.4799274504184723,0.396925151348114,0.08300229907035828,True
img_0098.jpeg,vit,resnet50,fgsm,1.0,0.06,True,0.08489248156547546,482,482,0.5796576738357544,0.48105499148368835,0.09860268235206604,False
img_0098.jpeg,vit,mobilenetv3,fgsm,1.0,0.06,True,0.08489248156547546,482,482,0.5069661140441895,0.48269444704055786,0.024271667003631592,False
img_0099.jpeg,resnet50,mobilenetv3,fgsm,1.0,0.06,False,0.04194360971450806,701,701,0.30247417092323303,0.24080289900302887,0.06167127192020416,False
img_0099.jpeg,resnet50,vit,fgsm,1.0,0.06,False,0.04194360971450806,701,701,0.8492836356163025,0.7911058068275452,0.058177828788757324,False
img_0099.jpeg,mobilenetv3,resnet50,fgsm,1.0,0.06,False,-0.04670560359954834,701,701,0.310623437166214,0.23934845626354218,0.07127498090267181,False
img_0099.jpeg,mobilenetv3,vit,fgsm,1.0,0.06,False,-0.04670560359954834,701,701,0.8492836356163025,0.7964829206466675,0.05280071496963501,False
img_0099.jpeg,vit,resnet50,fgsm,1.0,0.06,False,0.035723865032196045,701,701,0.310623437166214,0.34972962737083435,-0.03910619020462036,False
img_0099.jpeg,vit,mobilenetv3,fgsm,1.0,0.06,False,0.035723865032196045,701,701,0.30247417092323303,0.347969651222229,-0.04549548029899597,False
img_0100.jpeg,resnet50,mobilenetv3,fgsm,1.0,0.06,False,0.018338456749916077,569,569,0.3093532919883728,0.46961796283721924,-0.16026467084884644,False
img_0100.jpeg,resnet50,vit,fgsm,1.0,0.06,False,0.018338456749916077,569,569,0.8651171326637268,0.8650155067443848,0.00010162591934204102,False
img_0100.jpeg,mobilenetv3,resnet50,fgsm,1.0,0.06,False,-0.0554986298084259,569,569,0.21473328769207,0.2607073187828064,-0.04597403109073639,False
img_0100.jpeg,mobilenetv3,vit,fgsm,1.0,0.06,False,-0.0554986298084259,569,569,0.8651171326637268,0.8403365015983582,0.024780631065368652,False
img_0100.jpeg,vit,resnet50,fgsm,1.0,0.06,False,0.027530372142791748,569,569,0.21473328769207,0.21389234066009521,0.0008409470319747925,False
img_0100.jpeg,vit,mobilenetv3,fgsm,1.0,0.06,False,0.027530372142791748,569,569,0.3093532919883728,0.19049081206321716,0.11886247992515564,False
img_0101.jpeg,resnet50,mobilenetv3,fgsm,1.0,0.06,False,-0.11679975688457489,854,497,0.13576866686344147,0.07006128132343292,0.06570738554000854,True
img_0101.jpeg,resnet50,vit,fgsm,1.0,0.06,False,-0.11679975688457489,497,497,0.5238613486289978,0.5968345403671265,-0.07297319173812866,False
img_0101.jpeg,mobilenetv3,resnet50,fgsm,1.0,0.06,True,0.0541265606880188,497,497,0.23529736697673798,0.34772130846977234,-0.11242394149303436,False
img_0101.jpeg,mobilenetv3,vit,fgsm,1.0,0.06,True,0.0541265606880188,497,497,0.5238613486289978,0.6103960871696472,-0.08653473854064941,False
img_0101.jpeg,vit,resnet50,fgsm,1.0,0.06,False,-0.021241307258605957,497,497,0.23529736697673798,0.2687075436115265,-0.03341017663478851,False
img_0101.jpeg,vit,mobilenetv3,fgsm,1.0,0.06,False,-0.021241307258605957,854,854,0.13576866686344147,0.10799103230237961,0.02777763456106186,False
img_0102.jpeg,resnet50,mobilenetv3,fgsm,1.0,0.06,False,0.03396238386631012,482,482,0.4421634376049042,0.26407530903816223,0.17808812856674194,False
img_0102.jpeg,resnet50,vit,fgsm,1.0,0.06,False,0.03396238386631012,482,482,0.4168458580970764,0.4035135507583618,0.0133323073387146,False
img_0102.jpeg,mobilenetv3,resnet50,fgsm,1.0,0.06,False,0.08378896117210388,482,481,0.199977308511734,0.14054831862449646,0.05942898988723755,True
img_0102.jpeg,mobilenetv3,vit,fgsm,1.0,0.06,False,0.08378896117210388,482,482,0.4168458580970764,0.3884064257144928,0.028439432382583618,False
img_0102.jpeg,vit,resnet50,fgsm,1.0,0.06,True,0.037778764963150024,482,481,0.199977308511734,0.12503871321678162,0.07493859529495239,True
img_0102.jpeg,vit,mobilenetv3,fgsm,1.0,0.06,True,0.037778764963150024,482,482,0.4421634376049042,0.33954256772994995,0.10262086987495422,False
img_0103.jpeg,resnet50,mobilenetv3,fgsm,1.0,0.06,False,0.009335309267044067,574,574,0.8523484468460083,0.7772372961044312,0.07511115074157715,False
img_0103.jpeg,resnet50,vit,fgsm,1.0,0.06,False,0.009335309267044067,574,574,0.8698153495788574,0.8705326914787292,-0.0007173418998718262,False
img_0103.jpeg,mobilenetv3,resnet50,fgsm,1.0,0.06,False,0.08312571048736572,574,574,0.4028090238571167,0.49145832657814026,-0.08864930272102356,False
img_0103.jpeg,mobilenetv3,vit,fgsm,1.0,0.06,False,0.08312571048736572,574,574,0.8698153495788574,0.8734109997749329,-0.0035956501960754395,False
img_0103.jpeg,vit,resnet50,fgsm,1.0,0.06,False,-0.0055217742919921875,574,574,0.4028090238571167,0.4603675305843353,-0.05755850672721863,False
img_0103.jpeg,vit,mobilenetv3,fgsm,1.0,0.06,False,-0.0055217742919921875,574,574,0.8523484468460083,0.8438990712165833,0.008449375629425049,False
img_0104.jpeg,resnet50,mobilenetv3,fgsm,1.0,0.06,False,-0.19611665606498718,660,660,0.29550519585609436,0.34202906489372253,-0.046523869037628174,False
img_0104.jpeg,resnet50,vit,fgsm,1.0,0.06,False,-0.19611665606498718,569,569,0.8008581399917603,0.8151642084121704,-0.014306068420410156,False
img_0104.jpeg,mobilenetv3,resnet50,fgsm,1.0,0.06,False,-0.02642086148262024,569,569,0.24394547939300537,0.34045660495758057,-0.0965111255645752,False
img_0104.jpeg,mobilenetv3,vit,fgsm,1.0,0.06,False,-0.02642086148262024,569,569,0.8008581399917603,0.7966325879096985,0.004225552082061768,False
img_0104.jpeg,vit,resnet50,fgsm,1.0,0.06,False,0.21966934204101562,569,569,0.24394547939300537,0.3600173890590668,-0.1160719096660614,False
img_0104.jpeg,vit,mobilenetv3,fgsm,1.0,0.06,False,0.21966934204101562,660,660,0.29550519585609436,0.2804260551929474,0.015079140663146973,False
img_0105.jpeg,resnet50,mobilenetv3,fgsm,1.0,0.06,False,0.0009664595127105713,663,663,0.5143888592720032,0.31109896302223206,0.20328989624977112,False
img_0105.jpeg,resnet50,vit,fgsm,1.0,0.06,False,0.0009664595127105713,663,663,0.4875614643096924,0.5491630434989929,-0.06160157918930054,False
img_0105.jpeg,mobilenetv3,resnet50,fgsm,1.0,0.06,False,0.07913723587989807,663,663,0.403265118598938,0.34641432762145996,0.05685079097747803,False
img_0105.jpeg,mobilenetv3,vit,fgsm,1.0,0.06,False,0.07913723587989807,663,663,0.4875614643096924,0.5238111615180969,-0.03624969720840454,False
img_0105.jpeg,vit,resnet50,fgsm,1.0,0.06,False,0.016868889331817627,663,663,0.403265118598938,0.3513863682746887,0.05187875032424927,False
img_0105.jpeg,vit,mobilenetv3,fgsm,1.0,0.06,False,0.016868889331817627,663,663,0.5143888592720032,0.3847213685512543,0.1296674907207489,False
img_0106.jpeg,resnet50,mobilenetv3,fgsm,1.0,0.06,False,0.06186401844024658,485,848,0.3588832914829254,0.22581160068511963,0.1330716907978058,True
img_0106.jpeg,resnet50,vit,fgsm,1.0,0.06,False,0.06186401844024658,848,848,0.5049523711204529,0.47944435477256775,0.025508016347885132,False
img_0106.jpeg,mobilenetv3,resnet50,fgsm,1.0,0.06,True,0.19523659348487854,848,848,0.32227879762649536,0.30275532603263855,0.01952347159385681,False
img_0106.jpeg,mobilenetv3,vit,fgsm,1.0,0.06,True,0.19523659348487854,848,848,0.5049523711204529,0.5285201668739319,-0.023567795753479004,False
img_0106.jpeg,vit,resnet50,fgsm,1.0,0.06,False,-0.012905001640319824,848,848,0.32227879762649536,0.26527345180511475,0.057005345821380615,False
img_0106.jpeg,vit,mobilenetv3,fgsm,1.0,0.06,False,-0.012905001640319824,485,482,0.3588832914829254,0.17056478559970856,0.18831850588321686,True
img_0107.jpeg,resnet50,mobilenetv3,fgsm,1.0,0.06,False,-0.08751288056373596,538,538,0.6072506904602051,0.6455376148223877,-0.03828692436218262,False
img_0107.jpeg,resnet50,vit,fgsm,1.0,0.06,False,-0.08751288056373596,538,538,0.8160160779953003,0.8158114552497864,0.00020462274551391602,False
img_0107.jpeg,mobilenetv3,resnet50,fgsm,1.0,0.06,False,-0.018052756786346436,538,538,0.14747998118400574,0.1953703612089157,-0.04789038002490997,False
img_0107.jpeg,mobilenetv3,vit,fgsm,1.0,0.06,False,-0.018052756786346436,538,538,0.8160160779953003,0.7987608313560486,0.01725524663925171,False
img_0107.jpeg,vit,resnet50,fgsm,1.0,0.06,False,0.0041312575340271,538,538,0.14747998118400574,0.18166372179985046,-0.03418374061584473,False
img_0107.jpeg,vit,mobilenetv3,fgsm,1.0,0.06,False,0.0041312575340271,538,538,0.6072506904602051,0.6582584977149963,-0.05100780725479126,False
img_0108.jpeg,resnet50,mobilenetv3,fgsm,1.0,0.06,False,0.035899817943573,701,701,0.7494907975196838,0.7589371204376221,-0.009446322917938232,False
img_0108.jpeg,resnet50,vit,fgsm,1.0,0.06,False,0.035899817943573,701,701,0.8672848343849182,0.8421578407287598,0.025126993656158447,False
img_0108.jpeg,mobilenetv3,resnet50,fgsm,1.0,0.06,False,0.044443726539611816,701,701,0.4155251979827881,0.3730361759662628,0.04248902201652527,False
img_0108.jpeg,mobilenetv3,vit,fgsm,1.0,0.06,False,0.044443726539611816,701,701,0.8672848343849182,0.8372167348861694,0.03006809949874878,False
img_0108.jpeg,vit,resnet50,fgsm,1.0,0.06,False,0.021962404251098633,701,701,0.4155251979827881,0.37321287393569946,0.04231232404708862,False
img_0108.jpeg,vit,mobilenetv3,fgsm,1.0,0.06,False,0.021962404251098633,701,701,0.7494907975196838,0.7359025478363037,0.013588249683380127,False
img_0109.jpeg,resnet50,mobilenetv3,fgsm,1.0,0.06,False,-0.04073992371559143,491,491,0.7859315872192383,0.7940327525138855,-0.008101165294647217,False
img_0109.jpeg,resnet50,vit,fgsm,1.0,0.06,False,-0.04073992371559143,491,491,0.8845152258872986,0.8777647614479065,0.00675046443939209,False
img_0109.jpeg,mobilenetv3,resnet50,fgsm,1.0,0.06,False,0.04624462127685547,491,491,0.22693827748298645,0.24969248473644257,-0.022754207253456116,False
img_0109.jpeg,mobilenetv3,vit,fgsm,1.0,0.06,False,0.04624462127685547,491,491,0.8845152258872986,0.8821524977684021,0.0023627281188964844,False
img_0109.jpeg,vit,resnet50,fgsm,1.0,0.06,False,-0.006292283535003662,491,491,0.22693827748298645,0.2335582971572876,-0.0066200196743011475,False
img_0109.jpeg,vit,mobilenetv3,fgsm,1.0,0.06,False,-0.006292283535003662,491,491,0.7859315872192383,0.6720975637435913,0.11383402347564697,False
img_0110.jpeg,resnet50,mobilenetv3,fgsm,1.0,0.06,True,0.02138523757457733,663,663,0.5058053731918335,0.32604971528053284,0.17975565791130066,False
img_0110.jpeg,resnet50,vit,fgsm,1.0,0.06,True,0.02138523757457733,663,497,0.3132990002632141,0.25156721472740173,0.06173178553581238,True
img_0110.jpeg,mobilenetv3,resnet50,fgsm,1.0,0.06,False,0.14925238490104675,663,663,0.11004052311182022,0.09524773061275482,0.0147927924990654,False
img_0110.jpeg,mobilenetv3,vit,fgsm,1.0,0.06,False,0.14925238490104675,663,663,0.3132990002632141,0.28483352065086365,0.028465479612350464,False
img_0110.jpeg,vit,resnet50,fgsm,1.0,0.06,True,0.16008183360099792,663,663,0.11004052311182022,0.12690679728984833,-0.016866274178028107,False
img_0110.jpeg,vit,mobilenetv3,fgsm,1.0,0.06,True,0.16008183360099792,663,663,0.5058053731918335,0.5120730400085449,-0.006267666816711426,False
img_0111.jpeg,resnet50,mobilenetv3,fgsm,1.0,0.06,False,-0.02188810706138611,566,566,0.6769750118255615,0.6891923546791077,-0.012217342853546143,False
img_0111.jpeg,resnet50,vit,fgsm,1.0,0.06,False,-0.02188810706138611,566,566,0.861963152885437,0.8463930487632751,0.015570104122161865,False
img_0111.jpeg,mobilenetv3,resnet50,fgsm,1.0,0.06,False,0.006668567657470703,566,566,0.4182988703250885,0.3970290422439575,0.02126982808113098,False
img_0111.jpeg,mobilenetv3,vit,fgsm,1.0,0.06,False,0.006668567657470703,566,566,0.861963152885437,0.8464029431343079,0.01556020975112915,False
img_0111.jpeg,vit,resnet50,fgsm,1.0,0.06,False,0.04216963052749634,566,566,0.4182988703250885,0.4389844238758087,-0.020685553550720215,False
img_0111.jpeg,vit,mobilenetv3,fgsm,1.0,0.06,False,0.04216963052749634,566,566,0.6769750118255615,0.7082204222679138,-0.031245410442352295,False
img_0112.jpeg,resnet50,mobilenetv3,fgsm,1.0,0.06,False,0.046533748507499695,571,571,0.534027636051178,0.5352152585983276,-0.0011876225471496582,False
img_0112.jpeg,resnet50,vit,fgsm,1.0,0.06,False,0.046533748507499695,571,571,0.894558310508728,0.8803648352622986,0.014193475246429443,False
img_0112.jpeg,mobilenetv3,resnet50,fgsm,1.0,0.06,False,0.07159450650215149,571,571,0.2866145372390747,0.24648365378379822,0.04013088345527649,False
img_0112.jpeg,mobilenetv3,vit,fgsm,1.0,0.06,False,0.07159450650215149,571,571,0.894558310508728,0.8553740382194519,0.03918427228927612,False
img_0112.jpeg,vit,resnet50,fgsm,1.0,0.06,False,0.00904625654220581,571,571,0.2866145372390747,0.2584094703197479,0.028205066919326782,False
img_0112.jpeg,vit,mobilenetv3,fgsm,1.0,0.06,False,0.00904625654220581,571,571,0.534027636051178,0.5442597270011902,-0.010232090950012207,False
img_0113.jpeg,resnet50,mobilenetv3,fgsm,1.0,0.06,False,0.014562249183654785,574,574,0.7373715043067932,0.6856679320335388,0.051703572273254395,False
img_0113.jpeg,resnet50,vit,fgsm,1.0,0.06,False,0.014562249183654785,574,574,0.8616189360618591,0.8565489649772644,0.0050699710845947266,False
img_0113.jpeg,mobilenetv3,resnet50,fgsm,1.0,0.06,False,0.07995432615280151,574,574,0.380764365196228,0.39792120456695557,-0.01715683937072754,False
img_0113.jpeg,mobilenetv3,vit,fgsm,1.0,0.06,False,0.07995432615280151,574,574,0.8616189360618591,0.8551760315895081,0.006442904472351074,False
img_0113.jpeg,vit,resnet50,fgsm,1.0,0.06,False,-0.0013554096221923828,574,574,0.380764365196228,0.3511141836643219,0.029650181531906128,False
img_0113.jpeg,vit,mobilenetv3,fgsm,1.0,0.06,False,-0.0013554096221923828,574,574,0.7373715043067932,0.760146975517273,-0.022775471210479736,False
img_0114.jpeg,resnet50,mobilenetv3,fgsm,1.0,0.06,False,0.022296130657196045,0,0,0.8740694522857666,0.873586118221283,0.0004833340644836426,False
img_0114.jpeg,resnet50,vit,fgsm,1.0,0.06,False,0.022296130657196045,0,0,0.8963245153427124,0.8753970861434937,0.02092742919921875,False
img_0114.jpeg,mobilenetv3,resnet50,fgsm,1.0,0.06,False,0.0085066556930542,0,0,0.45004281401634216,0.45625317096710205,-0.006210356950759888,False
img_0114.jpeg,mobilenetv3,vit,fgsm,1.0,0.06,False,0.0085066556930542,0,0,0.8963245153427124,0.8667351603507996,0.029589354991912842,False
img_0114.jpeg,vit,resnet50,fgsm,1.0,0.06,False,0.02625340223312378,0,0,0.45004281401634216,0.4374437630176544,0.012599050998687744,False
img_0114.jpeg,vit,mobilenetv3,fgsm,1.0,0.06,False,0.02625340223312378,0,0,0.8740694522857666,0.8897667527198792,-0.01569730043411255,False
img_0115.jpeg,resnet50,mobilenetv3,fgsm,1.0,0.06,False,-0.024900153279304504,796,796,0.18881835043430328,0.12469711154699326,0.06412123888731003,False
img_0115.jpeg,resnet50,vit,fgsm,1.0,0.06,False,-0.024900153279304504,491,491,0.8915119767189026,0.9174244403839111,-0.025912463665008545,False
img_0115.jpeg,mobilenetv3,resnet50,fgsm,1.0,0.06,False,0.09520680457353592,491,491,0.18739348649978638,0.25239789485931396,-0.06500440835952759,False
img_0115.jpeg,mobilenetv3,vit,fgsm,1.0,0.06,False,0.09520680457353592,491,491,0.8915119767189026,0.9320579171180725,-0.04054594039916992,False
img_0115.jpeg,vit,resnet50,fgsm,1.0,0.06,False,-0.021015703678131104,491,491,0.18739348649978638,0.19035941362380981,-0.0029659271240234375,False
img_0115.jpeg,vit,mobilenetv3,fgsm,1.0,0.06,False,-0.021015703678131104,796,796,0.18881835043430328,0.12039511650800705,0.06842323392629623,False
img_0116.jpeg,resnet50,mobilenetv3,fgsm,1.0,0.06,False,0.08030611276626587,0,0,0.7406238317489624,0.6518288254737854,0.088795006275177,False
img_0116.jpeg,resnet50,vit,fgsm,1.0,0.06,False,0.08030611276626587,0,0,0.9109207391738892,0.8907246589660645,0.020196080207824707,False
img_0116.jpeg,mobilenetv3,resnet50,fgsm,1.0,0.06,False,0.1580560803413391,0,0,0.4237285256385803,0.3812186121940613,0.04250991344451904,False
img_0116.jpeg,mobilenetv3,vit,fgsm,1.0,0.06,False,0.1580560803413391,0,0,0.9109207391738892,0.8732156157493591,0.03770512342453003,False
img_0116.jpeg,vit,resnet50,fgsm,1.0,0.06,False,0.041221559047698975,0,0,0.4237285256385803,0.24450530111789703,0.1792232245206833,False
img_0116.jpeg,vit,mobilenetv3,fgsm,1.0,0.06,False,0.041221559047698975,0,0,0.7406238317489624,0.5605825185775757,0.18004131317138672,False
img_0117.jpeg,resnet50,mobilenetv3,fgsm,1.0,0.06,False,-0.09513920545578003,701,701,0.6397388577461243,0.8297232389450073,-0.18998438119888306,False
img_0117.jpeg,resnet50,vit,fgsm,1.0,0.06,False,-0.09513920545578003,701,701,0.9089864492416382,0.8718974590301514,0.037088990211486816,False
img_0117.jpeg,mobilenetv3,resnet50,fgsm,1.0,0.06,False,-0.08912628889083862,701,701,0.5474511384963989,0.5984481573104858,-0.050997018814086914,False
img_0117.jpeg,mobilenetv3,vit,fgsm,1.0,0.06,False,-0.08912628889083862,701,701,0.9089864492416382,0.8756046891212463,0.033381760120391846,False
img_0117.jpeg,vit,resnet50,fgsm,1.0,0.06,False,0.028981268405914307,701,701,0.5474511384963989,0.656606912612915,-0.10915577411651611,False
img_0117.jpeg,vit,mobilenetv3,fgsm,1.0,0.06,False,0.028981268405914307,701,701,0.6397388577461243,0.661108136177063,-0.02136927843093872,False
img_0118.jpeg,resnet50,mobilenetv3,fgsm,1.0,0.06,True,0.13716069236397743,566,827,0.08985751867294312,0.04945513233542442,0.04040238633751869,True
img_0118.jpeg,resnet50,vit,fgsm,1.0,0.06,True,0.13716069236397743,566,566,0.8824599981307983,0.866590678691864,0.015869319438934326,False
img_0118.jpeg,mobilenetv3,resnet50,fgsm,1.0,0.06,False,0.018506646156311035,566,513,0.16758309304714203,0.052914656698703766,0.11466843634843826,True
img_0118.jpeg,mobilenetv3,vit,fgsm,1.0,0.06,False,0.018506646156311035,566,566,0.8824599981307983,0.8819414973258972,0.000518500804901123,False
img_0118.jpeg,vit,resnet50,fgsm,1.0,0.06,False,0.02050226926803589,566,513,0.16758309304714203,0.07320986688137054,0.09437322616577148,True
img_0118.jpeg,vit,mobilenetv3,fgsm,1.0,0.06,False,0.02050226926803589,566,560,0.08985751867294312,0.039008475840091705,0.05084904283285141,True
img_0119.jpeg,resnet50,mobilenetv3,fgsm,1.0,0.06,False,-0.012162450700998306,690,690,0.20062001049518585,0.18915694952011108,0.011463060975074768,False
img_0119.jpeg,resnet50,vit,fgsm,1.0,0.06,False,-0.012162450700998306,690,690,0.5780043601989746,0.52289879322052,0.05510556697845459,False
img_0119.jpeg,mobilenetv3,resnet50,fgsm,1.0,0.06,False,0.011732026934623718,803,803,0.04601017385721207,0.056402537971735,-0.010392364114522934,False
img_0119.jpeg,mobilenetv3,vit,fgsm,1.0,0.06,False,0.011732026934623718,690,690,0.5780043601989746,0.6165809035301208,-0.03857654333114624,False
img_0119.jpeg,vit,resnet50,fgsm,1.0,0.06,False,0.09958440065383911,803,690,0.04601017385721207,0.04262761399149895,0.0033825598657131195,True
img_0119.jpeg,vit,mobilenetv3,fgsm,1.0,0.06,False,0.09958440065383911,690,690,0.20062001049518585,0.19915904104709625,0.0014609694480895996,False
